row_id,age,job,marital,education,balance,housing,loan,contact,month,campaign,pdays,previous,poutcome,y,y_binary,PreviouslyContacted,HasAnyLoan,BalanceGroup,y_true,y_pred,subscription_probability
0,40,blue-collar,married,primary,640,yes,yes,unknown,may,2,-1,0,unknown,no,0,0,1,Low,0,0,0.017508188
1,44,technician,married,secondary,378,yes,no,unknown,may,2,-1,0,unknown,no,0,0,1,Low,0,0,0.038484864
2,31,services,married,secondary,356,yes,no,unknown,jun,5,-1,0,unknown,no,0,0,1,Low,0,0,0.04647862
3,36,blue-collar,married,primary,655,yes,no,unknown,may,4,-1,0,unknown,no,0,0,1,Low,0,0,0.04179218
4,34,services,single,secondary,1921,yes,no,cellular,feb,1,-1,0,unknown,no,0,0,1,Medium,0,0,0.12994513
5,41,management,single,secondary,1138,no,no,cellular,jul,18,-1,0,unknown,no,0,0,0,Medium,0,0,0.015938079
6,43,entrepreneur,married,tertiary,2589,no,no,unknown,jun,3,-1,0,unknown,no,0,0,0,Medium,0,0,0.03411041
7,64,retired,divorced,primary,109,no,no,cellular,jun,1,225,2,success,yes,1,1,0,Low,1,1,0.86708397
8,35,admin.,divorced,secondary,1803,no,no,cellular,jan,2,-1,0,unknown,no,0,0,0,Medium,0,0,0.1736205
9,44,services,divorced,tertiary,2279,no,yes,cellular,nov,1,146,1,failure,no,0,1,1,Medium,0,0,0.02839794
10,45,unemployed,married,primary,180,yes,yes,unknown,may,2,-1,0,unknown,no,0,0,1,Low,0,0,0.010242848
11,37,services,single,secondary,62,yes,no,cellular,jan,2,268,2,failure,no,0,1,1,Low,0,0,0.00998252
12,35,self-employed,married,secondary,598,yes,no,cellular,apr,1,-1,0,unknown,no,0,0,1,Low,0,0,0.059230573
13,58,blue-collar,married,primary,5279,yes,no,unknown,jun,6,-1,0,unknown,no,0,0,1,High,0,0,0.010793352
14,42,services,single,secondary,2348,yes,no,cellular,may,2,-1,0,unknown,no,0,0,1,Medium,0,0,0.12415083
15,34,management,married,tertiary,813,yes,no,cellular,may,3,-1,0,unknown,no,0,0,1,Low,0,0,0.06497224
16,35,blue-collar,single,primary,1215,yes,no,unknown,may,1,-1,0,unknown,no,0,0,1,Medium,0,0,0.08265595
17,50,management,married,tertiary,719,no,yes,cellular,nov,6,-1,0,unknown,no,0,0,1,Low,0,0,0.024284806
18,31,blue-collar,single,unknown,6281,no,no,cellular,oct,1,128,3,other,yes,1,1,0,High,1,0,0.47527567
19,43,blue-collar,married,primary,-476,yes,no,unknown,may,1,-1,0,unknown,no,0,0,1,Negative,0,0,0.012877664
20,41,management,married,tertiary,23,no,no,cellular,aug,2,-1,0,unknown,no,0,0,0,Low,0,0,0.038042523
21,25,blue-collar,single,secondary,-375,yes,no,cellular,jul,2,-1,0,unknown,no,0,0,1,Negative,0,0,0.06166978
22,50,retired,married,secondary,1227,no,no,cellular,jan,2,-1,0,unknown,no,0,0,0,Medium,0,0,0.10104357
23,33,self-employed,married,secondary,0,no,no,cellular,aug,7,-1,0,unknown,no,0,0,0,Negative,0,0,0.046959817
24,41,blue-collar,married,secondary,1384,yes,no,cellular,apr,4,340,4,success,no,0,1,1,Medium,0,0,0.22969207
25,32,blue-collar,married,secondary,1331,yes,no,unknown,may,2,-1,0,unknown,no,0,0,1,Medium,0,0,0.036639772
26,42,self-employed,married,tertiary,10072,no,no,cellular,apr,1,-1,0,unknown,no,0,0,0,High,0,0,0.41479638
27,56,management,married,primary,-346,no,yes,cellular,nov,1,-1,0,unknown,no,0,0,1,Negative,0,0,0.019458316
28,35,technician,divorced,secondary,0,yes,no,cellular,nov,1,-1,0,unknown,no,0,0,1,Negative,0,0,0.07274401
29,57,technician,divorced,secondary,164,no,no,unknown,jun,2,-1,0,unknown,no,0,0,0,Low,0,0,0.0841192
30,26,admin.,single,tertiary,3730,yes,no,cellular,mar,1,98,4,other,no,0,1,1,Medium,0,0,0.23517577
31,44,self-employed,married,secondary,264,yes,no,unknown,may,2,-1,0,unknown,no,0,0,1,Low,0,0,0.017857827
32,30,blue-collar,single,secondary,609,yes,no,unknown,may,1,-1,0,unknown,no,0,0,1,Low,0,0,0.07491175
33,31,entrepreneur,single,tertiary,1957,no,no,cellular,feb,3,-1,0,unknown,no,0,0,0,Medium,0,0,0.10398972
34,56,blue-collar,married,primary,309,yes,no,cellular,may,2,367,4,failure,no,0,1,1,Low,0,0,0.033318628
35,33,admin.,divorced,secondary,140,yes,no,unknown,may,1,-1,0,unknown,no,0,0,1,Low,0,0,0.038889725
36,42,management,married,tertiary,1205,no,no,telephone,mar,1,188,2,success,no,0,1,0,Medium,0,1,0.6891595
37,36,technician,married,secondary,72,yes,no,cellular,nov,3,-1,0,unknown,no,0,0,1,Low,0,0,0.06026374
38,61,retired,married,secondary,89,no,no,cellular,jan,2,92,3,failure,no,0,1,0,Low,0,0,0.08307072
39,39,admin.,married,tertiary,1322,yes,no,cellular,sep,3,486,1,other,no,0,1,1,Medium,0,0,0.45940477
40,45,blue-collar,married,primary,300,yes,no,cellular,jan,1,261,3,failure,no,0,1,1,Low,0,0,0.006382678
41,52,management,single,tertiary,556,no,no,cellular,aug,6,-1,0,unknown,no,0,0,0,Low,0,0,0.14431922
42,57,services,divorced,primary,362,no,no,cellular,jan,1,231,1,failure,no,0,1,0,Low,0,0,0.022942323
43,49,blue-collar,married,primary,1387,yes,yes,unknown,may,2,-1,0,unknown,no,0,0,1,Medium,0,0,0.02099252
44,54,admin.,married,secondary,3136,yes,no,telephone,nov,1,-1,0,unknown,no,0,0,1,Medium,0,0,0.05288301
45,48,blue-collar,married,primary,160,yes,no,unknown,jun,3,-1,0,unknown,no,0,0,1,Low,0,0,0.046977855
46,42,student,married,unknown,2374,no,no,unknown,jun,2,-1,0,unknown,no,0,0,0,Medium,0,0,0.014080596
47,49,management,married,secondary,99,yes,no,cellular,may,2,343,1,failure,yes,1,1,1,Low,1,0,0.017845854
48,31,admin.,single,secondary,554,yes,no,cellular,may,3,103,2,failure,no,0,1,1,Low,0,0,0.2469313
49,45,admin.,married,secondary,-405,no,no,cellular,jul,3,-1,0,unknown,no,0,0,0,Negative,0,0,0.017435906
50,58,retired,married,secondary,3382,no,yes,cellular,may,2,309,2,failure,no,0,1,1,Medium,0,0,0.20883264
51,42,unemployed,single,primary,8037,no,no,cellular,jun,2,-1,0,unknown,no,0,0,0,High,0,0,0.2535884
52,51,management,married,tertiary,1355,yes,no,unknown,jun,1,-1,0,unknown,no,0,0,1,Medium,0,0,0.028675467
53,36,technician,married,secondary,0,yes,no,cellular,apr,3,335,2,other,no,0,1,1,Negative,0,0,0.057356264
54,47,management,divorced,tertiary,34,yes,no,unknown,may,1,-1,0,unknown,no,0,0,1,Low,0,0,0.011098799
55,36,blue-collar,single,unknown,2054,no,no,unknown,jun,1,-1,0,unknown,no,0,0,0,Medium,0,0,0.05421604
56,46,technician,married,tertiary,0,yes,no,cellular,jan,1,-1,0,unknown,no,0,0,1,Negative,0,0,0.03448392
57,44,technician,married,secondary,265,yes,no,unknown,may,2,-1,0,unknown,no,0,0,1,Low,0,0,0.021464713
58,52,admin.,married,secondary,190,no,no,cellular,aug,3,-1,0,unknown,no,0,0,0,Low,0,0,0.018918768
59,42,management,married,tertiary,0,yes,no,cellular,may,1,360,1,failure,no,0,1,1,Negative,0,0,0.01819448
60,58,technician,married,secondary,0,yes,no,cellular,jul,1,-1,0,unknown,no,0,0,1,Negative,0,0,0.046534095
61,57,retired,married,primary,243,no,no,cellular,aug,4,-1,0,unknown,no,0,0,0,Low,0,0,0.044984527
62,51,management,married,tertiary,469,no,no,cellular,apr,1,181,2,success,yes,1,1,0,Low,1,1,0.853591
63,33,blue-collar,married,secondary,263,yes,no,unknown,may,3,-1,0,unknown,no,0,0,1,Low,0,0,0.048947766
64,60,admin.,married,secondary,12210,yes,no,unknown,may,1,-1,0,unknown,no,0,0,1,High,0,0,0.044004627
65,31,management,single,tertiary,816,yes,no,cellular,may,1,40,1,failure,no,0,1,1,Low,0,0,0.06231241
66,53,management,divorced,secondary,2215,yes,yes,cellular,jul,14,-1,0,unknown,no,0,0,1,Medium,0,0,0.010721215
67,44,management,married,tertiary,170,no,no,cellular,jun,1,-1,0,unknown,no,0,0,0,Low,0,0,0.4084771
68,45,admin.,married,secondary,129,yes,no,cellular,sep,2,191,1,failure,no,0,1,1,Low,0,0,0.24795936
69,32,management,single,tertiary,473,yes,no,cellular,may,2,361,1,other,no,0,1,1,Low,0,0,0.04244477
70,28,admin.,single,secondary,6100,no,no,unknown,dec,1,-1,0,unknown,no,0,0,0,High,0,0,0.01848022
71,25,blue-collar,single,primary,116,yes,no,unknown,jun,4,-1,0,unknown,no,0,0,1,Low,0,0,0.27600244
72,32,technician,married,secondary,782,yes,no,unknown,may,4,-1,0,unknown,no,0,0,1,Low,0,0,0.05209876
73,32,entrepreneur,married,secondary,0,yes,no,cellular,jul,2,-1,0,unknown,no,0,0,1,Negative,0,0,0.039568342
74,59,unemployed,married,primary,46,no,no,telephone,jul,2,-1,0,unknown,no,0,0,0,Low,0,0,0.013256118
75,35,services,single,secondary,1701,yes,no,cellular,jun,1,67,3,other,no,0,1,1,Medium,0,0,0.44095638
76,34,management,single,tertiary,2561,no,no,cellular,dec,1,-1,0,unknown,no,0,0,0,Medium,0,0,0.12582931
77,31,technician,divorced,tertiary,0,no,no,cellular,aug,2,-1,0,unknown,no,0,0,0,Negative,0,0,0.08407872
78,48,self-employed,divorced,secondary,7,no,no,unknown,jun,2,-1,0,unknown,no,0,0,0,Low,0,0,0.036275018
79,53,technician,married,unknown,9252,no,no,cellular,nov,1,-1,0,unknown,no,0,0,0,High,0,0,0.08526654
80,36,management,single,tertiary,808,no,no,unknown,may,1,-1,0,unknown,no,0,0,0,Low,0,0,0.05162843
81,51,admin.,single,tertiary,394,no,no,telephone,jan,2,-1,0,unknown,yes,1,0,0,Low,1,0,0.01681673
82,28,blue-collar,married,primary,702,yes,no,unknown,jun,2,-1,0,unknown,no,0,0,1,Low,0,0,0.23193109
83,51,technician,single,secondary,527,yes,no,cellular,jan,1,2,3,other,no,0,1,1,Low,0,0,0.039603665
84,45,management,married,secondary,21,yes,no,unknown,jun,2,-1,0,unknown,no,0,0,1,Low,0,0,0.013413738
85,56,housemaid,married,primary,2666,yes,yes,cellular,jan,2,-1,0,unknown,no,0,0,1,Medium,0,0,0.026841572
86,28,admin.,single,tertiary,1773,yes,no,cellular,jul,1,-1,0,unknown,no,0,0,1,Medium,0,0,0.11715802
87,56,admin.,single,secondary,1854,yes,no,telephone,may,1,342,2,failure,no,0,1,1,Medium,0,0,0.059344184
88,33,blue-collar,single,primary,1390,yes,no,unknown,may,1,-1,0,unknown,no,0,0,1,Medium,0,0,0.05939702
89,31,services,married,unknown,-82,yes,no,cellular,jul,31,-1,0,unknown,no,0,0,1,Negative,0,0,0.00279532
90,46,unknown,married,unknown,677,no,no,unknown,nov,1,-1,0,unknown,no,0,0,0,Low,0,0,0.22616982
91,70,management,married,secondary,4,no,no,cellular,feb,5,125,4,failure,no,0,1,0,Low,0,0,0.31948373
92,42,unemployed,married,secondary,1289,no,no,cellular,oct,3,92,6,success,yes,1,1,0,Medium,1,1,0.76176286
93,46,services,married,secondary,244,no,no,cellular,aug,2,-1,0,unknown,no,0,0,0,Low,0,0,0.070771284
94,37,technician,married,secondary,177,yes,no,cellular,jul,3,-1,0,unknown,no,0,0,1,Low,0,0,0.066652335
95,66,self-employed,married,tertiary,147,no,no,telephone,jan,1,-1,0,unknown,yes,1,0,0,Low,1,0,0.062651165
96,56,management,married,primary,870,no,no,cellular,may,1,179,1,success,yes,1,1,0,Low,1,1,0.67798364
97,40,services,married,secondary,471,yes,no,cellular,jul,4,-1,0,unknown,yes,1,0,1,Low,1,0,0.096995816
98,36,admin.,single,secondary,135,no,no,unknown,jun,1,-1,0,unknown,no,0,0,0,Low,0,0,0.048349857
99,26,student,single,secondary,334,no,no,telephone,feb,1,-1,0,unknown,no,0,0,0,Low,0,0,0.03445652
100,50,blue-collar,married,secondary,562,yes,no,cellular,apr,2,-1,0,unknown,no,0,0,1,Low,0,0,0.054534774
101,45,management,married,tertiary,10,no,no,cellular,aug,7,-1,0,unknown,no,0,0,0,Low,0,0,0.043317627
102,30,blue-collar,single,secondary,79,no,no,unknown,may,3,-1,0,unknown,no,0,0,0,Low,0,0,0.040719718
103,35,blue-collar,married,secondary,-701,yes,yes,cellular,may,3,-1,0,unknown,no,0,0,1,Negative,0,0,0.057056796
104,38,technician,single,secondary,145,yes,no,unknown,may,2,-1,0,unknown,no,0,0,1,Low,0,0,0.036746968
105,29,entrepreneur,single,tertiary,135,yes,no,cellular,may,1,356,1,failure,no,0,1,1,Low,0,0,0.02236167
106,51,blue-collar,married,primary,1016,yes,no,cellular,apr,1,-1,0,unknown,no,0,0,1,Medium,0,0,0.06911407
107,33,unemployed,single,unknown,170,yes,no,unknown,jun,1,-1,0,unknown,no,0,0,1,Low,0,0,0.11730179
108,46,management,married,tertiary,1906,no,no,cellular,aug,6,-1,0,unknown,no,0,0,0,Medium,0,0,0.061954364
109,37,management,married,tertiary,3770,yes,no,cellular,nov,1,110,4,failure,no,0,1,1,Medium,0,0,0.012845123
110,59,retired,married,secondary,1341,no,no,cellular,aug,2,97,1,other,no,0,1,0,Medium,0,0,0.16519865
111,32,blue-collar,married,primary,642,no,yes,cellular,jul,1,-1,0,unknown,no,0,0,1,Low,0,0,0.082963556
112,30,blue-collar,single,secondary,447,no,no,unknown,may,6,-1,0,unknown,no,0,0,0,Low,0,0,0.05465988
113,30,entrepreneur,married,tertiary,23,yes,yes,cellular,nov,1,-1,0,unknown,no,0,0,1,Low,0,0,0.052623995
114,37,management,married,secondary,857,yes,no,cellular,jan,1,-1,0,unknown,no,0,0,1,Low,0,0,0.05778621
115,35,management,married,tertiary,1432,yes,no,cellular,may,3,-1,0,unknown,no,0,0,1,Medium,0,0,0.122693464
116,30,entrepreneur,married,tertiary,-130,yes,yes,unknown,jul,2,-1,0,unknown,no,0,0,1,Negative,0,0,0.019256733
117,32,management,married,tertiary,2737,yes,yes,cellular,nov,4,182,1,failure,no,0,1,1,Medium,0,0,0.03642754
118,57,admin.,married,tertiary,9311,no,no,unknown,jun,3,-1,0,unknown,no,0,0,0,High,0,0,0.056927674
119,36,entrepreneur,married,tertiary,247,no,no,cellular,apr,1,-1,0,unknown,no,0,0,0,Low,0,0,0.41458938
120,35,management,married,tertiary,1725,yes,yes,cellular,apr,2,254,7,failure,no,0,1,1,Medium,0,0,0.059378877
121,31,technician,married,tertiary,3338,yes,no,cellular,sep,2,95,4,failure,no,0,1,1,Medium,0,0,0.35506937
122,32,admin.,married,secondary,2555,yes,no,cellular,nov,1,-1,0,unknown,no,0,0,1,Medium,0,0,0.09161849
123,47,self-employed,married,tertiary,0,no,no,telephone,nov,1,-1,0,unknown,no,0,0,0,Negative,0,0,0.048726995
124,54,blue-collar,married,secondary,1487,yes,no,unknown,may,16,-1,0,unknown,no,0,0,1,Medium,0,0,0.014563206
125,33,blue-collar,married,primary,2,yes,yes,cellular,jul,1,-1,0,unknown,no,0,0,1,Low,0,0,0.054973226
126,53,management,married,secondary,0,yes,yes,cellular,jul,1,-1,0,unknown,no,0,0,1,Negative,0,0,0.03467656
127,37,entrepreneur,married,tertiary,227,yes,no,cellular,jul,1,-1,0,unknown,no,0,0,1,Low,0,0,0.0427515
128,47,technician,divorced,secondary,-105,no,no,telephone,aug,2,-1,0,unknown,no,0,0,0,Negative,0,0,0.0057202224
129,52,admin.,married,secondary,4493,no,no,cellular,nov,3,-1,0,unknown,no,0,0,0,Medium,0,0,0.17743827
130,33,technician,single,tertiary,2164,yes,no,cellular,may,11,-1,0,unknown,no,0,0,1,Medium,0,0,0.07360443
131,30,blue-collar,married,secondary,-2,yes,no,unknown,may,2,-1,0,unknown,no,0,0,1,Negative,0,0,0.032113902
132,42,admin.,married,secondary,-1386,yes,yes,cellular,jul,4,-1,0,unknown,no,0,0,1,Negative,0,0,0.0031348583
133,40,services,married,secondary,9374,yes,no,cellular,nov,8,185,1,failure,no,0,1,1,High,0,0,0.021161163
134,29,unemployed,married,secondary,-25,yes,no,cellular,jul,1,-1,0,unknown,no,0,0,1,Negative,0,0,0.04613898
135,33,admin.,married,secondary,616,no,no,unknown,sep,1,-1,0,unknown,no,0,0,0,Low,0,0,0.033697918
136,52,housemaid,divorced,primary,1697,no,no,unknown,jun,1,-1,0,unknown,no,0,0,0,Medium,0,0,0.04043971
137,53,admin.,married,secondary,459,no,no,cellular,apr,1,-1,0,unknown,yes,1,0,0,Low,1,0,0.46538606
138,61,admin.,married,unknown,4629,yes,no,cellular,jan,1,92,1,success,yes,1,1,1,Medium,1,1,0.95522726
139,33,management,married,secondary,3132,yes,no,unknown,may,5,-1,0,unknown,no,0,0,1,Medium,0,0,0.024647845
140,24,management,single,tertiary,1030,no,no,cellular,mar,2,-1,0,unknown,yes,1,0,0,Medium,1,1,0.5337853
141,33,management,married,tertiary,1163,yes,no,cellular,jul,1,-1,0,unknown,no,0,0,1,Medium,0,0,0.047839183
142,35,housemaid,married,tertiary,11219,no,no,cellular,aug,2,79,1,failure,no,0,1,0,High,0,0,0.12036502
143,55,management,married,tertiary,0,no,yes,telephone,aug,11,-1,0,unknown,no,0,0,1,Negative,0,0,0.02014554
144,52,services,divorced,secondary,43,yes,yes,cellular,may,2,-1,0,unknown,no,0,0,1,Low,0,0,0.08853694
145,62,management,married,tertiary,0,no,no,cellular,sep,1,-1,0,unknown,yes,1,0,0,Negative,1,0,0.3048563
146,28,blue-collar,single,secondary,-127,yes,no,cellular,jul,3,-1,0,unknown,yes,1,0,1,Negative,1,0,0.09080408
147,63,retired,married,secondary,1612,no,no,telephone,feb,2,-1,0,unknown,yes,1,0,0,Medium,1,1,0.5987144
148,48,blue-collar,married,primary,783,no,yes,cellular,aug,2,-1,0,unknown,no,0,0,1,Low,0,0,0.09616766
149,53,technician,divorced,secondary,1950,no,no,cellular,aug,1,-1,0,unknown,no,0,0,0,Medium,0,0,0.21016832
150,35,unknown,married,primary,634,no,no,cellular,jul,2,-1,0,unknown,no,0,0,0,Low,0,0,0.05302925
151,50,unemployed,single,secondary,2668,no,no,telephone,nov,1,-1,0,unknown,no,0,0,0,Medium,0,0,0.0872229
152,58,retired,married,secondary,1463,yes,no,unknown,jun,1,-1,0,unknown,no,0,0,1,Medium,0,0,0.040857583
153,34,technician,married,secondary,-228,yes,no,cellular,apr,3,332,3,other,no,0,1,1,Negative,0,0,0.033437613
154,40,technician,married,secondary,42,no,no,cellular,aug,2,-1,0,unknown,yes,1,0,0,Low,1,0,0.05985166
155,60,retired,married,primary,97,no,no,cellular,aug,4,-1,0,unknown,no,0,0,0,Low,0,0,0.094865054
156,31,technician,single,tertiary,387,no,no,cellular,aug,1,-1,0,unknown,no,0,0,0,Low,0,0,0.153115
157,44,housemaid,married,primary,0,no,no,cellular,aug,5,-1,0,unknown,no,0,0,0,Negative,0,0,0.016435638
158,34,unemployed,single,tertiary,1974,no,no,cellular,jul,1,342,3,success,yes,1,1,0,Medium,1,1,0.86579055
159,38,management,single,tertiary,11971,yes,no,unknown,nov,2,101,3,failure,no,0,1,1,High,0,0,0.013035291
160,26,technician,married,secondary,915,no,no,cellular,jun,1,-1,0,unknown,yes,1,0,0,Low,1,0,0.404528
161,58,management,single,tertiary,1387,yes,no,telephone,feb,6,6,6,other,no,0,1,1,Medium,0,0,0.019549217
162,23,technician,single,secondary,632,yes,no,cellular,may,1,-1,0,unknown,no,0,0,1,Low,0,0,0.11876378
163,32,admin.,married,secondary,389,yes,no,cellular,jul,3,233,3,failure,no,0,1,1,Low,0,0,0.15728433
164,59,services,married,secondary,33,yes,no,cellular,may,1,-1,0,unknown,no,0,0,1,Low,0,0,0.060084023
165,31,services,single,secondary,442,yes,no,cellular,jan,3,258,3,failure,no,0,1,1,Low,0,0,0.010312207
166,45,admin.,single,secondary,-11,yes,no,cellular,may,1,-1,0,unknown,no,0,0,1,Negative,0,0,0.07686711
167,31,blue-collar,single,tertiary,462,yes,yes,unknown,may,1,-1,0,unknown,no,0,0,1,Low,0,0,0.080004334
168,50,blue-collar,married,primary,226,yes,no,cellular,may,1,330,5,failure,no,0,1,1,Low,0,0,0.048042987
169,44,management,divorced,tertiary,0,no,no,cellular,aug,1,-1,0,unknown,no,0,0,0,Negative,0,0,0.13006666
170,38,management,married,tertiary,14190,yes,no,cellular,jul,3,-1,0,unknown,no,0,0,1,High,0,0,0.029575752
171,42,entrepreneur,married,secondary,-480,yes,yes,unknown,jun,6,-1,0,unknown,no,0,0,1,Negative,0,0,0.12064959
172,52,technician,married,secondary,221,yes,no,cellular,may,2,363,3,failure,no,0,1,1,Low,0,0,0.01613939
173,43,blue-collar,married,secondary,667,yes,no,unknown,may,3,-1,0,unknown,no,0,0,1,Low,0,0,0.02844405
174,50,unemployed,divorced,unknown,1088,no,no,cellular,feb,1,-1,0,unknown,yes,1,0,0,Medium,1,0,0.13769725
175,32,management,single,tertiary,229,yes,no,cellular,may,1,-1,0,unknown,no,0,0,1,Low,0,0,0.10586318
176,60,entrepreneur,married,secondary,480,no,yes,telephone,jul,6,-1,0,unknown,no,0,0,1,Low,0,0,0.021301229
177,33,technician,single,tertiary,0,no,no,cellular,aug,2,-1,0,unknown,no,0,0,0,Negative,0,0,0.034433093
178,48,technician,single,secondary,469,no,yes,cellular,jul,1,-1,0,unknown,no,0,0,1,Low,0,0,0.1179006
179,36,technician,single,tertiary,705,yes,no,unknown,may,1,-1,0,unknown,no,0,0,1,Low,0,0,0.05762191
180,28,blue-collar,married,secondary,916,yes,no,unknown,may,1,-1,0,unknown,no,0,0,1,Low,0,0,0.020938762
181,40,unemployed,married,secondary,219,yes,no,unknown,may,1,-1,0,unknown,no,0,0,1,Low,0,0,0.013429853
182,59,management,married,tertiary,3640,no,no,cellular,nov,2,-1,0,unknown,no,0,0,0,Medium,0,0,0.20062193
183,34,management,married,tertiary,775,yes,no,cellular,jul,2,-1,0,unknown,no,0,0,1,Low,0,0,0.041444663
184,54,services,married,secondary,2061,yes,no,telephone,jul,7,-1,0,unknown,no,0,0,1,Medium,0,0,0.020427061
185,33,admin.,married,secondary,-675,yes,no,unknown,may,2,-1,0,unknown,no,0,0,1,Negative,0,0,0.014357111
186,46,technician,divorced,secondary,454,no,no,unknown,jun,2,-1,0,unknown,no,0,0,0,Low,0,0,0.044682853
187,34,blue-collar,married,secondary,262,no,no,cellular,sep,2,106,1,success,yes,1,1,0,Low,1,1,0.7390323
188,34,technician,married,secondary,0,yes,no,cellular,aug,2,2,3,success,yes,1,1,1,Negative,1,0,0.16760696
189,36,services,single,secondary,174,yes,no,unknown,may,2,-1,0,unknown,no,0,0,1,Low,0,0,0.010127835
190,59,technician,married,secondary,7766,yes,no,cellular,feb,1,461,1,failure,yes,1,1,1,High,1,1,0.61042845
191,33,blue-collar,married,secondary,745,yes,no,unknown,may,4,-1,0,unknown,no,0,0,1,Low,0,0,0.046168987
192,46,blue-collar,married,primary,-287,yes,no,unknown,may,3,-1,0,unknown,no,0,0,1,Negative,0,0,0.0036509705
193,27,student,single,unknown,910,yes,yes,unknown,may,1,-1,0,unknown,no,0,0,1,Low,0,0,0.019145794
194,50,management,married,tertiary,1396,no,no,cellular,aug,6,-1,0,unknown,yes,1,0,0,Medium,1,0,0.0717621
195,54,management,married,primary,1691,yes,no,cellular,nov,1,-1,0,unknown,no,0,0,1,Medium,0,0,0.05266988
196,47,admin.,married,secondary,829,yes,yes,unknown,may,1,-1,0,unknown,no,0,0,1,Low,0,0,0.058974802
197,43,admin.,divorced,secondary,540,yes,no,cellular,jan,1,-1,0,unknown,no,0,0,1,Low,0,0,0.035184905
198,35,blue-collar,married,secondary,25,yes,no,unknown,may,5,-1,0,unknown,no,0,0,1,Low,0,0,0.013274694
199,28,management,married,tertiary,318,yes,no,unknown,may,4,-1,0,unknown,no,0,0,1,Low,0,0,0.019292463
200,38,services,single,secondary,0,yes,no,unknown,may,2,-1,0,unknown,no,0,0,1,Negative,0,0,0.026834201
201,43,management,married,tertiary,479,yes,no,cellular,feb,1,254,2,failure,no,0,1,1,Low,0,0,0.04328378
202,43,self-employed,married,tertiary,2501,no,no,cellular,jan,4,-1,0,unknown,no,0,0,0,Medium,0,0,0.096593075
203,47,services,married,secondary,137,no,no,unknown,jun,1,-1,0,unknown,no,0,0,0,Low,0,0,0.027157808
204,26,management,single,tertiary,114,yes,no,cellular,may,1,-1,0,unknown,yes,1,0,1,Low,1,0,0.09141944
205,52,admin.,divorced,secondary,131,yes,yes,unknown,may,1,-1,0,unknown,no,0,0,1,Low,0,0,0.034293182
206,38,blue-collar,single,primary,0,yes,no,cellular,may,2,-1,0,unknown,no,0,0,1,Negative,0,0,0.049046963
207,54,admin.,married,secondary,0,no,no,cellular,jan,1,98,2,failure,yes,1,1,0,Negative,1,0,0.034880888
208,39,admin.,married,secondary,419,yes,yes,unknown,may,1,-1,0,unknown,no,0,0,1,Low,0,0,0.019338505
209,73,retired,married,tertiary,443,no,no,cellular,feb,2,-1,0,unknown,no,0,0,0,Low,0,0,0.48854676
210,23,services,single,secondary,-39,yes,yes,unknown,may,2,-1,0,unknown,no,0,0,1,Negative,0,0,0.059981886
211,32,entrepreneur,married,secondary,135,yes,no,unknown,may,2,-1,0,unknown,no,0,0,1,Low,0,0,0.02187238
212,43,blue-collar,single,secondary,1306,yes,no,cellular,apr,1,336,1,failure,no,0,1,1,Medium,0,0,0.028561352
213,55,services,married,secondary,283,yes,no,unknown,may,1,-1,0,unknown,no,0,0,1,Low,0,0,0.019822838
214,40,self-employed,married,secondary,1516,yes,yes,unknown,may,1,-1,0,unknown,no,0,0,1,Medium,0,0,0.046521943
215,24,student,single,secondary,382,no,no,cellular,nov,2,92,3,failure,yes,1,1,0,Low,1,1,0.5828145
216,30,blue-collar,married,secondary,177,yes,no,cellular,apr,2,332,3,failure,no,0,1,1,Low,0,0,0.09869557
217,57,retired,married,tertiary,0,yes,yes,unknown,may,1,-1,0,unknown,yes,1,0,1,Negative,1,0,0.024243139
218,20,student,single,unknown,829,no,no,cellular,jul,2,-1,0,unknown,yes,1,0,0,Low,1,0,0.48037213
219,51,management,married,tertiary,3134,no,no,unknown,jun,3,-1,0,unknown,no,0,0,0,Medium,0,0,0.051314477
220,32,technician,single,secondary,-28,no,yes,unknown,jul,1,-1,0,unknown,no,0,0,1,Negative,0,0,0.022307733
221,33,housemaid,married,secondary,0,yes,yes,cellular,jul,13,-1,0,unknown,no,0,0,1,Negative,0,0,0.03843216
222,31,technician,married,secondary,0,yes,no,cellular,jul,3,-1,0,unknown,no,0,0,1,Negative,0,0,0.06453089
223,34,admin.,married,secondary,61,no,yes,unknown,may,1,-1,0,unknown,no,0,0,1,Low,0,0,0.024688037
224,46,admin.,married,secondary,1328,yes,no,unknown,may,6,-1,0,unknown,no,0,0,1,Medium,0,0,0.057859562
225,53,management,married,tertiary,3591,yes,no,cellular,aug,2,181,2,other,yes,1,1,1,Medium,1,0,0.13342914
226,55,management,single,tertiary,1498,no,no,cellular,aug,5,-1,0,unknown,no,0,0,0,Medium,0,0,0.0667651
227,31,management,single,tertiary,0,no,no,cellular,aug,5,-1,0,unknown,no,0,0,0,Negative,0,0,0.03384851
228,35,management,single,unknown,137,no,no,unknown,may,3,-1,0,unknown,no,0,0,0,Low,0,0,0.020522747
229,42,services,single,secondary,7704,yes,no,cellular,nov,3,-1,0,unknown,no,0,0,1,High,0,0,0.067035496
230,40,blue-collar,married,secondary,755,no,no,cellular,jul,1,-1,0,unknown,no,0,0,0,Low,0,0,0.08948421
231,55,unemployed,married,secondary,2489,no,no,cellular,jul,1,-1,0,unknown,no,0,0,0,Medium,0,0,0.09029966
232,50,technician,married,secondary,-997,no,yes,cellular,aug,7,-1,0,unknown,no,0,0,1,Negative,0,0,0.0036220846
233,31,technician,single,tertiary,1527,yes,no,cellular,jun,2,-1,0,unknown,no,0,0,1,Medium,0,0,0.2812729
234,54,management,married,tertiary,2819,no,no,cellular,aug,3,-1,0,unknown,no,0,0,0,Medium,0,0,0.12005792
235,29,technician,married,secondary,8,no,no,unknown,may,1,-1,0,unknown,no,0,0,0,Low,0,0,0.007937138
236,37,management,single,tertiary,427,yes,no,unknown,may,1,-1,0,unknown,no,0,0,1,Low,0,0,0.048854765
237,53,entrepreneur,married,unknown,19850,no,no,cellular,nov,1,165,1,failure,no,0,1,0,High,0,0,0.014265993
238,57,unemployed,married,primary,7880,no,no,unknown,jun,2,-1,0,unknown,no,0,0,0,High,0,0,0.0058640954
239,45,self-employed,married,tertiary,0,yes,yes,cellular,jul,4,-1,0,unknown,no,0,0,1,Negative,0,0,0.05709261
240,56,self-employed,married,unknown,7,no,no,unknown,may,2,-1,0,unknown,no,0,0,0,Low,0,0,0.00442124
241,29,housemaid,married,primary,7,no,yes,cellular,jul,1,-1,0,unknown,no,0,0,1,Low,0,0,0.016919734
242,38,blue-collar,married,primary,8251,no,no,unknown,jun,3,-1,0,unknown,no,0,0,0,High,0,0,0.023916839
243,39,technician,married,tertiary,794,no,no,telephone,jun,2,121,1,failure,no,0,1,0,Low,0,0,0.13382666
244,40,services,married,secondary,4157,yes,no,unknown,may,1,-1,0,unknown,no,0,0,1,Medium,0,0,0.026750349
245,29,admin.,single,tertiary,8,no,no,cellular,jan,1,-1,0,unknown,no,0,0,0,Low,0,0,0.03810682
246,34,entrepreneur,married,tertiary,842,yes,no,cellular,may,2,-1,0,unknown,no,0,0,1,Low,0,0,0.060015406
247,28,technician,married,secondary,-579,yes,yes,cellular,feb,2,-1,0,unknown,no,0,0,1,Negative,0,0,0.1447576
248,45,technician,married,unknown,886,yes,no,cellular,oct,2,42,1,failure,no,0,1,1,Low,0,0,0.41544256
249,60,self-employed,single,secondary,312,yes,no,unknown,jun,2,-1,0,unknown,no,0,0,1,Low,0,0,0.033619974
250,34,admin.,married,tertiary,10,no,no,cellular,may,1,-1,0,unknown,no,0,0,0,Low,0,0,0.09635188
251,70,retired,married,primary,4982,no,no,cellular,may,2,-1,0,unknown,no,0,0,0,Medium,0,0,0.15040398
252,46,blue-collar,married,primary,7982,no,no,cellular,aug,5,-1,0,unknown,no,0,0,0,High,0,0,0.14105998
253,38,blue-collar,married,secondary,-40,yes,no,unknown,may,1,-1,0,unknown,no,0,0,1,Negative,0,0,0.02240009
254,59,admin.,single,secondary,2166,yes,yes,cellular,may,1,-1,0,unknown,yes,1,0,1,Medium,1,0,0.15613793
255,50,management,single,tertiary,297,yes,no,unknown,may,1,-1,0,unknown,no,0,0,1,Low,0,0,0.024037091
256,56,entrepreneur,married,tertiary,773,no,no,unknown,jun,1,-1,0,unknown,no,0,0,0,Low,0,0,0.020313807
257,48,entrepreneur,married,secondary,0,no,yes,cellular,jul,2,-1,0,unknown,yes,1,0,1,Negative,1,0,0.04521943
258,35,technician,single,tertiary,670,yes,no,unknown,may,1,-1,0,unknown,no,0,0,1,Low,0,0,0.036618385
259,51,admin.,married,secondary,423,yes,yes,cellular,jul,5,183,2,failure,no,0,1,1,Low,0,0,0.044879604
260,36,technician,married,secondary,195,yes,no,unknown,may,2,-1,0,unknown,no,0,0,1,Low,0,0,0.012175738
261,44,management,married,tertiary,5004,no,no,cellular,aug,2,-1,0,unknown,no,0,0,0,High,0,0,0.07190468
262,50,technician,divorced,secondary,1303,no,no,telephone,jul,2,-1,0,unknown,no,0,0,0,Medium,0,0,0.085057676
263,74,retired,married,tertiary,1843,no,no,cellular,sep,2,184,3,success,yes,1,1,0,Medium,1,1,0.70171595
264,30,management,married,tertiary,2694,no,no,cellular,jun,1,-1,0,unknown,no,0,0,0,Medium,0,1,0.53840023
265,35,technician,single,tertiary,1104,yes,yes,unknown,jun,1,-1,0,unknown,no,0,0,1,Medium,0,0,0.02087535
266,48,services,single,secondary,220,no,no,unknown,jun,2,-1,0,unknown,no,0,0,0,Low,0,0,0.032005604
267,46,management,divorced,tertiary,1297,no,no,cellular,aug,3,-1,0,unknown,yes,1,0,0,Medium,1,0,0.17225797
268,48,management,single,tertiary,3713,yes,yes,cellular,nov,2,-1,0,unknown,no,0,0,1,Medium,0,0,0.043919653
269,40,blue-collar,married,primary,-214,yes,no,cellular,apr,2,266,1,other,no,0,1,1,Negative,0,0,0.13041304
270,54,technician,single,secondary,770,no,no,unknown,jun,2,-1,0,unknown,no,0,0,0,Low,0,0,0.014921671
271,44,technician,divorced,secondary,275,no,no,cellular,nov,1,-1,0,unknown,yes,1,0,0,Low,1,0,0.1148639
272,58,retired,married,secondary,1604,yes,no,unknown,jun,3,-1,0,unknown,no,0,0,1,Medium,0,0,0.029496336
273,46,self-employed,single,tertiary,1934,yes,no,unknown,may,3,-1,0,unknown,no,0,0,1,Medium,0,0,0.035358064
274,42,management,married,tertiary,386,yes,no,unknown,may,1,-1,0,unknown,no,0,0,1,Low,0,0,0.016147735
275,53,blue-collar,divorced,primary,-1,yes,no,cellular,feb,3,5,1,other,no,0,1,1,Negative,0,0,0.024300676
276,31,technician,single,secondary,7567,no,no,cellular,may,1,276,2,failure,no,0,1,0,High,0,0,0.28584635
277,47,technician,married,tertiary,2408,no,no,cellular,aug,1,104,1,success,no,0,1,0,Medium,0,1,0.502651
278,53,admin.,married,secondary,3765,no,no,unknown,jun,3,-1,0,unknown,yes,1,0,0,Medium,1,0,0.015705757
279,58,management,married,tertiary,541,yes,no,cellular,may,1,-1,0,unknown,no,0,0,1,Low,0,0,0.063064665
280,34,self-employed,married,tertiary,870,no,no,cellular,jul,1,-1,0,unknown,no,0,0,0,Low,0,0,0.10268518
281,32,entrepreneur,married,tertiary,964,yes,no,cellular,nov,1,120,2,failure,no,0,1,1,Low,0,0,0.027830364
282,49,blue-collar,married,secondary,0,yes,no,telephone,may,1,-1,0,unknown,no,0,0,1,Negative,0,0,0.03954031
283,32,technician,married,secondary,484,yes,no,cellular,feb,6,187,3,success,yes,1,1,1,Low,1,0,0.077533245
284,45,blue-collar,married,secondary,1003,yes,no,cellular,may,1,-1,0,unknown,no,0,0,1,Medium,0,0,0.11705394
285,57,blue-collar,married,primary,630,yes,no,unknown,may,1,-1,0,unknown,no,0,0,1,Low,0,0,0.016900457
286,38,services,married,secondary,706,no,no,cellular,nov,2,-1,0,unknown,no,0,0,0,Low,0,0,0.05434109
287,55,technician,married,secondary,0,yes,yes,cellular,oct,1,-1,0,unknown,no,0,0,1,Negative,0,1,0.5673049
288,41,blue-collar,married,secondary,338,yes,no,unknown,may,1,-1,0,unknown,no,0,0,1,Low,0,0,0.03706145
289,40,technician,married,secondary,66,yes,no,unknown,may,8,-1,0,unknown,no,0,0,1,Low,0,0,0.008580779
290,53,admin.,single,secondary,654,no,no,unknown,jul,1,-1,0,unknown,yes,1,0,0,Low,1,0,0.053440716
291,39,blue-collar,married,primary,-50,yes,no,cellular,may,1,-1,0,unknown,no,0,0,1,Negative,0,0,0.052999873
292,49,blue-collar,married,secondary,1127,yes,yes,cellular,jul,1,-1,0,unknown,no,0,0,1,Medium,0,0,0.06884738
293,35,blue-collar,married,secondary,-339,yes,no,unknown,may,2,-1,0,unknown,no,0,0,1,Negative,0,0,0.0075132726
294,33,technician,married,tertiary,75,no,no,cellular,jul,4,-1,0,unknown,no,0,0,0,Low,0,0,0.08883747
295,39,technician,married,primary,1846,no,no,cellular,feb,5,-1,0,unknown,no,0,0,0,Medium,0,0,0.12047995
296,23,technician,single,secondary,76,yes,no,unknown,may,1,-1,0,unknown,no,0,0,1,Low,0,0,0.06437292
297,30,blue-collar,single,secondary,1012,yes,no,cellular,apr,3,329,1,failure,no,0,1,1,Medium,0,0,0.034301095
298,45,blue-collar,divorced,primary,8,no,yes,unknown,jul,1,-1,0,unknown,no,0,0,1,Low,0,0,0.01323532
299,32,management,single,tertiary,0,yes,yes,cellular,nov,2,-1,0,unknown,no,0,0,1,Negative,0,0,0.053031154
300,35,blue-collar,married,primary,147,yes,no,cellular,may,1,337,3,failure,no,0,1,1,Low,0,0,0.035520986
301,27,management,single,tertiary,1137,yes,no,cellular,may,1,-1,0,unknown,no,0,0,1,Medium,0,0,0.090439
302,51,technician,married,secondary,219,no,no,telephone,aug,2,-1,0,unknown,no,0,0,0,Low,0,0,0.03469203
303,72,retired,married,primary,806,no,no,cellular,oct,1,-1,0,unknown,no,0,0,0,Low,0,0,0.33778283
304,38,technician,married,tertiary,206,no,no,cellular,apr,2,-1,0,unknown,yes,1,0,0,Low,1,0,0.28749508
305,52,management,married,secondary,596,yes,no,cellular,jan,1,188,1,other,no,0,1,1,Low,0,0,0.013395269
306,27,technician,married,tertiary,276,no,no,unknown,may,2,-1,0,unknown,no,0,0,0,Low,0,0,0.028681023
307,37,management,married,tertiary,2987,yes,no,telephone,nov,8,96,1,success,no,0,1,1,Medium,0,0,0.317973
308,43,management,married,secondary,392,no,no,unknown,jun,5,-1,0,unknown,no,0,0,0,Low,0,0,0.04825076
309,55,technician,divorced,secondary,4,no,no,cellular,jan,1,-1,0,unknown,yes,1,0,0,Low,1,0,0.03789413
310,31,management,single,tertiary,684,yes,yes,unknown,jun,2,-1,0,unknown,no,0,0,1,Low,0,0,0.04666453
311,33,services,married,secondary,22,yes,no,unknown,may,1,-1,0,unknown,no,0,0,1,Low,0,0,0.022012442
312,45,blue-collar,married,secondary,827,yes,yes,cellular,aug,2,-1,0,unknown,no,0,0,1,Low,0,0,0.08430923
313,47,admin.,married,secondary,4923,no,no,unknown,jun,3,-1,0,unknown,no,0,0,0,Medium,0,0,0.01888133
314,41,admin.,single,tertiary,1455,yes,no,unknown,may,1,-1,0,unknown,no,0,0,1,Medium,0,0,0.096811
315,50,technician,single,tertiary,339,yes,no,unknown,may,3,-1,0,unknown,no,0,0,1,Low,0,0,0.025377715
316,38,technician,divorced,tertiary,-530,yes,no,unknown,may,1,-1,0,unknown,no,0,0,1,Negative,0,0,0.043389086
317,33,technician,married,secondary,221,yes,no,cellular,may,1,355,4,failure,yes,1,1,1,Low,1,0,0.03806074
318,29,blue-collar,single,secondary,853,yes,no,unknown,may,2,-1,0,unknown,no,0,0,1,Low,0,0,0.042189755
319,36,services,married,secondary,0,yes,no,cellular,nov,2,-1,0,unknown,no,0,0,1,Negative,0,0,0.023632806
320,39,admin.,married,secondary,248,yes,no,cellular,apr,1,-1,0,unknown,no,0,0,1,Low,0,0,0.049991157
321,29,technician,married,secondary,493,yes,yes,unknown,jun,6,-1,0,unknown,no,0,0,1,Low,0,0,0.071338035
322,50,services,married,secondary,1595,no,no,unknown,jun,1,-1,0,unknown,yes,1,0,0,Medium,1,0,0.021845317
323,37,admin.,single,secondary,192,yes,no,unknown,may,2,-1,0,unknown,no,0,0,1,Low,0,0,0.02791688
324,31,blue-collar,single,secondary,411,no,no,cellular,may,3,361,1,failure,no,0,1,0,Low,0,0,0.06561959
325,51,management,married,tertiary,-898,no,no,cellular,jan,2,-1,0,unknown,no,0,0,0,Negative,0,0,0.008287961
326,50,blue-collar,married,primary,65,yes,no,telephone,may,1,-1,0,unknown,no,0,0,1,Low,0,0,0.038425695
327,52,management,married,tertiary,168,no,no,cellular,aug,4,-1,0,unknown,no,0,0,0,Low,0,0,0.03787766
328,31,entrepreneur,married,secondary,1302,yes,no,cellular,jul,3,-1,0,unknown,no,0,0,1,Medium,0,0,0.04248309
329,27,admin.,single,secondary,-550,yes,no,cellular,feb,3,195,15,other,no,0,1,1,Negative,0,0,0.13729124
330,30,management,single,tertiary,-58,no,yes,cellular,aug,18,-1,0,unknown,no,0,0,1,Negative,0,0,0.014337362
331,57,entrepreneur,married,secondary,1888,no,no,cellular,nov,1,-1,0,unknown,no,0,0,0,Medium,0,0,0.061972667
332,37,blue-collar,married,secondary,454,yes,no,unknown,may,1,-1,0,unknown,no,0,0,1,Low,0,0,0.02394456
333,55,admin.,married,secondary,51,no,no,cellular,aug,2,-1,0,unknown,no,0,0,0,Low,0,0,0.037488095
334,36,blue-collar,married,secondary,70,yes,no,unknown,jun,2,-1,0,unknown,no,0,0,1,Low,0,0,0.04996262
335,28,unemployed,single,secondary,559,yes,no,unknown,jun,1,-1,0,unknown,no,0,0,1,Low,0,0,0.084768526
336,56,technician,married,primary,0,yes,yes,cellular,jul,1,-1,0,unknown,no,0,0,1,Negative,0,0,0.031124052
337,25,services,single,secondary,2798,yes,no,unknown,may,2,-1,0,unknown,no,0,0,1,Medium,0,0,0.040790513
338,46,blue-collar,married,secondary,756,yes,no,unknown,may,7,-1,0,unknown,no,0,0,1,Low,0,0,0.01678043
339,33,blue-collar,single,primary,95,yes,no,unknown,may,1,-1,0,unknown,no,0,0,1,Low,0,0,0.023367845
340,34,management,married,secondary,240,yes,no,unknown,may,3,-1,0,unknown,no,0,0,1,Low,0,0,0.026953068
341,37,admin.,married,secondary,0,no,no,unknown,jun,1,-1,0,unknown,no,0,0,0,Negative,0,0,0.02375571
342,35,admin.,single,tertiary,4233,no,no,cellular,aug,2,-1,0,unknown,no,0,0,0,Medium,0,0,0.16424821
343,39,entrepreneur,married,secondary,1171,no,yes,cellular,nov,2,-1,0,unknown,no,0,0,1,Medium,0,0,0.0644015
344,36,management,single,tertiary,85,no,no,cellular,may,1,-1,0,unknown,no,0,0,0,Low,0,0,0.2466194
345,46,technician,married,tertiary,-369,yes,yes,cellular,feb,4,-1,0,unknown,no,0,0,1,Negative,0,0,0.033832695
346,38,technician,married,tertiary,2453,yes,yes,cellular,nov,1,-1,0,unknown,no,0,0,1,Medium,0,0,0.048785415
347,49,entrepreneur,married,secondary,348,yes,no,unknown,may,2,-1,0,unknown,no,0,0,1,Low,0,0,0.021687929
348,48,unemployed,married,secondary,926,no,no,cellular,aug,2,178,10,success,yes,1,1,0,Low,1,1,0.9178821
349,48,management,married,tertiary,0,no,yes,cellular,feb,8,-1,0,unknown,no,0,0,1,Negative,0,0,0.03505165
350,37,management,married,tertiary,4044,no,no,cellular,aug,4,-1,0,unknown,no,0,0,0,Medium,0,0,0.26641592
351,50,technician,married,secondary,1616,yes,yes,unknown,jun,11,-1,0,unknown,no,0,0,1,Medium,0,0,0.0338647
352,79,retired,divorced,primary,2787,no,no,telephone,jul,1,377,1,success,yes,1,1,0,Medium,1,1,0.56267804
353,41,blue-collar,married,secondary,1522,yes,yes,cellular,apr,1,341,2,failure,no,0,1,1,Medium,0,0,0.046667565
354,35,services,single,secondary,257,yes,no,unknown,jun,1,-1,0,unknown,no,0,0,1,Low,0,0,0.044607323
355,35,technician,single,tertiary,226,yes,yes,unknown,may,3,-1,0,unknown,no,0,0,1,Low,0,0,0.022399634
356,45,self-employed,married,secondary,3080,no,no,cellular,nov,1,-1,0,unknown,no,0,0,0,Medium,0,0,0.082143195
357,50,blue-collar,married,primary,2212,yes,no,unknown,may,1,-1,0,unknown,no,0,0,1,Medium,0,0,0.02799867
358,29,services,married,secondary,31,yes,no,cellular,jul,5,-1,0,unknown,no,0,0,1,Low,0,0,0.06890227
359,37,blue-collar,married,unknown,557,no,no,cellular,jul,2,-1,0,unknown,no,0,0,0,Low,0,0,0.03558814
360,48,blue-collar,married,primary,104,no,no,cellular,aug,4,-1,0,unknown,no,0,0,0,Low,0,0,0.061943393
361,34,management,single,tertiary,4782,yes,no,cellular,may,1,277,1,failure,no,0,1,1,Medium,0,0,0.07798209
362,33,management,married,tertiary,1071,no,no,cellular,aug,4,-1,0,unknown,no,0,0,0,Medium,0,0,0.100932285
363,31,management,single,tertiary,308,yes,yes,cellular,jan,2,268,2,other,no,0,1,1,Low,0,0,0.0103526395
364,37,technician,married,secondary,157,yes,no,unknown,may,2,-1,0,unknown,no,0,0,1,Low,0,0,0.015787555
365,49,management,married,tertiary,0,no,no,cellular,aug,6,-1,0,unknown,no,0,0,0,Negative,0,0,0.02796614
366,31,entrepreneur,married,primary,-98,yes,no,cellular,may,3,362,7,failure,no,0,1,1,Negative,0,0,0.017607326
367,32,blue-collar,married,secondary,1197,yes,yes,unknown,may,1,-1,0,unknown,no,0,0,1,Medium,0,0,0.0407475
368,44,blue-collar,married,primary,0,no,no,unknown,jun,2,-1,0,unknown,no,0,0,0,Negative,0,0,0.030158726
369,67,retired,married,primary,8465,no,no,cellular,feb,1,-1,0,unknown,no,0,0,0,High,0,0,0.3680388
370,21,blue-collar,single,secondary,292,yes,yes,telephone,may,4,-1,0,unknown,no,0,0,1,Low,0,0,0.05341823
371,49,unemployed,divorced,secondary,-214,yes,no,cellular,jul,1,-1,0,unknown,no,0,0,1,Negative,0,0,0.055975765
372,60,management,married,tertiary,3387,no,no,cellular,aug,2,-1,0,unknown,no,0,0,0,Medium,0,0,0.14922948
373,46,blue-collar,married,secondary,1728,yes,no,unknown,may,2,-1,0,unknown,no,0,0,1,Medium,0,0,0.03840091
374,45,self-employed,married,primary,1288,no,no,cellular,aug,6,-1,0,unknown,no,0,0,0,Medium,0,0,0.057077147
375,55,management,divorced,tertiary,271,yes,no,cellular,apr,4,-1,0,unknown,no,0,0,1,Low,0,0,0.113096625
376,55,admin.,divorced,secondary,1693,no,no,cellular,aug,1,102,3,success,no,0,1,0,Medium,0,0,0.38003168
377,31,blue-collar,married,secondary,505,yes,no,cellular,apr,4,329,2,other,no,0,1,1,Low,0,0,0.020143332
378,46,management,married,tertiary,4,no,no,cellular,aug,4,-1,0,unknown,yes,1,0,0,Low,1,0,0.08070055
379,38,management,married,tertiary,12855,yes,no,unknown,may,1,-1,0,unknown,no,0,0,1,High,0,0,0.029584834
380,37,self-employed,married,secondary,119,no,no,cellular,aug,4,-1,0,unknown,no,0,0,0,Low,0,0,0.03287155
381,59,retired,married,primary,13,no,no,cellular,jan,2,-1,0,unknown,no,0,0,0,Low,0,0,0.03284505
382,57,retired,married,secondary,2714,no,no,cellular,aug,2,-1,0,unknown,no,0,0,0,Medium,0,0,0.08039684
383,44,blue-collar,married,secondary,575,yes,no,unknown,may,1,-1,0,unknown,no,0,0,1,Low,0,0,0.015087317
384,42,management,divorced,tertiary,1243,no,no,cellular,aug,4,-1,0,unknown,yes,1,0,0,Medium,1,0,0.09189441
385,35,technician,single,tertiary,4,yes,no,cellular,jul,1,-1,0,unknown,no,0,0,1,Low,0,0,0.048346326
386,28,management,single,secondary,292,yes,yes,telephone,feb,1,-1,0,unknown,no,0,0,1,Low,0,0,0.039475005
387,38,blue-collar,married,secondary,502,yes,no,unknown,jun,2,-1,0,unknown,no,0,0,1,Low,0,0,0.032823414
388,33,retired,married,primary,171,yes,no,cellular,may,3,-1,0,unknown,no,0,0,1,Low,0,0,0.044587124
389,50,technician,married,tertiary,1830,no,no,cellular,may,3,-1,0,unknown,no,0,0,0,Medium,0,0,0.17605588
390,31,management,single,tertiary,12,yes,no,unknown,may,4,-1,0,unknown,no,0,0,1,Low,0,0,0.033529345
391,30,management,single,tertiary,414,no,no,cellular,nov,5,-1,0,unknown,no,0,0,0,Low,0,0,0.07950889
392,38,management,married,unknown,546,yes,no,cellular,may,3,351,2,failure,no,0,1,1,Low,0,0,0.02310513
393,43,admin.,single,secondary,91,no,yes,unknown,jul,2,-1,0,unknown,no,0,0,1,Low,0,0,0.17160963
394,37,entrepreneur,married,secondary,-170,yes,no,unknown,may,1,-1,0,unknown,no,0,0,1,Negative,0,0,0.02226703
395,29,housemaid,single,tertiary,453,no,no,cellular,aug,2,-1,0,unknown,no,0,0,0,Low,0,0,0.052472137
396,33,admin.,single,tertiary,1371,yes,no,cellular,may,1,-1,0,unknown,no,0,0,1,Medium,0,0,0.08766187
397,47,management,divorced,tertiary,800,no,no,cellular,aug,5,-1,0,unknown,no,0,0,0,Low,0,0,0.15672393
398,59,retired,married,tertiary,1425,no,no,cellular,oct,2,77,3,failure,no,0,1,0,Medium,0,0,0.17920834
399,51,housemaid,married,secondary,2239,no,no,cellular,may,1,-1,0,unknown,no,0,0,0,Medium,0,0,0.17071699
400,43,blue-collar,married,secondary,833,no,no,cellular,jul,1,-1,0,unknown,no,0,0,0,Low,0,0,0.0945571
401,45,admin.,divorced,secondary,8032,no,no,cellular,nov,1,-1,0,unknown,no,0,0,0,High,0,0,0.0868079
402,31,management,married,tertiary,491,yes,no,cellular,apr,1,326,1,other,no,0,1,1,Low,0,0,0.027988417
403,36,management,married,tertiary,871,no,no,cellular,nov,1,-1,0,unknown,no,0,0,0,Low,0,0,0.06535649
404,52,admin.,divorced,tertiary,0,yes,yes,cellular,apr,1,-1,0,unknown,no,0,0,1,Negative,0,0,0.2360036
405,45,admin.,divorced,secondary,984,yes,no,unknown,may,5,-1,0,unknown,no,0,0,1,Low,0,0,0.035867203
406,43,admin.,divorced,tertiary,1440,yes,yes,unknown,may,1,-1,0,unknown,no,0,0,1,Medium,0,0,0.0808341
407,53,management,married,secondary,-689,yes,no,unknown,may,1,-1,0,unknown,no,0,0,1,Negative,0,0,0.013229033
408,46,admin.,single,secondary,9326,no,yes,unknown,jun,1,-1,0,unknown,no,0,0,1,High,0,0,0.029360544
409,50,technician,married,secondary,3149,yes,no,cellular,nov,1,190,1,other,no,0,1,1,Medium,0,0,0.05653691
410,58,technician,married,secondary,1,no,no,cellular,apr,1,64,2,failure,no,0,1,0,Low,0,0,0.122331336
411,41,management,married,tertiary,3348,no,no,cellular,aug,1,-1,0,unknown,no,0,0,0,Medium,0,0,0.10276916
412,47,blue-collar,married,primary,-100,yes,no,unknown,may,1,-1,0,unknown,no,0,0,1,Negative,0,0,0.018644394
413,35,technician,married,secondary,2779,no,no,cellular,apr,2,186,2,success,yes,1,1,0,Medium,1,1,0.51524013
414,22,technician,single,secondary,28,yes,no,unknown,may,2,-1,0,unknown,no,0,0,1,Low,0,0,0.019943537
415,60,services,divorced,primary,58,no,yes,cellular,jul,2,-1,0,unknown,no,0,0,1,Low,0,0,0.072582126
416,33,technician,married,secondary,3572,yes,no,cellular,nov,2,-1,0,unknown,no,0,0,1,Medium,0,0,0.07604988
417,82,retired,married,primary,103,no,no,cellular,sep,1,-1,0,unknown,no,0,0,0,Low,0,0,0.31683218
418,47,technician,married,tertiary,1115,yes,no,telephone,jul,9,-1,0,unknown,no,0,0,1,Medium,0,0,0.03331428
419,33,technician,married,secondary,218,yes,yes,cellular,aug,1,161,4,failure,no,0,1,1,Low,0,0,0.20621042
420,39,blue-collar,married,secondary,167,yes,yes,cellular,may,1,-1,0,unknown,yes,1,0,1,Low,1,0,0.08505302
421,30,services,divorced,secondary,1336,yes,no,cellular,may,3,355,5,failure,no,0,1,1,Medium,0,0,0.09561736
422,43,services,married,primary,-88,yes,yes,cellular,nov,2,-1,0,unknown,no,0,0,1,Negative,0,0,0.021239566
423,46,unemployed,married,secondary,2017,yes,no,cellular,nov,1,-1,0,unknown,no,0,0,1,Medium,0,0,0.08084567
424,31,management,single,tertiary,6413,no,no,cellular,aug,2,-1,0,unknown,no,0,0,0,High,0,0,0.08405946
425,45,technician,married,secondary,0,yes,yes,telephone,feb,2,208,1,failure,no,0,1,1,Negative,0,0,0.023913728
426,47,management,divorced,tertiary,-363,yes,yes,unknown,may,1,-1,0,unknown,no,0,0,1,Negative,0,0,0.02685218
427,44,technician,divorced,secondary,0,yes,no,cellular,jul,2,-1,0,unknown,no,0,0,1,Negative,0,0,0.05699322
428,39,blue-collar,married,secondary,439,yes,no,unknown,may,3,-1,0,unknown,no,0,0,1,Low,0,0,0.043036103
429,37,management,single,tertiary,1093,yes,no,cellular,nov,6,113,2,other,no,0,1,1,Medium,0,0,0.022510186
430,31,services,single,secondary,342,yes,no,cellular,may,5,366,7,other,no,0,1,1,Low,0,0,0.01131735
431,40,admin.,married,secondary,0,no,no,cellular,jul,8,-1,0,unknown,no,0,0,0,Negative,0,0,0.05681648
432,39,management,married,tertiary,429,yes,no,unknown,may,4,-1,0,unknown,no,0,0,1,Low,0,0,0.018612461
433,45,self-employed,married,primary,750,no,no,unknown,jun,9,-1,0,unknown,no,0,0,0,Low,0,0,0.031628173
434,31,blue-collar,married,primary,292,yes,yes,unknown,may,18,-1,0,unknown,no,0,0,1,Low,0,0,0.0075938143
435,41,admin.,married,secondary,875,no,yes,cellular,aug,6,-1,0,unknown,no,0,0,1,Low,0,0,0.02578539
436,50,technician,married,secondary,20,yes,no,cellular,may,1,303,1,failure,no,0,1,1,Low,0,0,0.016647538
437,39,management,married,tertiary,564,yes,no,unknown,may,2,-1,0,unknown,no,0,0,1,Low,0,0,0.034686796
438,59,retired,married,secondary,11,no,no,cellular,nov,2,-1,0,unknown,no,0,0,0,Low,0,0,0.04638413
439,37,services,divorced,secondary,398,yes,yes,unknown,may,2,-1,0,unknown,no,0,0,1,Low,0,0,0.025470605
440,34,admin.,single,secondary,266,yes,no,cellular,apr,2,-1,0,unknown,no,0,0,1,Low,0,0,0.09732635
441,48,management,married,primary,1513,no,no,cellular,jan,2,-1,0,unknown,no,0,0,0,Medium,0,0,0.08128286
442,36,blue-collar,married,primary,-608,yes,no,cellular,jul,2,-1,0,unknown,no,0,0,1,Negative,0,0,0.020529311
443,35,services,married,secondary,152,yes,no,unknown,jun,1,-1,0,unknown,yes,1,0,1,Low,1,0,0.042788368
444,40,admin.,single,secondary,576,yes,yes,cellular,apr,3,-1,0,unknown,no,0,0,1,Low,0,0,0.074981846
445,57,retired,divorced,primary,606,no,no,cellular,may,2,-1,0,unknown,no,0,0,0,Low,0,0,0.1115275
446,47,management,married,secondary,894,yes,no,cellular,jul,1,-1,0,unknown,no,0,0,1,Low,0,0,0.09577053
447,58,management,single,tertiary,331,no,yes,cellular,jul,3,-1,0,unknown,no,0,0,1,Low,0,0,0.052586187
448,60,retired,divorced,tertiary,1349,no,yes,unknown,jun,2,-1,0,unknown,no,0,0,1,Medium,0,0,0.05613264
449,38,services,single,secondary,322,yes,no,unknown,may,1,-1,0,unknown,no,0,0,1,Low,0,0,0.052404307
450,42,services,divorced,secondary,0,yes,yes,cellular,jul,1,-1,0,unknown,no,0,0,1,Negative,0,0,0.07472048
451,34,blue-collar,divorced,primary,172,yes,no,cellular,apr,1,-1,0,unknown,no,0,0,1,Low,0,0,0.12674695
452,33,management,single,secondary,1615,yes,no,cellular,may,8,174,3,failure,no,0,1,1,Medium,0,0,0.037204467
453,30,management,married,tertiary,1235,yes,no,cellular,jul,3,-1,0,unknown,no,0,0,1,Medium,0,0,0.057369005
454,59,management,married,secondary,544,no,no,unknown,jun,2,-1,0,unknown,no,0,0,0,Low,0,0,0.04400896
455,33,entrepreneur,married,secondary,-54,no,yes,cellular,jul,1,-1,0,unknown,no,0,0,1,Negative,0,0,0.073867515
456,39,services,single,secondary,609,no,no,unknown,jun,1,-1,0,unknown,no,0,0,0,Low,0,0,0.048174452
457,56,management,divorced,tertiary,55,no,yes,cellular,jul,2,-1,0,unknown,no,0,0,1,Low,0,0,0.027323568
458,38,services,single,tertiary,5265,no,no,cellular,jun,1,-1,0,unknown,no,0,0,0,High,0,0,0.37160572
459,44,management,divorced,tertiary,0,yes,yes,cellular,may,2,167,1,failure,no,0,1,1,Negative,0,0,0.04920056
460,52,self-employed,married,tertiary,4012,no,no,cellular,aug,3,92,5,other,yes,1,1,0,Medium,1,0,0.28041285
461,51,housemaid,married,secondary,603,no,no,cellular,aug,3,-1,0,unknown,no,0,0,0,Low,0,0,0.041342188
462,46,technician,married,secondary,783,yes,no,cellular,jul,4,-1,0,unknown,no,0,0,1,Low,0,0,0.037732095
463,59,unemployed,divorced,secondary,2026,no,no,cellular,aug,3,73,1,failure,no,0,1,0,Medium,0,0,0.17312989
464,32,technician,single,tertiary,632,yes,no,cellular,aug,7,-1,0,unknown,no,0,0,1,Low,0,0,0.03059423
465,54,retired,divorced,tertiary,3076,no,no,cellular,may,2,-1,0,unknown,yes,1,0,0,Medium,1,0,0.29399678
466,26,self-employed,married,secondary,492,yes,yes,cellular,may,4,-1,0,unknown,no,0,0,1,Low,0,0,0.06377181
467,58,retired,married,secondary,1227,no,no,cellular,aug,2,37,2,failure,no,0,1,0,Medium,0,0,0.1638014
468,36,management,married,tertiary,0,yes,no,cellular,feb,2,8,1,other,no,0,1,1,Negative,0,0,0.06818843
469,35,management,single,tertiary,2975,no,no,cellular,aug,2,-1,0,unknown,no,0,0,0,Medium,0,0,0.11977998
470,25,blue-collar,single,secondary,-350,yes,no,unknown,jun,3,-1,0,unknown,no,0,0,1,Negative,0,0,0.16812575
471,38,blue-collar,single,secondary,1137,no,no,cellular,may,1,-1,0,unknown,no,0,0,0,Medium,0,0,0.26758322
472,49,self-employed,married,tertiary,503,yes,no,cellular,feb,5,21,5,failure,no,0,1,1,Low,0,0,0.20578492
473,35,blue-collar,married,secondary,645,yes,no,cellular,jan,1,-1,0,unknown,no,0,0,1,Low,0,0,0.025769386
474,40,blue-collar,married,secondary,0,yes,no,unknown,may,3,-1,0,unknown,no,0,0,1,Negative,0,0,0.026138688
475,25,management,single,tertiary,553,yes,no,cellular,sep,4,479,1,failure,no,0,1,1,Low,0,1,0.51507246
476,30,technician,single,secondary,707,no,no,cellular,may,1,-1,0,unknown,no,0,0,0,Low,0,0,0.17082217
477,34,admin.,married,primary,412,yes,no,cellular,jul,2,-1,0,unknown,no,0,0,1,Low,0,0,0.06111984
478,43,management,married,tertiary,-271,yes,yes,telephone,may,1,-1,0,unknown,no,0,0,1,Negative,0,0,0.020350803
479,34,blue-collar,married,primary,-167,yes,no,unknown,may,1,-1,0,unknown,no,0,0,1,Negative,0,0,0.038584087
480,48,blue-collar,single,secondary,339,no,yes,telephone,jul,4,-1,0,unknown,no,0,0,1,Low,0,0,0.061065763
481,41,entrepreneur,divorced,secondary,1588,yes,yes,unknown,jun,8,-1,0,unknown,no,0,0,1,Medium,0,0,0.112796575
482,30,admin.,married,secondary,874,yes,no,cellular,jul,2,-1,0,unknown,no,0,0,1,Low,0,0,0.046864357
483,28,technician,single,tertiary,0,yes,no,cellular,may,1,40,2,failure,yes,1,1,1,Negative,1,0,0.32074562
484,45,blue-collar,married,primary,-66,yes,no,unknown,may,2,-1,0,unknown,no,0,0,1,Negative,0,0,0.0063860025
485,81,retired,divorced,primary,0,no,no,telephone,oct,1,-1,0,unknown,no,0,0,0,Negative,0,0,0.49479663
486,37,management,married,tertiary,393,yes,no,cellular,aug,2,104,2,success,no,0,1,1,Low,0,0,0.3182291
487,36,management,single,tertiary,553,no,no,cellular,aug,2,-1,0,unknown,no,0,0,0,Low,0,0,0.11254284
488,49,management,divorced,secondary,613,no,yes,cellular,jan,1,-1,0,unknown,no,0,0,1,Low,0,0,0.09496353
489,55,housemaid,married,primary,17,no,no,cellular,aug,2,-1,0,unknown,no,0,0,0,Low,0,0,0.03261067
490,23,unemployed,single,primary,1003,no,no,telephone,nov,1,-1,0,unknown,yes,1,0,0,Medium,1,0,0.2974113
491,52,unemployed,married,primary,-110,no,yes,cellular,jan,1,-1,0,unknown,no,0,0,1,Negative,0,0,0.012276241
492,24,student,single,secondary,689,no,no,cellular,sep,1,-1,0,unknown,yes,1,0,0,Low,1,1,0.77890295
493,46,entrepreneur,divorced,secondary,-563,no,yes,cellular,jul,4,-1,0,unknown,yes,1,0,1,Negative,1,0,0.08043155
494,42,blue-collar,married,secondary,2157,yes,no,cellular,may,1,364,2,failure,no,0,1,1,Medium,0,0,0.015996637
495,51,retired,married,secondary,1295,no,yes,unknown,jun,2,-1,0,unknown,no,0,0,1,Medium,0,0,0.06636838
496,37,technician,married,secondary,410,yes,yes,unknown,jun,6,-1,0,unknown,no,0,0,1,Low,0,0,0.023385512
497,29,self-employed,single,tertiary,3290,no,no,cellular,may,1,50,3,success,yes,1,1,0,Medium,1,1,0.72943443
498,53,retired,married,secondary,352,yes,no,telephone,apr,5,-1,0,unknown,no,0,0,1,Low,0,0,0.023559755
499,30,services,single,secondary,399,yes,yes,unknown,may,3,-1,0,unknown,no,0,0,1,Low,0,0,0.08535855
500,41,management,single,tertiary,1253,no,no,cellular,jul,5,-1,0,unknown,yes,1,0,0,Medium,1,0,0.16233738
501,34,self-employed,single,tertiary,2800,yes,no,unknown,may,1,-1,0,unknown,no,0,0,1,Medium,0,0,0.034585778
502,41,technician,married,tertiary,-15,yes,no,cellular,may,1,-1,0,unknown,no,0,0,1,Negative,0,0,0.06373487
503,46,blue-collar,married,primary,557,no,no,unknown,jun,1,-1,0,unknown,no,0,0,0,Low,0,0,0.045164842
504,36,blue-collar,married,primary,111,yes,no,unknown,may,3,-1,0,unknown,no,0,0,1,Low,0,0,0.034529064
505,53,housemaid,married,primary,421,no,no,cellular,aug,4,-1,0,unknown,no,0,0,0,Low,0,0,0.024228277
506,26,blue-collar,single,secondary,49,no,no,cellular,jul,3,-1,0,unknown,no,0,0,0,Low,0,0,0.08123653
507,28,admin.,single,secondary,305,yes,no,telephone,jul,1,-1,0,unknown,no,0,0,1,Low,0,0,0.10430161
508,39,admin.,married,secondary,0,yes,no,cellular,jul,1,-1,0,unknown,no,0,0,1,Negative,0,0,0.03801236
509,27,housemaid,married,secondary,22,yes,yes,unknown,may,1,-1,0,unknown,no,0,0,1,Low,0,0,0.0060007
510,57,retired,divorced,tertiary,476,no,no,telephone,nov,1,-1,0,unknown,no,0,0,0,Low,0,0,0.076023094
511,35,blue-collar,married,unknown,-205,yes,no,unknown,may,14,-1,0,unknown,no,0,0,1,Negative,0,0,0.0030453322
512,31,blue-collar,single,secondary,1207,yes,no,cellular,apr,2,-1,0,unknown,no,0,0,1,Medium,0,0,0.08962031
513,39,management,married,tertiary,278,no,yes,cellular,jul,3,-1,0,unknown,no,0,0,1,Low,0,0,0.044710573
514,45,blue-collar,single,primary,2121,no,no,cellular,nov,2,-1,0,unknown,no,0,0,0,Medium,0,0,0.105289295
515,42,management,married,primary,470,yes,no,unknown,may,1,-1,0,unknown,no,0,0,1,Low,0,0,0.02212544
516,47,blue-collar,married,secondary,1203,yes,no,cellular,apr,2,-1,0,unknown,no,0,0,1,Medium,0,0,0.08288034
517,41,admin.,single,secondary,621,yes,no,telephone,nov,1,-1,0,unknown,no,0,0,1,Low,0,0,0.04297604
518,25,blue-collar,married,secondary,-23,yes,no,cellular,jul,1,-1,0,unknown,no,0,0,1,Negative,0,0,0.03577699
519,39,blue-collar,married,primary,521,no,yes,cellular,jul,1,-1,0,unknown,no,0,0,1,Low,0,0,0.042835146
520,52,management,married,unknown,1708,no,no,telephone,jun,1,145,3,failure,no,0,1,0,Medium,0,1,0.6422482
521,53,entrepreneur,married,unknown,7,no,no,cellular,nov,1,-1,0,unknown,no,0,0,0,Low,0,0,0.046393868
522,29,unknown,single,secondary,923,no,no,cellular,may,1,-1,0,unknown,no,0,0,0,Low,0,1,0.55536324
523,29,technician,single,tertiary,183,yes,yes,cellular,may,1,343,2,failure,no,0,1,1,Low,0,0,0.059717555
524,33,technician,married,secondary,7621,no,no,cellular,aug,1,-1,0,unknown,no,0,0,0,High,0,0,0.103777856
525,59,housemaid,divorced,primary,195,no,no,unknown,may,2,-1,0,unknown,no,0,0,0,Low,0,0,0.010184303
526,32,blue-collar,married,secondary,23,yes,no,unknown,may,1,-1,0,unknown,no,0,0,1,Low,0,0,0.034204528
527,25,technician,single,secondary,4859,no,no,cellular,jan,1,-1,0,unknown,yes,1,0,0,Medium,1,1,0.8130123
528,47,management,married,secondary,0,no,yes,cellular,aug,9,-1,0,unknown,no,0,0,1,Negative,0,0,0.035186775
529,36,management,married,tertiary,2178,yes,no,cellular,may,3,-1,0,unknown,no,0,0,1,Medium,0,0,0.1411131
530,52,blue-collar,married,primary,0,no,no,cellular,aug,4,-1,0,unknown,no,0,0,0,Negative,0,0,0.043753304
531,37,technician,single,tertiary,3943,no,no,cellular,apr,2,138,1,failure,yes,1,1,0,Medium,1,0,0.2541371
532,44,self-employed,single,tertiary,1367,yes,no,cellular,apr,3,146,1,other,yes,1,1,1,Medium,1,0,0.08839021
533,39,technician,married,tertiary,602,yes,no,unknown,may,7,-1,0,unknown,no,0,0,1,Low,0,0,0.024391247
534,28,blue-collar,single,primary,442,no,no,cellular,jan,2,-1,0,unknown,no,0,0,0,Low,0,0,0.07657696
535,34,blue-collar,married,secondary,678,yes,no,cellular,apr,1,-1,0,unknown,no,0,0,1,Low,0,0,0.11307874
536,31,management,divorced,tertiary,-6,no,yes,cellular,aug,6,-1,0,unknown,no,0,0,1,Negative,0,0,0.072878584
537,40,services,married,secondary,518,no,no,telephone,jul,1,-1,0,unknown,no,0,0,0,Low,0,0,0.09419202
538,31,services,single,secondary,2963,yes,no,unknown,may,1,-1,0,unknown,no,0,0,1,Medium,0,0,0.025528368
539,52,admin.,married,secondary,5517,yes,yes,cellular,jul,2,-1,0,unknown,no,0,0,1,High,0,0,0.026653657
540,56,blue-collar,married,secondary,126,no,no,cellular,may,2,-1,0,unknown,no,0,0,0,Low,0,0,0.12950046
541,46,blue-collar,divorced,primary,358,no,no,unknown,jun,2,-1,0,unknown,no,0,0,0,Low,0,0,0.09529953
542,45,blue-collar,married,primary,360,no,no,unknown,jun,2,-1,0,unknown,no,0,0,0,Low,0,0,0.043373693
543,35,management,single,tertiary,612,no,no,cellular,nov,1,195,1,failure,no,0,1,0,Low,0,0,0.3344775
544,48,blue-collar,married,primary,816,yes,no,cellular,jul,7,-1,0,unknown,no,0,0,1,Low,0,0,0.035598718
545,38,technician,divorced,secondary,902,yes,no,cellular,may,3,90,1,success,yes,1,1,1,Low,1,1,0.51766545
546,30,management,married,tertiary,0,yes,no,cellular,aug,4,-1,0,unknown,no,0,0,1,Negative,0,0,0.01566859
547,37,management,married,secondary,510,yes,no,cellular,aug,6,-1,0,unknown,no,0,0,1,Low,0,0,0.031872675
548,34,management,single,tertiary,431,no,no,cellular,jul,1,-1,0,unknown,no,0,0,0,Low,0,0,0.13921794
549,55,blue-collar,married,primary,332,yes,no,unknown,may,2,-1,0,unknown,no,0,0,1,Low,0,0,0.013383534
550,44,management,married,primary,1880,yes,no,cellular,nov,1,124,6,failure,no,0,1,1,Medium,0,0,0.042429388
551,26,management,single,tertiary,205,no,no,unknown,may,1,-1,0,unknown,no,0,0,0,Low,0,0,0.039060973
552,42,management,single,secondary,9720,no,no,cellular,aug,2,-1,0,unknown,no,0,0,0,High,0,0,0.11252641
553,54,technician,married,secondary,433,no,no,cellular,jan,2,-1,0,unknown,no,0,0,0,Low,0,0,0.036041632
554,32,technician,married,secondary,641,yes,no,unknown,may,1,-1,0,unknown,no,0,0,1,Low,0,0,0.033227243
555,53,blue-collar,married,secondary,2531,yes,no,cellular,apr,1,-1,0,unknown,no,0,0,1,Medium,0,0,0.08407433
556,27,management,single,tertiary,212,yes,no,cellular,may,1,-1,0,unknown,no,0,0,1,Low,0,0,0.08227416
557,33,services,married,tertiary,85,no,no,unknown,may,3,-1,0,unknown,no,0,0,0,Low,0,0,0.02020704
558,33,management,single,secondary,0,no,no,cellular,aug,2,-1,0,unknown,no,0,0,0,Negative,0,0,0.03011639
559,49,technician,divorced,secondary,7,yes,yes,cellular,nov,1,-1,0,unknown,no,0,0,1,Low,0,0,0.04965426
560,47,blue-collar,married,primary,1452,yes,yes,cellular,aug,2,-1,0,unknown,no,0,0,1,Medium,0,0,0.09907765
561,30,management,married,tertiary,126,yes,yes,cellular,jul,10,-1,0,unknown,no,0,0,1,Low,0,0,0.12408153
562,44,technician,single,secondary,1195,yes,no,cellular,nov,6,188,9,failure,no,0,1,1,Medium,0,0,0.016332205
563,34,unemployed,divorced,tertiary,530,yes,no,cellular,may,1,-1,0,unknown,no,0,0,1,Low,0,0,0.058334816
564,38,services,married,secondary,-448,yes,no,cellular,jul,15,-1,0,unknown,no,0,0,1,Negative,0,0,0.039728563
565,35,management,single,tertiary,714,yes,no,cellular,apr,2,224,22,failure,no,0,1,1,Low,0,0,0.11231219
566,45,housemaid,married,secondary,513,no,no,unknown,jun,3,-1,0,unknown,no,0,0,0,Low,0,0,0.013182442
567,27,blue-collar,single,secondary,535,no,no,cellular,aug,3,95,4,success,yes,1,1,0,Low,1,1,0.6798057
568,45,blue-collar,married,unknown,0,no,no,cellular,aug,1,-1,0,unknown,no,0,0,0,Negative,0,0,0.05302258
569,36,admin.,single,secondary,0,yes,yes,unknown,may,6,-1,0,unknown,no,0,0,1,Negative,0,0,0.015144874
570,57,technician,single,secondary,3499,yes,no,cellular,nov,4,175,3,failure,no,0,1,1,Medium,0,0,0.086592816
571,31,management,single,tertiary,3967,yes,no,cellular,nov,1,182,1,failure,no,0,1,1,Medium,0,0,0.09187078
572,48,blue-collar,married,secondary,426,yes,yes,cellular,feb,2,177,2,failure,no,0,1,1,Low,0,0,0.0258316
573,35,housemaid,married,primary,0,no,yes,telephone,jul,1,-1,0,unknown,no,0,0,1,Negative,0,0,0.012680749
574,25,blue-collar,single,secondary,84,yes,no,cellular,may,2,-1,0,unknown,no,0,0,1,Low,0,0,0.13045798
575,35,blue-collar,married,secondary,911,yes,no,cellular,nov,2,181,5,other,no,0,1,1,Low,0,0,0.0589197
576,40,blue-collar,single,primary,-187,yes,no,cellular,feb,1,-1,0,unknown,no,0,0,1,Negative,0,0,0.071378686
577,30,unemployed,married,tertiary,1067,no,no,cellular,feb,2,-1,0,unknown,no,0,0,0,Medium,0,0,0.24026819
578,53,blue-collar,married,primary,-294,yes,yes,cellular,jul,22,-1,0,unknown,no,0,0,1,Negative,0,0,0.0019787475
579,48,management,married,tertiary,0,yes,no,cellular,jul,4,-1,0,unknown,no,0,0,1,Negative,0,0,0.0428121
580,50,self-employed,married,primary,0,no,no,cellular,aug,4,-1,0,unknown,no,0,0,0,Negative,0,0,0.017217603
581,55,services,married,secondary,841,yes,no,cellular,may,9,372,4,failure,no,0,1,1,Low,0,0,0.0141834365
582,34,technician,married,secondary,5553,yes,no,unknown,may,5,-1,0,unknown,no,0,0,1,High,0,0,0.025210556
583,30,blue-collar,single,secondary,397,yes,no,unknown,may,7,-1,0,unknown,no,0,0,1,Low,0,0,0.045207113
584,36,management,married,tertiary,96,no,no,cellular,jul,4,-1,0,unknown,yes,1,0,0,Low,1,0,0.09859802
585,56,services,single,secondary,-40,yes,no,cellular,may,1,368,2,failure,yes,1,1,1,Negative,1,0,0.062297214
586,39,management,married,tertiary,-233,yes,no,cellular,nov,1,-1,0,unknown,no,0,0,1,Negative,0,0,0.018366134
587,34,management,married,tertiary,1273,no,no,unknown,aug,2,-1,0,unknown,no,0,0,0,Medium,0,0,0.10593925
588,47,blue-collar,married,primary,269,yes,no,cellular,jul,5,-1,0,unknown,no,0,0,1,Low,0,0,0.07773645
589,49,blue-collar,married,unknown,5,no,no,cellular,aug,1,-1,0,unknown,no,0,0,0,Low,0,0,0.05031166
590,31,management,single,tertiary,-205,yes,no,unknown,jun,12,-1,0,unknown,no,0,0,1,Negative,0,0,0.025220172
591,28,blue-collar,single,secondary,1103,yes,no,unknown,jun,11,-1,0,unknown,no,0,0,1,Medium,0,0,0.06506877
592,47,services,divorced,secondary,28,yes,no,cellular,jul,1,-1,0,unknown,no,0,0,1,Low,0,0,0.10716037
593,43,admin.,single,secondary,445,yes,no,unknown,may,2,-1,0,unknown,no,0,0,1,Low,0,0,0.028812472
594,34,blue-collar,married,primary,3,yes,no,telephone,may,1,-1,0,unknown,no,0,0,1,Low,0,0,0.028836247
595,27,student,single,secondary,24,yes,no,cellular,jul,2,-1,0,unknown,no,0,0,1,Low,0,0,0.14552978
596,41,blue-collar,married,primary,372,yes,no,telephone,jul,1,-1,0,unknown,no,0,0,1,Low,0,0,0.032218736
597,48,management,married,tertiary,618,no,no,unknown,may,1,-1,0,unknown,no,0,0,0,Low,0,0,0.029667636
598,57,admin.,divorced,primary,628,yes,yes,unknown,may,1,-1,0,unknown,no,0,0,1,Low,0,0,0.04672091
599,59,blue-collar,married,primary,229,yes,yes,unknown,may,1,-1,0,unknown,no,0,0,1,Low,0,0,0.014748134
600,36,blue-collar,married,secondary,0,no,no,cellular,feb,1,244,1,failure,no,0,1,0,Negative,0,0,0.072082855
601,49,admin.,married,secondary,5361,no,no,cellular,aug,1,-1,0,unknown,no,0,0,0,High,0,0,0.15744413
602,33,technician,married,tertiary,4401,no,no,cellular,apr,1,-1,0,unknown,yes,1,0,0,Medium,1,1,0.7280658
603,37,technician,single,secondary,466,yes,no,unknown,jun,2,-1,0,unknown,no,0,0,1,Low,0,0,0.062278256
604,72,retired,married,secondary,0,no,no,cellular,oct,3,-1,0,unknown,yes,1,0,0,Negative,1,0,0.39269656
605,43,services,married,primary,-88,yes,yes,cellular,apr,1,147,2,failure,no,0,1,1,Negative,0,0,0.019620256
606,32,management,single,tertiary,7419,yes,no,unknown,jun,29,-1,0,unknown,no,0,0,1,High,0,0,0.01588807
607,51,admin.,divorced,tertiary,66,yes,no,cellular,mar,1,478,2,failure,no,0,1,1,Low,0,1,0.5489908
608,42,management,married,tertiary,99,no,no,cellular,aug,4,-1,0,unknown,no,0,0,0,Low,0,0,0.048489798
609,45,technician,married,secondary,999,yes,no,unknown,may,2,-1,0,unknown,no,0,0,1,Low,0,0,0.040617548
610,65,management,married,secondary,587,no,no,cellular,apr,2,-1,0,unknown,yes,1,0,0,Low,1,1,0.50428283
611,58,management,single,unknown,1873,no,no,unknown,jun,2,-1,0,unknown,no,0,0,0,Medium,0,0,0.033763073
612,57,entrepreneur,married,tertiary,0,yes,yes,unknown,jun,2,-1,0,unknown,no,0,0,1,Negative,0,0,0.03589048
613,31,technician,married,tertiary,5119,no,no,cellular,nov,1,-1,0,unknown,no,0,0,0,High,0,0,0.15159704
614,28,blue-collar,single,tertiary,727,yes,no,unknown,jun,4,-1,0,unknown,no,0,0,1,Low,0,0,0.28215334
615,50,entrepreneur,married,secondary,0,yes,yes,cellular,nov,1,-1,0,unknown,no,0,0,1,Negative,0,0,0.029294185
616,70,retired,divorced,secondary,4572,no,no,cellular,jul,11,162,5,failure,no,0,1,0,Medium,0,0,0.14760533
617,27,admin.,single,secondary,116,no,no,cellular,jan,1,-1,0,unknown,no,0,0,0,Low,0,0,0.19005787
618,57,technician,married,secondary,950,yes,no,cellular,jul,1,-1,0,unknown,no,0,0,1,Low,0,0,0.07112418
619,57,management,married,tertiary,1318,no,no,cellular,apr,2,-1,0,unknown,no,0,0,0,Medium,0,0,0.2561857
620,35,technician,single,tertiary,272,no,no,cellular,aug,2,-1,0,unknown,no,0,0,0,Low,0,0,0.104690254
621,44,services,married,secondary,-289,no,yes,cellular,nov,1,118,1,other,no,0,1,1,Negative,0,0,0.019144682
622,32,technician,single,tertiary,1246,yes,no,cellular,apr,1,85,2,success,yes,1,1,1,Medium,1,0,0.41874257
623,35,blue-collar,married,secondary,1454,yes,no,cellular,aug,1,182,4,success,yes,1,1,1,Medium,1,1,0.62921935
624,39,management,married,tertiary,-468,yes,yes,cellular,aug,2,-1,0,unknown,no,0,0,1,Negative,0,0,0.01906712
625,37,unemployed,single,tertiary,1032,no,no,telephone,feb,1,-1,0,unknown,no,0,0,0,Medium,0,0,0.19598609
626,45,technician,divorced,secondary,5862,yes,no,cellular,nov,1,110,3,other,no,0,1,1,High,0,0,0.031451557
627,58,entrepreneur,married,secondary,496,no,no,cellular,apr,1,-1,0,unknown,yes,1,0,0,Low,1,0,0.2934949
628,21,admin.,single,secondary,66,yes,no,cellular,may,1,330,2,failure,no,0,1,1,Low,0,0,0.21380678
629,33,technician,single,tertiary,849,yes,no,cellular,may,2,291,5,failure,no,0,1,1,Low,0,0,0.10322852
630,27,student,single,tertiary,37,yes,no,cellular,may,1,364,1,failure,no,0,1,1,Low,0,0,0.082975194
631,36,blue-collar,married,secondary,0,no,no,unknown,jun,3,-1,0,unknown,no,0,0,0,Negative,0,0,0.027673887
632,37,blue-collar,married,primary,587,no,no,unknown,jun,2,-1,0,unknown,no,0,0,0,Low,0,0,0.033604555
633,38,management,married,tertiary,3440,no,no,cellular,aug,10,-1,0,unknown,no,0,0,0,Medium,0,0,0.07733489
634,37,management,single,tertiary,-25,no,no,unknown,jun,2,-1,0,unknown,no,0,0,0,Negative,0,0,0.032532953
635,56,entrepreneur,single,unknown,2351,no,no,unknown,jun,1,-1,0,unknown,no,0,0,0,Medium,0,0,0.0606137
636,29,management,married,tertiary,1,yes,no,cellular,jul,1,-1,0,unknown,no,0,0,1,Low,0,0,0.025499979
637,51,technician,married,tertiary,1057,no,no,unknown,jun,2,-1,0,unknown,no,0,0,0,Medium,0,0,0.046508826
638,46,blue-collar,married,secondary,942,no,no,telephone,jul,2,-1,0,unknown,no,0,0,0,Low,0,0,0.10097309
639,52,management,married,tertiary,1177,yes,no,unknown,may,1,-1,0,unknown,no,0,0,1,Medium,0,0,0.019512277
640,33,management,divorced,tertiary,990,yes,no,cellular,jul,2,-1,0,unknown,yes,1,0,1,Low,1,0,0.077933185
641,27,management,married,tertiary,893,no,no,cellular,oct,2,-1,0,unknown,yes,1,0,0,Low,1,1,0.52209574
642,58,management,divorced,tertiary,372,no,yes,unknown,oct,1,-1,0,unknown,yes,1,0,1,Low,1,1,0.8432218
643,50,blue-collar,married,secondary,16,yes,no,cellular,may,1,356,11,failure,no,0,1,1,Low,0,0,0.01023444
644,47,admin.,single,secondary,15,no,no,cellular,feb,1,266,4,failure,no,0,1,0,Low,0,0,0.05028663
645,31,management,married,tertiary,3,yes,yes,cellular,feb,1,-1,0,unknown,yes,1,0,1,Low,1,0,0.20291224
646,63,management,married,tertiary,2785,no,no,cellular,aug,2,392,3,success,yes,1,1,0,Medium,1,1,0.6690451
647,44,services,divorced,secondary,20541,no,yes,unknown,jun,2,-1,0,unknown,no,0,0,1,High,0,0,0.033101656
648,32,admin.,single,secondary,781,no,no,cellular,nov,1,-1,0,unknown,no,0,0,0,Low,0,0,0.07509661
649,32,blue-collar,married,secondary,257,yes,yes,cellular,jan,1,239,1,other,no,0,1,1,Low,0,0,0.008903848
650,59,retired,married,secondary,667,no,no,cellular,nov,1,-1,0,unknown,no,0,0,0,Low,0,0,0.08716394
651,44,blue-collar,married,primary,-420,yes,no,cellular,may,2,-1,0,unknown,no,0,0,1,Negative,0,0,0.13092083
652,33,blue-collar,married,secondary,1924,yes,yes,cellular,jul,1,-1,0,unknown,no,0,0,1,Medium,0,0,0.045172457
653,44,admin.,single,secondary,-30,yes,no,unknown,may,5,-1,0,unknown,no,0,0,1,Negative,0,0,0.011025918
654,52,management,married,tertiary,0,no,no,cellular,aug,2,-1,0,unknown,no,0,0,0,Negative,0,0,0.086704575
655,56,management,single,tertiary,3694,no,no,cellular,aug,4,-1,0,unknown,no,0,0,0,Medium,0,0,0.18069296
656,32,blue-collar,married,secondary,523,yes,no,unknown,may,5,-1,0,unknown,no,0,0,1,Low,0,0,0.02960104
657,42,unemployed,single,secondary,1523,yes,no,cellular,feb,1,-1,0,unknown,no,0,0,1,Medium,0,0,0.070564896
658,41,management,married,tertiary,2251,no,no,cellular,aug,9,-1,0,unknown,no,0,0,0,Medium,0,0,0.05900179
659,57,management,divorced,tertiary,-676,yes,yes,cellular,jan,2,247,1,failure,no,0,1,1,Negative,0,0,0.0020502538
660,30,services,single,secondary,405,yes,no,cellular,feb,1,265,2,other,no,0,1,1,Low,0,0,0.034892343
661,34,management,single,tertiary,46,no,no,cellular,aug,17,-1,0,unknown,no,0,0,0,Low,0,0,0.012926873
662,38,services,married,secondary,7708,yes,no,cellular,may,4,331,3,other,no,0,1,1,High,0,0,0.24736576
663,36,blue-collar,married,secondary,2452,yes,no,cellular,nov,1,-1,0,unknown,no,0,0,1,Medium,0,0,0.06787826
664,27,student,single,secondary,3096,yes,no,telephone,may,4,357,1,failure,no,0,1,1,Medium,0,0,0.10351665
665,46,management,single,tertiary,1631,yes,no,cellular,apr,1,-1,0,unknown,no,0,0,1,Medium,0,0,0.09610899
666,30,admin.,married,secondary,1310,no,no,telephone,oct,1,-1,0,unknown,no,0,0,0,Medium,0,1,0.63723224
667,34,technician,married,secondary,390,yes,no,cellular,mar,2,231,2,failure,yes,1,1,1,Low,1,0,0.18998215
668,27,admin.,single,secondary,1391,yes,no,unknown,may,1,-1,0,unknown,no,0,0,1,Medium,0,0,0.04632523
669,42,management,married,tertiary,5,no,no,cellular,nov,2,-1,0,unknown,no,0,0,0,Low,0,0,0.06237192
670,36,blue-collar,married,primary,4608,yes,no,cellular,may,7,-1,0,unknown,no,0,0,1,Medium,0,0,0.06166919
671,31,management,married,tertiary,0,yes,no,cellular,may,2,167,1,failure,no,0,1,1,Negative,0,0,0.05013247
672,37,services,married,secondary,-954,yes,no,cellular,nov,1,180,3,failure,no,0,1,1,Negative,0,0,0.04873891
673,34,technician,single,secondary,0,no,no,cellular,aug,6,-1,0,unknown,no,0,0,0,Negative,0,0,0.022936909
674,31,technician,single,secondary,253,no,no,cellular,jan,1,-1,0,unknown,no,0,0,0,Low,0,0,0.4389295
675,54,management,married,tertiary,884,yes,no,unknown,jun,1,-1,0,unknown,no,0,0,1,Low,0,0,0.04368297
676,44,blue-collar,married,primary,612,yes,yes,cellular,nov,1,-1,0,unknown,no,0,0,1,Low,0,0,0.037605036
677,32,management,single,tertiary,0,no,no,cellular,nov,6,-1,0,unknown,no,0,0,0,Negative,0,0,0.05451768
678,33,services,divorced,secondary,2411,yes,no,cellular,oct,1,161,1,failure,yes,1,1,1,Medium,1,1,0.51743716
679,31,management,divorced,secondary,0,yes,no,cellular,jul,7,-1,0,unknown,no,0,0,1,Negative,0,0,0.15342826
680,53,management,married,tertiary,1313,no,no,cellular,aug,2,-1,0,unknown,no,0,0,0,Medium,0,0,0.12378377
681,58,housemaid,married,primary,2387,no,no,unknown,jun,2,-1,0,unknown,no,0,0,0,Medium,0,0,0.018360268
682,40,technician,married,secondary,192,yes,yes,cellular,may,8,351,5,failure,no,0,1,1,Low,0,0,0.0030192037
683,47,management,single,secondary,-246,yes,no,cellular,may,1,365,2,failure,no,0,1,1,Negative,0,0,0.014826014
684,58,blue-collar,married,secondary,1075,yes,no,cellular,may,1,-1,0,unknown,no,0,0,1,Medium,0,0,0.07207495
685,33,technician,married,tertiary,2364,yes,no,unknown,jun,2,-1,0,unknown,no,0,0,1,Medium,0,0,0.024301795
686,57,management,married,tertiary,4929,yes,no,telephone,jul,4,-1,0,unknown,no,0,0,1,Medium,0,0,0.03473307
687,41,housemaid,married,primary,3291,yes,no,unknown,may,4,-1,0,unknown,no,0,0,1,Medium,0,0,0.017671924
688,33,management,married,tertiary,137,yes,yes,cellular,aug,2,-1,0,unknown,no,0,0,1,Low,0,0,0.037320063
689,35,management,married,tertiary,0,no,no,cellular,aug,2,-1,0,unknown,no,0,0,0,Negative,0,0,0.04250718
690,59,blue-collar,married,primary,-365,yes,no,cellular,jul,11,-1,0,unknown,no,0,0,1,Negative,0,0,0.11598335
691,51,management,married,tertiary,630,yes,no,cellular,may,1,-1,0,unknown,no,0,0,1,Low,0,0,0.056944225
692,53,management,married,tertiary,3634,no,no,cellular,may,4,88,8,success,yes,1,1,0,Medium,1,1,0.63945436
693,28,self-employed,single,tertiary,222,no,yes,cellular,jul,1,-1,0,unknown,no,0,0,1,Low,0,0,0.102409534
694,27,services,married,secondary,0,yes,no,cellular,jul,13,-1,0,unknown,no,0,0,1,Negative,0,0,0.42213732
695,36,blue-collar,married,secondary,771,yes,no,unknown,may,4,-1,0,unknown,no,0,0,1,Low,0,0,0.033857796
696,33,technician,married,secondary,390,no,no,cellular,aug,2,-1,0,unknown,no,0,0,0,Low,0,0,0.093767226
697,52,blue-collar,married,primary,9444,no,no,cellular,jul,3,-1,0,unknown,no,0,0,0,High,0,0,0.18798783
698,42,blue-collar,married,secondary,130,no,no,unknown,jun,3,-1,0,unknown,no,0,0,0,Low,0,0,0.04840679
699,55,blue-collar,married,primary,-219,yes,no,telephone,may,2,364,4,failure,no,0,1,1,Negative,0,0,0.026658168
700,55,blue-collar,single,tertiary,325,yes,no,unknown,may,1,-1,0,unknown,no,0,0,1,Low,0,0,0.02774106
701,44,blue-collar,married,secondary,476,yes,no,unknown,may,1,-1,0,unknown,no,0,0,1,Low,0,0,0.036975518
702,27,admin.,single,secondary,827,yes,no,cellular,jun,1,107,1,failure,no,0,1,1,Low,0,0,0.37872115
703,41,blue-collar,married,primary,512,yes,no,unknown,may,2,-1,0,unknown,no,0,0,1,Low,0,0,0.018213991
704,46,blue-collar,married,secondary,922,yes,no,telephone,nov,2,-1,0,unknown,no,0,0,1,Low,0,0,0.058505647
705,38,technician,single,tertiary,-256,yes,no,unknown,may,1,-1,0,unknown,no,0,0,1,Negative,0,0,0.01381254
706,47,self-employed,married,unknown,935,yes,no,unknown,may,1,-1,0,unknown,no,0,0,1,Low,0,0,0.026653316
707,58,retired,married,secondary,195,no,no,cellular,feb,1,-1,0,unknown,no,0,0,0,Low,0,0,0.07560537
708,55,services,divorced,secondary,141,yes,no,unknown,may,2,-1,0,unknown,no,0,0,1,Low,0,0,0.013263319
709,45,technician,divorced,secondary,3271,no,no,cellular,may,2,-1,0,unknown,no,0,0,0,Medium,0,0,0.18176763
710,39,management,married,tertiary,2939,no,no,cellular,jun,1,165,2,success,no,0,1,0,Medium,0,1,0.8123925
711,44,blue-collar,divorced,secondary,272,yes,no,cellular,feb,4,205,2,failure,no,0,1,1,Low,0,0,0.0229159
712,52,admin.,single,unknown,2227,no,no,cellular,feb,2,-1,0,unknown,yes,1,0,0,Medium,1,0,0.30817172
713,26,student,single,tertiary,193,no,no,cellular,apr,2,-1,0,unknown,no,0,0,0,Low,0,1,0.6614936
714,41,housemaid,married,primary,2429,no,no,cellular,jan,1,-1,0,unknown,no,0,0,0,Medium,0,0,0.057829
715,43,entrepreneur,married,tertiary,903,yes,no,cellular,apr,1,-1,0,unknown,no,0,0,1,Low,0,0,0.080731325
716,48,blue-collar,married,primary,8,no,no,cellular,aug,2,-1,0,unknown,no,0,0,0,Low,0,0,0.024390487
717,30,blue-collar,single,secondary,411,no,no,cellular,may,1,-1,0,unknown,no,0,0,0,Low,0,0,0.24878764
718,32,blue-collar,single,primary,1450,yes,no,cellular,feb,6,273,1,other,no,0,1,1,Medium,0,0,0.019536791
719,40,blue-collar,married,unknown,638,yes,yes,cellular,feb,3,254,2,failure,no,0,1,1,Low,0,0,0.017669946
720,29,management,single,tertiary,187,yes,no,cellular,jan,2,555,2,failure,no,0,1,1,Low,0,0,0.050803933
721,31,blue-collar,single,secondary,-27,no,no,unknown,jul,2,-1,0,unknown,no,0,0,0,Negative,0,0,0.027442794
722,36,self-employed,single,tertiary,583,no,no,cellular,jan,1,235,1,other,no,0,1,0,Low,0,0,0.056301866
723,46,self-employed,married,unknown,-257,no,no,cellular,nov,1,189,2,failure,no,0,1,0,Negative,0,0,0.021970836
724,41,technician,single,unknown,2701,yes,no,cellular,feb,4,-1,0,unknown,no,0,0,1,Medium,0,0,0.06796922
725,39,housemaid,married,primary,15352,no,no,unknown,jun,1,-1,0,unknown,no,0,0,0,High,0,0,0.005843722
726,52,unemployed,divorced,tertiary,0,no,no,unknown,jun,1,-1,0,unknown,no,0,0,0,Negative,0,0,0.064413555
727,59,admin.,married,secondary,4196,no,no,telephone,jul,2,-1,0,unknown,no,0,0,0,Medium,0,0,0.08185214
728,44,management,married,tertiary,17,yes,no,unknown,may,2,-1,0,unknown,no,0,0,1,Low,0,0,0.007427881
729,32,technician,single,tertiary,1534,no,no,cellular,feb,2,-1,0,unknown,no,0,0,0,Medium,0,0,0.08582996
730,51,self-employed,divorced,primary,10924,no,no,cellular,may,2,-1,0,unknown,no,0,0,0,High,0,0,0.10101107
731,59,services,married,secondary,-22,yes,no,unknown,may,3,-1,0,unknown,yes,1,0,1,Negative,1,0,0.020669386
732,29,technician,married,tertiary,604,yes,no,cellular,may,4,-1,0,unknown,no,0,0,1,Low,0,0,0.08753282
733,31,blue-collar,married,secondary,1664,yes,no,cellular,apr,1,182,1,success,no,0,1,1,Medium,0,1,0.651564
734,37,management,married,tertiary,4293,yes,no,cellular,aug,2,-1,0,unknown,no,0,0,1,Medium,0,0,0.06397182
735,30,technician,single,tertiary,3,yes,no,cellular,nov,1,195,1,failure,no,0,1,1,Low,0,0,0.05739922
736,45,technician,married,secondary,4466,yes,no,unknown,jun,1,-1,0,unknown,no,0,0,1,Medium,0,0,0.03744299
737,40,management,married,tertiary,2840,yes,no,cellular,jul,4,-1,0,unknown,no,0,0,1,Medium,0,0,0.09611365
738,40,technician,divorced,secondary,692,yes,no,unknown,may,3,-1,0,unknown,no,0,0,1,Low,0,0,0.105157286
739,20,blue-collar,single,secondary,423,yes,no,cellular,apr,1,-1,0,unknown,yes,1,0,1,Low,1,0,0.1975503
740,25,technician,single,tertiary,184,yes,yes,cellular,apr,1,-1,0,unknown,no,0,0,1,Low,0,0,0.068935744
741,30,student,single,secondary,0,no,no,cellular,apr,1,-1,0,unknown,no,0,0,0,Negative,0,0,0.45920825
742,44,blue-collar,married,secondary,5414,no,no,cellular,jul,4,-1,0,unknown,no,0,0,0,High,0,0,0.052017216
743,52,retired,married,secondary,424,no,no,cellular,nov,1,154,3,failure,no,0,1,0,Low,0,0,0.03915443
744,44,blue-collar,married,unknown,879,no,no,telephone,jul,1,-1,0,unknown,no,0,0,0,Low,0,0,0.05152072
745,41,management,married,tertiary,653,yes,no,telephone,nov,2,-1,0,unknown,no,0,0,1,Low,0,0,0.024381183
746,38,services,single,secondary,1315,no,no,unknown,jun,12,-1,0,unknown,no,0,0,0,Medium,0,0,0.026246615
747,51,technician,married,secondary,563,yes,no,cellular,jul,3,-1,0,unknown,no,0,0,1,Low,0,0,0.06839345
748,54,retired,divorced,secondary,13,yes,no,cellular,jul,2,-1,0,unknown,no,0,0,1,Low,0,0,0.09967898
749,36,technician,single,secondary,-206,yes,no,cellular,may,1,360,4,failure,no,0,1,1,Negative,0,0,0.02873347
750,45,housemaid,married,secondary,16358,no,no,telephone,nov,1,-1,0,unknown,no,0,0,0,High,0,0,0.020037875
751,25,services,single,secondary,443,yes,no,cellular,may,1,-1,0,unknown,no,0,0,1,Low,0,0,0.09833148
752,33,blue-collar,divorced,secondary,126,yes,no,unknown,may,3,-1,0,unknown,no,0,0,1,Low,0,0,0.030254537
753,33,technician,single,secondary,234,no,no,cellular,apr,1,370,2,failure,no,0,1,0,Low,0,0,0.23811641
754,50,blue-collar,married,primary,231,yes,no,unknown,may,4,-1,0,unknown,no,0,0,1,Low,0,0,0.02143004
755,29,management,single,tertiary,1952,yes,no,unknown,may,1,-1,0,unknown,no,0,0,1,Medium,0,0,0.022541825
756,57,management,married,tertiary,4547,no,no,cellular,aug,4,-1,0,unknown,no,0,0,0,Medium,0,0,0.14068599
757,38,blue-collar,married,primary,481,yes,no,telephone,may,5,-1,0,unknown,no,0,0,1,Low,0,0,0.034188833
758,51,blue-collar,divorced,primary,37,yes,no,cellular,may,1,-1,0,unknown,no,0,0,1,Low,0,0,0.14249341
759,38,technician,single,unknown,1923,no,no,cellular,jul,4,-1,0,unknown,no,0,0,0,Medium,0,0,0.09642529
760,30,technician,single,secondary,846,no,no,cellular,nov,2,-1,0,unknown,no,0,0,0,Low,0,0,0.14802052
761,34,management,divorced,secondary,124,yes,no,cellular,nov,1,163,4,other,no,0,1,1,Low,0,0,0.057121523
762,29,technician,single,secondary,113,no,no,cellular,feb,2,183,4,success,yes,1,1,0,Low,1,1,0.6967826
763,41,entrepreneur,married,secondary,707,no,no,unknown,jun,1,-1,0,unknown,yes,1,0,0,Low,1,0,0.034527816
764,37,services,married,secondary,1399,yes,no,cellular,apr,1,-1,0,unknown,no,0,0,1,Medium,0,0,0.047254942
765,57,management,married,tertiary,10583,no,no,cellular,sep,3,98,3,success,yes,1,1,0,High,1,1,0.8694039
766,28,management,single,tertiary,-380,yes,no,unknown,jun,4,-1,0,unknown,no,0,0,1,Negative,0,0,0.08338809
767,32,admin.,married,tertiary,176,yes,no,cellular,jul,1,-1,0,unknown,no,0,0,1,Low,0,0,0.019110102
768,59,admin.,married,secondary,230,yes,no,unknown,may,3,-1,0,unknown,no,0,0,1,Low,0,0,0.01474282
769,31,blue-collar,single,secondary,53,yes,no,unknown,may,1,-1,0,unknown,no,0,0,1,Low,0,0,0.024287857
770,30,management,divorced,tertiary,477,yes,no,telephone,may,1,-1,0,unknown,no,0,0,1,Low,0,0,0.08316664
771,26,admin.,single,secondary,-326,yes,no,unknown,may,3,-1,0,unknown,no,0,0,1,Negative,0,0,0.018302048
772,39,management,married,tertiary,710,yes,no,cellular,jul,2,-1,0,unknown,no,0,0,1,Low,0,0,0.052090272
773,48,technician,married,secondary,335,no,no,unknown,jun,3,-1,0,unknown,no,0,0,0,Low,0,0,0.042898886
774,34,blue-collar,married,primary,-204,yes,no,cellular,may,6,-1,0,unknown,no,0,0,1,Negative,0,0,0.07721687
775,43,technician,divorced,secondary,0,no,no,cellular,aug,3,-1,0,unknown,no,0,0,0,Negative,0,0,0.060530856
776,44,unknown,single,unknown,1239,no,no,unknown,jun,4,-1,0,unknown,no,0,0,0,Medium,0,0,0.019772338
777,31,unknown,divorced,tertiary,137,no,no,cellular,aug,9,-1,0,unknown,no,0,0,0,Low,0,0,0.093738236
778,36,technician,married,tertiary,341,no,no,cellular,feb,2,183,1,success,yes,1,1,0,Low,1,1,0.91349787
779,42,housemaid,married,primary,83,no,yes,cellular,aug,1,-1,0,unknown,no,0,0,1,Low,0,0,0.023945646
780,41,admin.,married,secondary,0,yes,no,unknown,may,3,-1,0,unknown,no,0,0,1,Negative,0,0,0.011905376
781,32,blue-collar,married,secondary,0,no,no,cellular,jul,1,-1,0,unknown,no,0,0,0,Negative,0,0,0.05662804
782,46,blue-collar,single,secondary,-100,yes,no,cellular,may,2,303,1,failure,no,0,1,1,Negative,0,0,0.018419856
783,39,blue-collar,married,primary,0,no,no,unknown,may,5,-1,0,unknown,no,0,0,0,Negative,0,0,0.0058324467
784,31,services,married,secondary,0,yes,no,cellular,jan,2,-1,0,unknown,no,0,0,1,Negative,0,0,0.009316753
785,52,blue-collar,divorced,primary,-57,yes,no,unknown,may,3,-1,0,unknown,no,0,0,1,Negative,0,0,0.006929172
786,48,unemployed,married,tertiary,1571,yes,no,cellular,feb,3,-1,0,unknown,no,0,0,1,Medium,0,0,0.38290954
787,53,self-employed,divorced,tertiary,1841,no,no,unknown,jun,5,-1,0,unknown,no,0,0,0,Medium,0,0,0.026892975
788,45,blue-collar,married,primary,47,no,yes,cellular,aug,4,-1,0,unknown,no,0,0,1,Low,0,0,0.030334326
789,37,services,married,secondary,237,yes,no,unknown,may,1,-1,0,unknown,no,0,0,1,Low,0,0,0.021861972
790,37,blue-collar,married,secondary,208,no,no,cellular,may,1,-1,0,unknown,no,0,0,0,Low,0,0,0.17003992
791,32,management,married,tertiary,500,yes,no,unknown,may,1,-1,0,unknown,no,0,0,1,Low,0,0,0.021439722
792,32,admin.,single,tertiary,490,yes,no,unknown,may,2,-1,0,unknown,no,0,0,1,Low,0,0,0.041770045
793,53,management,married,tertiary,-252,no,yes,cellular,jul,2,-1,0,unknown,no,0,0,1,Negative,0,0,0.010558456
794,31,services,married,secondary,1167,yes,yes,cellular,nov,1,-1,0,unknown,no,0,0,1,Medium,0,0,0.05548582
795,46,management,married,tertiary,-191,yes,no,cellular,feb,3,202,3,failure,no,0,1,1,Negative,0,0,0.118773036
796,43,technician,married,secondary,0,yes,no,cellular,jul,2,-1,0,unknown,no,0,0,1,Negative,0,0,0.042383503
797,56,retired,married,primary,9367,no,no,cellular,may,2,-1,0,unknown,yes,1,0,0,High,1,0,0.11701282
798,29,technician,single,tertiary,2998,no,no,unknown,jun,3,-1,0,unknown,no,0,0,0,Medium,0,0,0.04339172
799,30,blue-collar,married,primary,597,yes,no,unknown,may,1,-1,0,unknown,no,0,0,1,Low,0,0,0.059212018
800,45,blue-collar,married,primary,0,no,yes,unknown,jun,2,-1,0,unknown,no,0,0,1,Negative,0,0,0.026368137
801,46,technician,married,secondary,349,yes,yes,unknown,may,1,-1,0,unknown,no,0,0,1,Low,0,0,0.015491907
802,33,management,single,tertiary,935,no,no,cellular,feb,2,92,8,success,yes,1,1,0,Low,1,1,0.8867866
803,42,management,married,tertiary,0,no,yes,telephone,may,3,361,4,failure,no,0,1,1,Negative,0,0,0.07520714
804,42,services,married,secondary,737,yes,no,unknown,may,2,-1,0,unknown,no,0,0,1,Low,0,0,0.0180672
805,38,management,married,tertiary,516,yes,no,telephone,apr,3,-1,0,unknown,no,0,0,1,Low,0,0,0.04261963
806,39,blue-collar,single,secondary,1967,no,no,unknown,jun,9,-1,0,unknown,no,0,0,0,Medium,0,0,0.06652708
807,26,management,single,tertiary,3704,no,no,cellular,aug,4,-1,0,unknown,yes,1,0,0,Medium,1,0,0.14856473
808,43,services,married,primary,2567,yes,no,cellular,may,1,360,2,failure,no,0,1,1,Medium,0,0,0.04874339
809,54,management,married,tertiary,6525,yes,no,cellular,nov,1,170,3,failure,no,0,1,1,High,0,0,0.03459191
810,33,management,married,tertiary,22867,yes,no,cellular,nov,2,92,3,failure,yes,1,1,1,High,1,0,0.068715
811,49,services,married,secondary,245,yes,yes,unknown,may,1,-1,0,unknown,no,0,0,1,Low,0,0,0.011467305
812,48,blue-collar,married,primary,51,no,yes,telephone,jul,1,-1,0,unknown,no,0,0,1,Low,0,0,0.016244646
813,42,unemployed,married,unknown,970,yes,no,telephone,nov,1,119,10,success,no,0,1,1,Low,0,1,0.5949067
814,47,technician,married,secondary,52,no,no,cellular,aug,4,-1,0,unknown,no,0,0,0,Low,0,0,0.031321958
815,46,management,married,tertiary,71,yes,no,cellular,aug,4,-1,0,unknown,no,0,0,1,Low,0,0,0.038539425
816,36,housemaid,married,primary,622,no,no,unknown,jun,5,-1,0,unknown,no,0,0,0,Low,0,0,0.024608107
817,35,services,married,secondary,4170,yes,no,unknown,may,1,-1,0,unknown,yes,1,0,1,Medium,1,0,0.023332676
818,57,housemaid,married,primary,501,yes,yes,cellular,aug,2,-1,0,unknown,no,0,0,1,Low,0,0,0.028597286
819,46,management,married,tertiary,0,no,no,cellular,aug,2,-1,0,unknown,no,0,0,0,Negative,0,0,0.029566072
820,33,management,married,secondary,879,yes,no,unknown,may,1,-1,0,unknown,no,0,0,1,Low,0,0,0.046173207
821,61,unemployed,married,primary,1,no,no,cellular,sep,1,-1,0,unknown,no,0,0,0,Low,0,0,0.2327047
822,56,technician,married,unknown,9246,no,no,unknown,jun,3,-1,0,unknown,no,0,0,0,High,0,0,0.042245146
823,64,retired,married,secondary,1370,no,no,cellular,aug,1,-1,0,unknown,no,0,0,0,Medium,0,0,0.333064
824,45,technician,single,secondary,4367,yes,no,cellular,feb,1,-1,0,unknown,no,0,0,1,Medium,0,1,0.60266775
825,33,blue-collar,married,secondary,1988,yes,no,unknown,may,2,-1,0,unknown,no,0,0,1,Medium,0,0,0.023872068
826,35,admin.,married,secondary,8652,yes,no,unknown,jun,6,-1,0,unknown,no,0,0,1,High,0,0,0.016724836
827,58,management,married,primary,1021,no,no,unknown,nov,1,-1,0,unknown,no,0,0,0,Medium,0,0,0.062207997
828,32,admin.,married,secondary,277,yes,no,unknown,jun,12,-1,0,unknown,no,0,0,1,Low,0,0,0.034746036
829,43,entrepreneur,married,secondary,0,no,no,telephone,jul,12,-1,0,unknown,no,0,0,0,Negative,0,0,0.04945069
830,42,management,married,tertiary,4617,yes,no,cellular,jul,2,-1,0,unknown,no,0,0,1,Medium,0,0,0.047803316
831,31,services,single,secondary,712,no,no,cellular,jul,25,-1,0,unknown,no,0,0,0,Low,0,0,0.010572304
832,31,management,single,tertiary,18,no,no,cellular,aug,2,-1,0,unknown,no,0,0,0,Low,0,0,0.05032128
833,54,management,married,tertiary,500,yes,no,cellular,aug,4,-1,0,unknown,no,0,0,1,Low,0,0,0.066183314
834,59,retired,married,secondary,2011,no,no,cellular,nov,2,-1,0,unknown,no,0,0,0,Medium,0,0,0.083635
835,73,retired,married,secondary,250,no,no,telephone,aug,4,-1,0,unknown,no,0,0,0,Low,0,0,0.117845915
836,35,blue-collar,single,primary,293,yes,no,unknown,may,2,-1,0,unknown,no,0,0,1,Low,0,0,0.12372354
837,46,admin.,married,secondary,1083,no,no,cellular,aug,9,-1,0,unknown,no,0,0,0,Medium,0,0,0.10041646
838,38,technician,married,secondary,1442,yes,yes,unknown,may,3,-1,0,unknown,no,0,0,1,Medium,0,0,0.04712468
839,43,technician,married,secondary,3049,no,no,cellular,jan,2,-1,0,unknown,no,0,0,0,Medium,0,0,0.1335637
840,25,blue-collar,single,secondary,224,no,yes,telephone,jul,4,-1,0,unknown,no,0,0,1,Low,0,0,0.18590668
841,44,services,single,secondary,5,no,no,cellular,jul,2,-1,0,unknown,no,0,0,0,Low,0,0,0.07366298
842,25,blue-collar,single,secondary,207,yes,no,unknown,may,1,-1,0,unknown,no,0,0,1,Low,0,0,0.037539043
843,29,technician,single,tertiary,940,yes,no,cellular,may,1,330,1,failure,no,0,1,1,Low,0,0,0.0911953
844,34,admin.,married,secondary,155,no,no,cellular,feb,2,-1,0,unknown,yes,1,0,0,Low,1,0,0.112829916
845,31,technician,married,secondary,535,no,no,cellular,aug,2,-1,0,unknown,no,0,0,0,Low,0,0,0.07483773
846,32,admin.,married,secondary,1604,no,yes,cellular,jul,1,-1,0,unknown,yes,1,0,1,Medium,1,0,0.08338612
847,45,unknown,married,tertiary,406,no,no,cellular,sep,1,-1,0,unknown,yes,1,0,0,Low,1,0,0.16203986
848,43,services,married,primary,2557,yes,no,telephone,oct,3,183,5,success,yes,1,1,1,Medium,1,1,0.7678756
849,37,admin.,divorced,unknown,471,yes,no,cellular,may,1,-1,0,unknown,no,0,0,1,Low,0,0,0.10444037
850,33,admin.,married,secondary,1293,yes,no,cellular,may,9,373,2,failure,no,0,1,1,Medium,0,0,0.017304651
851,40,technician,single,secondary,96,no,yes,cellular,jul,2,-1,0,unknown,no,0,0,1,Low,0,0,0.08698728
852,50,blue-collar,married,secondary,1984,yes,no,telephone,nov,3,-1,0,unknown,no,0,0,1,Medium,0,0,0.03228603
853,37,blue-collar,married,secondary,288,yes,no,cellular,may,6,-1,0,unknown,no,0,0,1,Low,0,0,0.033051703
854,58,technician,married,secondary,471,yes,yes,telephone,jul,1,-1,0,unknown,no,0,0,1,Low,0,0,0.09871887
855,35,management,married,tertiary,82,no,no,cellular,aug,4,-1,0,unknown,yes,1,0,0,Low,1,0,0.08576024
856,45,entrepreneur,married,tertiary,1752,yes,yes,cellular,nov,2,-1,0,unknown,no,0,0,1,Medium,0,0,0.053425174
857,60,retired,married,tertiary,0,no,no,cellular,aug,3,-1,0,unknown,no,0,0,0,Negative,0,0,0.110235654
858,50,services,married,unknown,37,no,no,cellular,aug,4,-1,0,unknown,no,0,0,0,Low,0,0,0.07117424
859,57,management,married,tertiary,3431,yes,no,unknown,may,1,-1,0,unknown,no,0,0,1,Medium,0,0,0.04903204
860,31,blue-collar,married,primary,196,no,no,cellular,aug,1,-1,0,unknown,no,0,0,0,Low,0,0,0.14544739
861,58,management,divorced,tertiary,50,yes,no,unknown,jun,4,-1,0,unknown,no,0,0,1,Low,0,0,0.023818
862,40,admin.,married,secondary,526,yes,no,cellular,may,1,-1,0,unknown,no,0,0,1,Low,0,0,0.05498296
863,40,admin.,married,secondary,220,yes,no,unknown,jun,3,-1,0,unknown,no,0,0,1,Low,0,0,0.04974507
864,57,technician,married,secondary,629,yes,no,unknown,may,2,-1,0,unknown,no,0,0,1,Low,0,0,0.0217817
865,35,blue-collar,married,secondary,603,yes,no,cellular,apr,2,-1,0,unknown,no,0,0,1,Low,0,0,0.058893215
866,49,management,married,tertiary,17432,no,no,cellular,nov,1,-1,0,unknown,no,0,0,0,High,0,0,0.014373599
867,35,blue-collar,married,secondary,514,yes,no,unknown,may,2,-1,0,unknown,no,0,0,1,Low,0,0,0.038565017
868,47,blue-collar,married,unknown,1660,no,no,cellular,aug,2,-1,0,unknown,no,0,0,0,Medium,0,0,0.10429963
869,37,services,single,secondary,174,yes,no,cellular,feb,1,271,2,failure,no,0,1,1,Low,0,0,0.013156142
870,55,technician,divorced,secondary,929,no,yes,telephone,sep,3,-1,0,unknown,no,0,0,1,Low,0,0,0.437001
871,32,technician,single,tertiary,13711,yes,no,cellular,may,1,175,3,success,no,0,1,1,High,0,1,0.6500275
872,45,management,single,secondary,-57,no,yes,cellular,jul,1,-1,0,unknown,no,0,0,1,Negative,0,0,0.04484577
873,35,technician,single,tertiary,2277,no,yes,cellular,aug,2,-1,0,unknown,no,0,0,1,Medium,0,0,0.08633203
874,41,management,married,secondary,99,yes,no,cellular,nov,2,-1,0,unknown,no,0,0,1,Low,0,0,0.028995426
875,40,technician,single,secondary,191,yes,no,cellular,may,4,374,1,other,no,0,1,1,Low,0,0,0.10409552
876,31,services,married,secondary,-331,yes,no,unknown,may,5,-1,0,unknown,no,0,0,1,Negative,0,0,0.0062349923
877,35,blue-collar,married,secondary,199,yes,no,cellular,apr,1,344,3,failure,no,0,1,1,Low,0,0,0.0967069
878,18,student,single,unknown,348,no,no,cellular,may,4,-1,0,unknown,yes,1,0,0,Low,1,0,0.46068645
879,75,retired,married,secondary,3771,no,no,telephone,apr,1,181,2,success,yes,1,1,0,Medium,1,1,0.91504717
880,35,technician,married,secondary,481,yes,yes,telephone,jan,4,164,1,other,no,0,1,1,Low,0,0,0.00424083
881,37,entrepreneur,married,tertiary,189,no,no,cellular,jun,2,-1,0,unknown,yes,1,0,0,Low,1,0,0.3840362
882,30,management,married,tertiary,0,yes,no,cellular,jul,1,-1,0,unknown,no,0,0,1,Negative,0,0,0.03483201
883,50,services,married,secondary,901,yes,no,unknown,jun,6,-1,0,unknown,no,0,0,1,Low,0,0,0.03213368
884,35,blue-collar,single,secondary,2514,yes,no,unknown,jun,5,-1,0,unknown,no,0,0,1,Medium,0,0,0.050648578
885,32,management,married,tertiary,1812,no,no,cellular,aug,1,182,4,other,yes,1,1,0,Medium,1,0,0.48749152
886,35,technician,single,secondary,2496,yes,no,cellular,apr,2,-1,0,unknown,no,0,0,1,Medium,0,0,0.1319622
887,34,blue-collar,married,primary,2490,yes,no,cellular,nov,2,180,1,failure,no,0,1,1,Medium,0,0,0.017768769
888,29,admin.,single,secondary,-53,yes,no,unknown,may,2,-1,0,unknown,no,0,0,1,Negative,0,0,0.060751826
889,61,housemaid,single,unknown,893,no,no,telephone,feb,1,-1,0,unknown,no,0,0,0,Low,0,0,0.2906487
890,37,management,married,tertiary,1300,yes,no,cellular,apr,1,-1,0,unknown,no,0,0,1,Medium,0,0,0.072085634
891,30,blue-collar,married,primary,-93,yes,no,cellular,apr,4,-1,0,unknown,no,0,0,1,Negative,0,0,0.091795295
892,43,management,married,secondary,375,yes,no,unknown,may,2,-1,0,unknown,no,0,0,1,Low,0,0,0.016639952
893,26,services,married,secondary,199,no,no,cellular,jul,6,-1,0,unknown,no,0,0,0,Low,0,0,0.14167443
894,31,management,married,secondary,89,yes,no,unknown,may,1,-1,0,unknown,no,0,0,1,Low,0,0,0.027071776
895,39,blue-collar,married,secondary,1756,yes,no,cellular,apr,1,-1,0,unknown,yes,1,0,1,Medium,1,0,0.12319469
896,58,services,divorced,secondary,462,no,no,cellular,aug,1,-1,0,unknown,yes,1,0,0,Low,1,0,0.2521425
897,38,technician,divorced,secondary,902,yes,no,cellular,aug,1,102,4,success,no,0,1,1,Low,0,0,0.3657698
898,37,technician,married,secondary,4030,yes,no,unknown,may,5,-1,0,unknown,no,0,0,1,Medium,0,0,0.013282534
899,56,services,married,secondary,159,yes,no,cellular,apr,3,-1,0,unknown,no,0,0,1,Low,0,0,0.04858462
900,53,management,single,tertiary,0,no,no,unknown,jun,7,-1,0,unknown,no,0,0,0,Negative,0,0,0.024249574
901,53,self-employed,married,tertiary,3711,no,no,cellular,nov,1,-1,0,unknown,no,0,0,0,Medium,0,0,0.09271174
902,35,management,single,tertiary,51,no,no,cellular,aug,5,-1,0,unknown,no,0,0,0,Low,0,0,0.10966245
903,33,blue-collar,married,secondary,463,yes,no,cellular,may,5,-1,0,unknown,no,0,0,1,Low,0,0,0.07630308
904,51,technician,married,secondary,100,no,no,cellular,feb,2,-1,0,unknown,yes,1,0,0,Low,1,0,0.05509912
905,41,services,married,secondary,6687,yes,no,cellular,jul,3,-1,0,unknown,no,0,0,1,High,0,0,0.0578462
906,37,technician,married,tertiary,127,yes,no,cellular,aug,1,193,1,success,yes,1,1,1,Low,1,0,0.44931385
907,30,blue-collar,married,secondary,486,yes,no,unknown,may,3,-1,0,unknown,yes,1,0,1,Low,1,0,0.07554512
908,47,unemployed,married,tertiary,1172,no,yes,cellular,nov,1,-1,0,unknown,no,0,0,1,Medium,0,0,0.07638474
909,33,self-employed,single,tertiary,61,no,no,cellular,aug,3,-1,0,unknown,yes,1,0,0,Low,1,0,0.08051258
910,26,services,married,secondary,27,yes,no,telephone,jul,3,-1,0,unknown,no,0,0,1,Low,0,0,0.08599868
911,36,blue-collar,married,primary,0,yes,no,unknown,may,2,-1,0,unknown,no,0,0,1,Negative,0,0,0.017913274
912,35,management,married,tertiary,0,yes,no,cellular,nov,2,96,3,success,yes,1,1,1,Negative,1,1,0.6472424
913,57,blue-collar,married,unknown,108,no,no,unknown,jun,1,-1,0,unknown,no,0,0,0,Low,0,0,0.035584822
914,59,blue-collar,married,primary,699,no,no,cellular,jan,1,154,6,failure,no,0,1,0,Low,0,0,0.02701639
915,34,unemployed,single,unknown,517,no,no,cellular,sep,3,-1,0,unknown,no,0,0,0,Low,0,0,0.34286395
916,42,self-employed,married,secondary,399,no,no,cellular,jan,2,-1,0,unknown,no,0,0,0,Low,0,0,0.052231047
917,43,self-employed,married,secondary,14144,yes,no,cellular,nov,1,-1,0,unknown,yes,1,0,1,High,1,0,0.03247166
918,34,blue-collar,married,primary,3,yes,no,cellular,may,2,-1,0,unknown,no,0,0,1,Low,0,0,0.083036184
919,38,blue-collar,married,secondary,2008,yes,no,cellular,nov,1,-1,0,unknown,no,0,0,1,Medium,0,0,0.05431319
920,33,technician,married,secondary,2376,no,no,cellular,aug,3,-1,0,unknown,no,0,0,0,Medium,0,0,0.08617485
921,49,technician,divorced,tertiary,1807,yes,no,cellular,mar,1,-1,0,unknown,yes,1,0,1,Medium,1,1,0.5972801
922,52,admin.,married,secondary,799,no,no,cellular,jul,2,-1,0,unknown,no,0,0,0,Low,0,0,0.08149473
923,27,unemployed,single,secondary,0,yes,no,unknown,may,2,-1,0,unknown,no,0,0,1,Negative,0,0,0.033631455
924,23,student,single,secondary,157,yes,no,unknown,may,1,-1,0,unknown,no,0,0,1,Low,0,0,0.0124962935
925,31,management,married,tertiary,155,yes,no,cellular,sep,1,99,1,failure,no,0,1,1,Low,0,0,0.2977313
926,51,housemaid,divorced,secondary,9228,no,no,cellular,jul,4,-1,0,unknown,yes,1,0,0,High,1,0,0.08040557
927,25,services,single,secondary,-371,yes,no,cellular,may,2,347,3,other,no,0,1,1,Negative,0,0,0.32153434
928,34,technician,single,secondary,1866,no,no,cellular,may,3,185,1,failure,no,0,1,0,Medium,0,0,0.07750753
929,30,technician,married,secondary,-189,no,no,cellular,aug,2,-1,0,unknown,no,0,0,0,Negative,0,0,0.01359955
930,43,admin.,married,secondary,-204,yes,no,unknown,may,2,-1,0,unknown,no,0,0,1,Negative,0,0,0.021808533
931,36,technician,married,secondary,331,no,no,cellular,aug,4,-1,0,unknown,no,0,0,0,Low,0,0,0.06539395
932,60,blue-collar,married,secondary,196,no,no,unknown,jun,3,-1,0,unknown,no,0,0,0,Low,0,0,0.02715777
933,32,unemployed,married,primary,309,yes,no,telephone,may,1,370,3,failure,no,0,1,1,Low,0,0,0.02489877
934,34,management,married,tertiary,303,yes,no,cellular,jan,1,195,2,failure,no,0,1,1,Low,0,0,0.002686724
935,28,admin.,single,secondary,579,yes,no,cellular,jul,2,-1,0,unknown,no,0,0,1,Low,0,0,0.0676363
936,32,student,single,secondary,61,no,yes,cellular,jul,3,515,7,failure,no,0,1,1,Low,0,0,0.47746378
937,30,technician,single,secondary,13,no,no,cellular,aug,1,-1,0,unknown,no,0,0,0,Low,0,0,0.04279541
938,32,management,single,tertiary,1756,yes,no,unknown,may,3,-1,0,unknown,no,0,0,1,Medium,0,0,0.05120692
939,31,blue-collar,single,tertiary,2197,yes,no,unknown,may,3,-1,0,unknown,no,0,0,1,Medium,0,0,0.04301748
940,48,technician,married,secondary,-38,yes,no,cellular,may,3,-1,0,unknown,no,0,0,1,Negative,0,0,0.05743464
941,56,services,divorced,secondary,935,no,no,cellular,feb,1,227,2,failure,no,0,1,0,Low,0,0,0.33642155
942,33,self-employed,married,tertiary,627,yes,no,cellular,feb,2,-1,0,unknown,no,0,0,1,Low,0,0,0.12778148
943,41,admin.,divorced,secondary,1076,yes,no,cellular,jun,2,391,2,other,no,0,1,1,Medium,0,1,0.5515528
944,56,management,divorced,tertiary,94,no,no,unknown,jul,1,-1,0,unknown,no,0,0,0,Low,0,0,0.040836208
945,49,retired,married,primary,3478,no,no,unknown,jun,5,-1,0,unknown,no,0,0,0,Medium,0,0,0.032834835
946,36,blue-collar,married,secondary,1772,no,no,unknown,jun,1,-1,0,unknown,yes,1,0,0,Medium,1,0,0.04620027
947,59,housemaid,married,primary,153,no,no,unknown,jul,3,-1,0,unknown,no,0,0,0,Low,0,0,0.015374159
948,31,blue-collar,single,secondary,855,yes,no,cellular,apr,1,317,2,failure,no,0,1,1,Low,0,0,0.04359584
949,56,retired,divorced,secondary,275,yes,yes,cellular,jul,1,-1,0,unknown,no,0,0,1,Low,0,0,0.08583503
950,63,retired,married,tertiary,1795,no,no,cellular,sep,1,-1,0,unknown,yes,1,0,0,Medium,1,0,0.29508206
951,38,management,married,tertiary,1021,no,no,cellular,nov,3,-1,0,unknown,no,0,0,0,Medium,0,0,0.095796235
952,51,management,married,tertiary,5343,no,no,cellular,nov,1,-1,0,unknown,no,0,0,0,High,0,0,0.106030844
953,30,technician,single,tertiary,178,no,no,cellular,jul,3,-1,0,unknown,yes,1,0,0,Low,1,0,0.13891177
954,44,blue-collar,married,primary,300,yes,no,unknown,may,3,-1,0,unknown,no,0,0,1,Low,0,0,0.036485784
955,31,blue-collar,single,unknown,813,yes,no,unknown,jun,18,-1,0,unknown,no,0,0,1,Low,0,0,0.0042710807
956,54,services,married,secondary,2431,yes,no,unknown,may,4,-1,0,unknown,no,0,0,1,Medium,0,0,0.012338222
957,56,management,married,tertiary,2366,yes,yes,cellular,feb,2,188,4,failure,no,0,1,1,Medium,0,0,0.10160453
958,45,blue-collar,married,secondary,7858,yes,no,unknown,jun,2,-1,0,unknown,no,0,0,1,High,0,0,0.09090918
959,51,technician,married,secondary,117,no,no,cellular,feb,2,-1,0,unknown,yes,1,0,0,Low,1,0,0.43766183
960,30,technician,married,tertiary,0,no,no,cellular,aug,6,-1,0,unknown,no,0,0,0,Negative,0,0,0.07868017
961,34,blue-collar,single,secondary,297,yes,no,unknown,may,4,-1,0,unknown,no,0,0,1,Low,0,0,0.032979596
962,35,blue-collar,married,secondary,1055,no,no,unknown,nov,2,-1,0,unknown,yes,1,0,0,Medium,1,0,0.07764296
963,58,management,married,secondary,-382,no,no,telephone,feb,4,189,12,success,no,0,1,0,Negative,0,0,0.3807415
964,48,admin.,single,secondary,479,yes,yes,unknown,jun,3,-1,0,unknown,no,0,0,1,Low,0,0,0.074142635
965,25,admin.,single,tertiary,1185,no,no,cellular,jun,1,-1,0,unknown,no,0,0,0,Medium,0,1,0.61217266
966,31,technician,single,secondary,775,no,no,cellular,feb,1,-1,0,unknown,no,0,0,0,Low,0,0,0.0849467
967,42,admin.,divorced,secondary,2133,yes,no,cellular,may,5,-1,0,unknown,no,0,0,1,Medium,0,0,0.0692231
968,25,admin.,single,tertiary,1141,yes,no,cellular,may,1,347,1,failure,no,0,1,1,Medium,0,0,0.06771751
969,49,blue-collar,married,primary,154,yes,no,cellular,aug,15,-1,0,unknown,no,0,0,1,Low,0,0,0.0069357273
970,26,student,single,secondary,5296,no,no,cellular,mar,1,205,1,failure,yes,1,1,0,High,1,0,0.110754676
971,30,management,single,tertiary,347,no,no,cellular,aug,2,-1,0,unknown,no,0,0,0,Low,0,0,0.053507242
972,37,management,single,tertiary,361,no,no,cellular,aug,2,-1,0,unknown,no,0,0,0,Low,0,0,0.07192912
973,38,management,married,secondary,96,yes,no,cellular,nov,3,-1,0,unknown,no,0,0,1,Low,0,0,0.04002916
974,24,student,single,tertiary,834,no,no,cellular,sep,1,-1,0,unknown,yes,1,0,0,Low,1,1,0.54732317
975,35,blue-collar,single,unknown,871,yes,no,unknown,jun,3,-1,0,unknown,no,0,0,1,Low,0,0,0.16403343
976,25,student,married,tertiary,10,yes,no,cellular,jul,4,-1,0,unknown,yes,1,0,1,Low,1,0,0.18058695
977,35,technician,single,secondary,225,yes,no,cellular,may,5,-1,0,unknown,no,0,0,1,Low,0,0,0.044326086
978,32,self-employed,single,tertiary,386,yes,no,cellular,nov,1,-1,0,unknown,yes,1,0,1,Low,1,0,0.031945396
979,50,management,divorced,tertiary,100,yes,yes,cellular,may,1,299,3,failure,no,0,1,1,Low,0,0,0.045564912
980,42,management,divorced,tertiary,0,no,no,unknown,jun,1,-1,0,unknown,no,0,0,0,Negative,0,0,0.042922992
981,31,student,married,secondary,200,yes,no,cellular,may,5,-1,0,unknown,no,0,0,1,Low,0,0,0.058133893
982,39,blue-collar,married,unknown,0,no,no,cellular,jul,3,-1,0,unknown,no,0,0,0,Negative,0,0,0.03453051
983,46,blue-collar,divorced,primary,916,yes,no,cellular,may,2,-1,0,unknown,no,0,0,1,Low,0,0,0.12516046
984,32,unemployed,married,unknown,881,no,no,cellular,feb,5,-1,0,unknown,no,0,0,0,Low,0,0,0.14065364
985,51,unemployed,married,secondary,636,no,no,cellular,jan,1,-1,0,unknown,no,0,0,0,Low,0,0,0.03617084
986,44,management,divorced,primary,641,yes,no,cellular,feb,2,269,3,other,no,0,1,1,Low,0,0,0.025595676
987,44,blue-collar,married,primary,321,yes,no,unknown,jun,8,-1,0,unknown,no,0,0,1,Low,0,0,0.03201648
988,52,technician,married,secondary,786,no,no,cellular,jul,1,-1,0,unknown,no,0,0,0,Low,0,0,0.073066965
989,48,blue-collar,married,primary,281,yes,no,unknown,may,3,-1,0,unknown,no,0,0,1,Low,0,0,0.022865003
990,51,services,married,secondary,867,yes,no,cellular,feb,2,211,3,failure,no,0,1,1,Low,0,0,0.07823249
991,38,technician,married,secondary,284,yes,no,unknown,may,1,-1,0,unknown,no,0,0,1,Low,0,0,0.015846506
992,92,retired,married,unknown,775,no,no,cellular,oct,3,-1,0,unknown,yes,1,0,0,Low,1,1,0.8035002
993,58,management,married,tertiary,5942,no,no,cellular,aug,2,-1,0,unknown,no,0,0,0,High,0,0,0.109130904
994,25,blue-collar,married,primary,0,no,no,cellular,jul,1,-1,0,unknown,no,0,0,0,Negative,0,0,0.04642189
995,36,blue-collar,married,unknown,-400,yes,yes,cellular,may,2,307,1,failure,no,0,1,1,Negative,0,0,0.022764135
996,59,admin.,divorced,primary,191,yes,no,cellular,may,1,-1,0,unknown,no,0,0,1,Low,0,0,0.07166795
997,33,services,single,secondary,3269,no,yes,cellular,nov,1,126,1,failure,no,0,1,1,Medium,0,0,0.06157509
998,45,blue-collar,married,primary,0,yes,no,telephone,may,1,362,7,failure,no,0,1,1,Negative,0,0,0.00860054
999,60,management,married,secondary,0,no,no,cellular,may,4,87,8,failure,no,0,1,0,Negative,0,0,0.30836412
1000,31,technician,single,secondary,-2,no,no,cellular,aug,2,-1,0,unknown,no,0,0,0,Negative,0,0,0.024634114
1001,52,unemployed,married,primary,20,yes,no,telephone,jan,1,-1,0,unknown,no,0,0,1,Low,0,0,0.0029667572
1002,40,technician,married,secondary,2715,yes,no,unknown,may,2,-1,0,unknown,no,0,0,1,Medium,0,0,0.015156309
1003,32,services,married,secondary,8043,yes,no,cellular,nov,1,-1,0,unknown,no,0,0,1,High,0,0,0.049477227
1004,36,self-employed,married,tertiary,254,yes,no,telephone,jul,5,-1,0,unknown,no,0,0,1,Low,0,0,0.07953071
1005,67,retired,single,tertiary,2144,no,no,telephone,apr,2,-1,0,unknown,yes,1,0,0,Medium,1,0,0.31754565
1006,37,unemployed,divorced,tertiary,1592,yes,no,cellular,apr,1,-1,0,unknown,no,0,0,1,Medium,0,0,0.11610723
1007,39,blue-collar,married,unknown,638,yes,yes,unknown,may,2,-1,0,unknown,no,0,0,1,Low,0,0,0.019644573
1008,37,technician,single,secondary,17,yes,no,unknown,may,1,-1,0,unknown,no,0,0,1,Low,0,0,0.010819648
1009,41,blue-collar,married,secondary,0,no,no,unknown,jun,2,-1,0,unknown,no,0,0,0,Negative,0,0,0.032373186
1010,45,management,married,tertiary,634,yes,no,cellular,jul,1,-1,0,unknown,no,0,0,1,Low,0,0,0.032126687
1011,33,services,single,secondary,310,yes,no,cellular,may,2,371,1,failure,no,0,1,1,Low,0,0,0.2351294
1012,48,blue-collar,single,primary,396,yes,no,unknown,may,3,-1,0,unknown,no,0,0,1,Low,0,0,0.06437542
1013,29,technician,single,unknown,1729,yes,no,cellular,apr,1,-1,0,unknown,no,0,0,1,Medium,0,0,0.16938776
1014,49,blue-collar,married,secondary,2159,no,no,cellular,apr,1,-1,0,unknown,no,0,0,0,Medium,0,0,0.21961956
1015,41,blue-collar,married,secondary,1165,no,no,unknown,jun,3,-1,0,unknown,no,0,0,0,Medium,0,0,0.088479415
1016,34,blue-collar,married,primary,695,yes,yes,unknown,may,4,-1,0,unknown,yes,1,0,1,Low,1,0,0.094449736
1017,32,technician,married,secondary,253,yes,no,unknown,jun,3,-1,0,unknown,no,0,0,1,Low,0,0,0.06353636
1018,30,student,single,tertiary,7513,no,no,cellular,aug,2,-1,0,unknown,no,0,0,0,High,0,0,0.106999
1019,28,admin.,single,secondary,267,yes,no,unknown,jun,5,-1,0,unknown,no,0,0,1,Low,0,0,0.154251
1020,35,services,married,secondary,2048,yes,no,cellular,may,1,173,2,failure,no,0,1,1,Medium,0,0,0.05538548
1021,46,unknown,married,unknown,2367,no,no,unknown,jun,3,-1,0,unknown,no,0,0,0,Medium,0,0,0.0077091646
1022,33,management,single,secondary,-174,yes,no,unknown,may,5,-1,0,unknown,no,0,0,1,Negative,0,0,0.0284443
1023,35,admin.,married,secondary,4463,no,no,cellular,nov,1,-1,0,unknown,no,0,0,0,Medium,0,0,0.17539328
1024,46,admin.,divorced,secondary,-637,yes,no,cellular,may,1,172,1,failure,no,0,1,1,Negative,0,0,0.043710288
1025,31,student,single,unknown,988,no,no,cellular,dec,5,191,11,other,no,0,1,0,Low,0,0,0.10171657
1026,28,blue-collar,single,secondary,-267,yes,no,cellular,may,2,329,4,failure,no,0,1,1,Negative,0,0,0.112824544
1027,49,services,single,secondary,308,yes,no,unknown,jun,3,-1,0,unknown,no,0,0,1,Low,0,0,0.05892717
1028,50,blue-collar,married,primary,2190,no,no,unknown,jun,1,-1,0,unknown,no,0,0,0,Medium,0,0,0.014351606
1029,35,management,married,tertiary,16,no,no,cellular,nov,1,-1,0,unknown,no,0,0,0,Low,0,0,0.0505227
1030,33,management,married,tertiary,2744,yes,no,telephone,nov,1,-1,0,unknown,no,0,0,1,Medium,0,0,0.0656259
1031,26,self-employed,single,tertiary,993,no,no,cellular,oct,1,-1,0,unknown,no,0,0,0,Low,0,0,0.38465518
1032,48,admin.,married,secondary,2533,no,no,cellular,apr,2,633,1,failure,no,0,1,0,Medium,0,1,0.6473395
1033,57,management,divorced,tertiary,2549,no,no,cellular,jul,2,-1,0,unknown,no,0,0,0,Medium,0,0,0.18542874
1034,43,blue-collar,divorced,primary,92,yes,no,unknown,may,2,-1,0,unknown,no,0,0,1,Low,0,0,0.06171219
1035,52,blue-collar,single,secondary,201,yes,no,cellular,may,1,301,3,other,no,0,1,1,Low,0,0,0.060680173
1036,60,technician,married,secondary,259,no,no,cellular,jul,1,386,2,success,yes,1,1,0,Low,1,1,0.9346369
1037,41,blue-collar,married,secondary,49,yes,no,cellular,may,2,-1,0,unknown,no,0,0,1,Low,0,0,0.06983618
1038,41,unemployed,divorced,secondary,1281,no,no,cellular,jul,3,-1,0,unknown,no,0,0,0,Medium,0,0,0.12624846
1039,33,blue-collar,married,primary,463,yes,no,unknown,may,1,-1,0,unknown,no,0,0,1,Low,0,0,0.02846491
1040,44,blue-collar,married,secondary,274,yes,yes,unknown,may,1,-1,0,unknown,no,0,0,1,Low,0,0,0.015659142
1041,41,blue-collar,married,secondary,-68,yes,no,unknown,may,2,-1,0,unknown,no,0,0,1,Negative,0,0,0.018420689
1042,32,admin.,single,secondary,5,yes,yes,cellular,apr,1,-1,0,unknown,no,0,0,1,Low,0,0,0.09140059
1043,25,management,single,tertiary,1348,yes,no,unknown,may,1,-1,0,unknown,no,0,0,1,Medium,0,0,0.025185287
1044,55,technician,married,secondary,0,yes,yes,cellular,jun,1,91,1,success,no,0,1,1,Negative,0,1,0.83535546
1045,57,admin.,married,secondary,3242,no,no,cellular,aug,4,-1,0,unknown,no,0,0,0,Medium,0,0,0.11976305
1046,24,student,single,secondary,2,no,no,cellular,may,1,-1,0,unknown,no,0,0,0,Low,0,0,0.3534824
1047,33,technician,single,tertiary,0,no,no,cellular,jan,2,-1,0,unknown,no,0,0,0,Negative,0,0,0.035643164
1048,28,services,single,tertiary,2938,yes,no,cellular,jul,2,-1,0,unknown,no,0,0,1,Medium,0,0,0.1264356
1049,26,technician,single,tertiary,15161,no,no,cellular,feb,1,-1,0,unknown,yes,1,0,0,High,1,0,0.06613979
1050,32,management,married,tertiary,943,yes,no,cellular,jan,2,2,2,other,no,0,1,1,Low,0,0,0.021985738
1051,42,self-employed,married,secondary,3211,no,no,cellular,jul,1,-1,0,unknown,no,0,0,0,Medium,0,0,0.051604576
1052,41,blue-collar,divorced,secondary,14,yes,yes,unknown,may,6,-1,0,unknown,no,0,0,1,Low,0,0,0.050464474
1053,38,blue-collar,married,primary,1807,no,no,unknown,may,3,-1,0,unknown,no,0,0,0,Medium,0,0,0.03039918
1054,24,blue-collar,single,secondary,-398,yes,no,cellular,may,3,355,4,other,no,0,1,1,Negative,0,0,0.19540986
1055,26,admin.,married,secondary,1595,no,no,cellular,mar,1,-1,0,unknown,no,0,0,0,Medium,0,0,0.09020099
1056,33,technician,single,secondary,145,yes,no,cellular,jan,2,-1,0,unknown,no,0,0,1,Low,0,0,0.017461283
1057,58,retired,married,secondary,919,yes,yes,cellular,apr,2,346,2,failure,no,0,1,1,Low,0,0,0.12702833
1058,29,services,married,secondary,376,no,yes,telephone,jan,3,183,4,failure,no,0,1,1,Low,0,0,0.0035788585
1059,29,technician,single,secondary,525,yes,no,cellular,apr,2,-1,0,unknown,no,0,0,1,Low,0,0,0.11474163
1060,36,management,married,tertiary,6404,yes,yes,telephone,jul,1,-1,0,unknown,no,0,0,1,High,0,0,0.038866106
1061,35,management,single,tertiary,2988,yes,no,cellular,may,1,-1,0,unknown,no,0,0,1,Medium,0,0,0.27319652
1062,28,technician,married,primary,-58,yes,no,unknown,may,1,-1,0,unknown,no,0,0,1,Negative,0,0,0.024259651
1063,23,technician,single,unknown,314,no,no,cellular,apr,1,-1,0,unknown,no,0,0,0,Low,0,1,0.69704705
1064,43,management,married,tertiary,676,no,no,cellular,aug,4,-1,0,unknown,no,0,0,0,Low,0,0,0.059547205
1065,43,services,married,secondary,0,no,no,unknown,may,1,-1,0,unknown,no,0,0,0,Negative,0,0,0.02526047
1066,53,blue-collar,married,secondary,974,yes,no,unknown,may,2,-1,0,unknown,no,0,0,1,Low,0,0,0.02141639
1067,59,retired,married,secondary,49,no,yes,unknown,jul,4,-1,0,unknown,no,0,0,1,Low,0,0,0.009387161
1068,26,blue-collar,single,primary,941,no,no,cellular,jan,1,-1,0,unknown,yes,1,0,0,Low,1,0,0.071613036
1069,56,entrepreneur,divorced,primary,3,no,no,unknown,jun,1,-1,0,unknown,no,0,0,0,Low,0,0,0.041062396
1070,49,admin.,single,tertiary,228,yes,no,cellular,mar,1,-1,0,unknown,yes,1,0,1,Low,1,1,0.681215
1071,26,student,single,secondary,620,no,no,cellular,feb,1,-1,0,unknown,yes,1,0,0,Low,1,1,0.7141847
1072,51,services,single,primary,2499,yes,no,cellular,may,5,-1,0,unknown,no,0,0,1,Medium,0,0,0.0969239
1073,54,unemployed,divorced,secondary,1664,no,no,cellular,jun,3,-1,0,unknown,yes,1,0,0,Medium,1,0,0.2317216
1074,39,management,divorced,tertiary,224,no,no,cellular,apr,1,-1,0,unknown,yes,1,0,0,Low,1,0,0.4112174
1075,52,self-employed,married,secondary,-488,yes,no,unknown,may,1,-1,0,unknown,no,0,0,1,Negative,0,0,0.007996717
1076,36,blue-collar,married,primary,44,no,no,unknown,jun,2,-1,0,unknown,no,0,0,0,Low,0,0,0.029093469
1077,47,technician,married,secondary,-401,yes,no,unknown,may,1,-1,0,unknown,no,0,0,1,Negative,0,0,0.010745645
1078,35,blue-collar,married,secondary,809,yes,yes,unknown,may,1,-1,0,unknown,no,0,0,1,Low,0,0,0.027719812
1079,27,admin.,single,secondary,80,no,no,cellular,aug,1,-1,0,unknown,no,0,0,0,Low,0,0,0.15702027
1080,33,admin.,single,tertiary,272,yes,no,cellular,sep,2,92,3,success,yes,1,1,1,Low,1,1,0.8496815
1081,40,blue-collar,single,secondary,436,yes,no,unknown,may,3,-1,0,unknown,no,0,0,1,Low,0,0,0.034882437
1082,24,student,single,secondary,745,yes,no,telephone,apr,2,-1,0,unknown,no,0,0,1,Low,0,0,0.050344173
1083,41,technician,divorced,secondary,1499,no,yes,cellular,jul,2,-1,0,unknown,no,0,0,1,Medium,0,0,0.081519954
1084,49,blue-collar,married,secondary,1127,yes,yes,cellular,apr,2,281,1,failure,no,0,1,1,Medium,0,0,0.015733335
1085,31,management,married,tertiary,60,no,no,cellular,aug,2,-1,0,unknown,no,0,0,0,Low,0,0,0.033003826
1086,46,technician,married,tertiary,53,no,no,unknown,jun,3,-1,0,unknown,no,0,0,0,Low,0,0,0.052686803
1087,35,technician,single,tertiary,144,yes,yes,cellular,feb,4,113,20,failure,no,0,1,1,Low,0,0,0.019283349
1088,51,services,single,secondary,513,yes,no,cellular,jul,2,-1,0,unknown,no,0,0,1,Low,0,0,0.10711998
1089,37,blue-collar,married,secondary,-4,yes,yes,unknown,may,1,-1,0,unknown,no,0,0,1,Negative,0,0,0.021405121
1090,43,self-employed,married,primary,385,no,no,cellular,aug,2,-1,0,unknown,no,0,0,0,Low,0,0,0.08131468
1091,59,unemployed,married,secondary,1625,no,no,cellular,aug,1,180,2,success,yes,1,1,0,Medium,1,1,0.7234579
1092,40,technician,married,secondary,318,no,no,cellular,aug,4,-1,0,unknown,no,0,0,0,Low,0,0,0.05816741
1093,51,blue-collar,married,primary,620,yes,yes,cellular,jul,10,-1,0,unknown,no,0,0,1,Low,0,0,0.020308198
1094,54,services,married,secondary,131,no,no,cellular,aug,2,-1,0,unknown,no,0,0,0,Low,0,0,0.06535604
1095,31,admin.,single,tertiary,701,yes,no,unknown,may,2,-1,0,unknown,no,0,0,1,Low,0,0,0.06814754
1096,29,management,married,secondary,160,no,no,cellular,feb,2,-1,0,unknown,no,0,0,0,Low,0,0,0.1563272
1097,56,management,single,tertiary,6507,yes,yes,cellular,jan,1,196,1,failure,no,0,1,1,High,0,0,0.011672864
1098,48,admin.,divorced,secondary,162,yes,no,cellular,may,1,368,4,failure,no,0,1,1,Low,0,0,0.077658735
1099,43,technician,married,tertiary,591,yes,no,cellular,aug,2,-1,0,unknown,no,0,0,1,Low,0,0,0.057393134
1100,35,self-employed,married,tertiary,8647,no,no,cellular,nov,2,-1,0,unknown,no,0,0,0,High,0,0,0.03384649
1101,28,self-employed,single,secondary,241,yes,no,cellular,jul,1,-1,0,unknown,no,0,0,1,Low,0,0,0.17614646
1102,61,management,single,tertiary,2,no,no,cellular,aug,1,114,3,failure,yes,1,1,0,Low,1,0,0.122189395
1103,53,retired,married,tertiary,1691,no,no,unknown,may,2,-1,0,unknown,no,0,0,0,Medium,0,0,0.050632905
1104,55,blue-collar,single,primary,1187,yes,no,unknown,jun,2,-1,0,unknown,no,0,0,1,Medium,0,0,0.047320314
1105,37,services,married,secondary,345,yes,yes,cellular,nov,1,-1,0,unknown,no,0,0,1,Low,0,0,0.049872115
1106,37,management,married,tertiary,2366,yes,no,cellular,may,1,-1,0,unknown,no,0,0,1,Medium,0,0,0.10259153
1107,44,management,married,tertiary,0,no,no,cellular,jan,2,-1,0,unknown,no,0,0,0,Negative,0,0,0.036848832
1108,31,services,married,secondary,525,yes,yes,unknown,may,1,-1,0,unknown,no,0,0,1,Low,0,0,0.04042107
1109,35,blue-collar,single,secondary,546,yes,no,cellular,may,2,-1,0,unknown,no,0,0,1,Low,0,0,0.15196879
1110,33,blue-collar,single,secondary,1211,yes,no,cellular,may,1,361,4,failure,no,0,1,1,Medium,0,0,0.046663266
1111,51,management,divorced,tertiary,323,yes,no,cellular,jul,9,-1,0,unknown,no,0,0,1,Low,0,0,0.05115923
1112,39,blue-collar,single,primary,554,no,no,telephone,jul,5,-1,0,unknown,no,0,0,0,Low,0,0,0.03120513
1113,47,blue-collar,married,secondary,3715,no,no,cellular,feb,2,182,4,other,yes,1,1,0,Medium,1,1,0.5239838
1114,22,blue-collar,married,secondary,36,yes,no,unknown,may,3,-1,0,unknown,no,0,0,1,Low,0,0,0.010951682
1115,44,management,married,secondary,438,yes,no,telephone,jul,1,-1,0,unknown,no,0,0,1,Low,0,0,0.022300866
1116,39,management,married,tertiary,2976,no,no,cellular,feb,12,-1,0,unknown,no,0,0,0,Medium,0,0,0.069275655
1117,28,technician,single,tertiary,676,no,no,cellular,feb,2,-1,0,unknown,yes,1,0,0,Low,1,0,0.17861393
1118,40,admin.,single,secondary,-1,no,no,cellular,jul,1,-1,0,unknown,no,0,0,0,Negative,0,0,0.061701614
1119,33,admin.,single,secondary,223,yes,yes,cellular,may,11,352,4,failure,no,0,1,1,Low,0,0,0.018952511
1120,45,management,single,tertiary,207,no,no,cellular,nov,3,-1,0,unknown,no,0,0,0,Low,0,0,0.12677595
1121,29,blue-collar,single,secondary,260,yes,no,unknown,jun,14,-1,0,unknown,yes,1,0,1,Low,1,0,0.07589578
1122,45,services,divorced,primary,242,yes,no,unknown,may,1,-1,0,unknown,no,0,0,1,Low,0,0,0.062390357
1123,51,retired,married,primary,2525,no,no,unknown,jun,2,-1,0,unknown,no,0,0,0,Medium,0,0,0.07838567
1124,46,services,divorced,secondary,1263,yes,no,telephone,nov,2,-1,0,unknown,no,0,0,1,Medium,0,0,0.088054195
1125,35,self-employed,single,tertiary,577,yes,no,cellular,jul,1,-1,0,unknown,no,0,0,1,Low,0,0,0.057880595
1126,43,management,married,tertiary,0,yes,no,unknown,jun,17,-1,0,unknown,no,0,0,1,Negative,0,0,0.004155638
1127,52,technician,married,secondary,195,yes,no,cellular,feb,1,63,5,failure,yes,1,1,1,Low,1,0,0.3012397
1128,32,blue-collar,married,primary,1644,no,no,cellular,sep,3,102,5,other,yes,1,1,0,Medium,1,0,0.19216044
1129,32,technician,married,tertiary,2688,no,no,cellular,aug,1,-1,0,unknown,no,0,0,0,Medium,0,0,0.23807693
1130,44,technician,married,tertiary,717,no,no,cellular,jun,2,-1,0,unknown,no,0,0,0,Low,0,0,0.30741674
1131,49,technician,married,secondary,12531,no,no,cellular,aug,8,-1,0,unknown,no,0,0,0,High,0,0,0.02760911
1132,24,management,single,tertiary,172,no,no,cellular,jul,2,-1,0,unknown,no,0,0,0,Low,0,1,0.53462946
1133,30,unknown,single,tertiary,6836,no,no,cellular,feb,3,-1,0,unknown,no,0,0,0,High,0,1,0.62180185
1134,30,blue-collar,divorced,secondary,0,no,yes,cellular,jul,1,-1,0,unknown,no,0,0,1,Negative,0,0,0.078293264
1135,41,entrepreneur,married,secondary,30,no,no,cellular,apr,1,-1,0,unknown,yes,1,0,0,Low,1,1,0.55610853
1136,35,management,single,tertiary,-1980,yes,yes,cellular,aug,1,-1,0,unknown,no,0,0,1,Negative,0,0,0.015915545
1137,41,technician,single,secondary,297,no,yes,cellular,aug,2,-1,0,unknown,no,0,0,1,Low,0,0,0.096682906
1138,37,technician,single,secondary,442,yes,no,cellular,apr,4,349,1,other,no,0,1,1,Low,0,0,0.068938054
1139,37,management,married,tertiary,57,no,no,cellular,feb,1,-1,0,unknown,yes,1,0,0,Low,1,0,0.09906103
1140,37,technician,single,secondary,-56,yes,no,cellular,aug,4,-1,0,unknown,no,0,0,1,Negative,0,0,0.063218944
1141,53,housemaid,divorced,secondary,120,no,no,unknown,jun,2,-1,0,unknown,no,0,0,0,Low,0,0,0.03678124
1142,33,blue-collar,married,primary,-342,yes,no,unknown,may,2,-1,0,unknown,no,0,0,1,Negative,0,0,0.0037496577
1143,55,blue-collar,married,secondary,196,no,no,cellular,aug,1,-1,0,unknown,yes,1,0,0,Low,1,0,0.10419434
1144,28,services,single,secondary,1950,no,no,cellular,jul,1,-1,0,unknown,no,0,0,0,Medium,0,0,0.17273636
1145,22,self-employed,single,tertiary,780,no,no,cellular,mar,3,-1,0,unknown,yes,1,0,0,Low,1,1,0.60848624
1146,31,technician,single,tertiary,849,no,no,cellular,nov,1,-1,0,unknown,no,0,0,0,Low,0,0,0.08276255
1147,46,technician,married,secondary,1571,yes,no,unknown,may,2,-1,0,unknown,no,0,0,1,Medium,0,0,0.034765124
1148,25,blue-collar,single,secondary,286,yes,no,cellular,may,2,-1,0,unknown,no,0,0,1,Low,0,0,0.15834145
1149,45,blue-collar,married,primary,692,yes,yes,cellular,aug,4,-1,0,unknown,no,0,0,1,Low,0,0,0.030750185
1150,39,technician,married,secondary,508,yes,no,cellular,apr,2,135,5,failure,no,0,1,1,Low,0,0,0.10057095
1151,56,blue-collar,married,primary,0,yes,no,cellular,jul,1,-1,0,unknown,yes,1,0,1,Negative,1,0,0.045292456
1152,27,admin.,single,secondary,240,yes,yes,unknown,jun,1,-1,0,unknown,no,0,0,1,Low,0,0,0.1397418
1153,51,services,married,secondary,657,no,no,cellular,apr,2,-1,0,unknown,no,0,0,0,Low,0,0,0.26685327
1154,50,admin.,married,secondary,3608,yes,no,cellular,may,8,182,4,success,yes,1,1,1,Medium,1,0,0.057903834
1155,47,technician,divorced,tertiary,48,no,no,unknown,may,2,-1,0,unknown,no,0,0,0,Low,0,0,0.03309192
1156,30,technician,married,tertiary,564,yes,no,cellular,aug,2,-1,0,unknown,no,0,0,1,Low,0,0,0.0598274
1157,36,technician,married,secondary,432,yes,no,cellular,may,3,255,2,failure,no,0,1,1,Low,0,0,0.040945057
1158,45,management,married,tertiary,2,yes,no,cellular,jul,2,-1,0,unknown,no,0,0,1,Low,0,0,0.04699552
1159,39,technician,divorced,secondary,1972,yes,no,cellular,feb,3,-1,0,unknown,no,0,0,1,Medium,0,0,0.192404
1160,46,services,divorced,primary,3854,yes,no,cellular,apr,2,150,4,other,no,0,1,1,Medium,0,0,0.06658065
1161,32,blue-collar,married,secondary,897,yes,no,cellular,apr,3,322,2,failure,no,0,1,1,Low,0,0,0.081733994
1162,37,housemaid,married,secondary,589,yes,no,cellular,jul,2,-1,0,unknown,no,0,0,1,Low,0,0,0.027829487
1163,38,technician,divorced,secondary,1803,no,yes,cellular,jul,1,-1,0,unknown,no,0,0,1,Medium,0,0,0.07790562
1164,22,student,single,secondary,185,no,no,cellular,jul,1,-1,0,unknown,yes,1,0,0,Low,1,0,0.43437958
1165,36,entrepreneur,married,tertiary,9405,no,no,unknown,jun,3,-1,0,unknown,no,0,0,0,High,0,0,0.035186112
1166,25,management,single,tertiary,6,yes,yes,unknown,may,1,-1,0,unknown,no,0,0,1,Low,0,0,0.020931197
1167,31,unemployed,married,secondary,314,yes,no,cellular,nov,3,178,7,failure,yes,1,1,1,Low,1,0,0.022725968
1168,40,technician,divorced,tertiary,1082,no,no,cellular,feb,1,-1,0,unknown,no,0,0,0,Medium,0,0,0.18493403
1169,51,management,married,primary,57,yes,yes,unknown,may,1,-1,0,unknown,no,0,0,1,Low,0,0,0.006491639
1170,33,blue-collar,married,secondary,7,yes,no,telephone,may,5,-1,0,unknown,no,0,0,1,Low,0,0,0.028518386
1171,38,technician,married,secondary,1960,yes,no,cellular,aug,2,-1,0,unknown,no,0,0,1,Medium,0,0,0.06939479
1172,53,management,married,tertiary,261,no,no,cellular,aug,2,-1,0,unknown,no,0,0,0,Low,0,0,0.043951962
1173,44,technician,married,secondary,363,no,yes,unknown,jun,2,-1,0,unknown,no,0,0,1,Low,0,0,0.04617634
1174,31,student,single,tertiary,2010,yes,no,cellular,feb,5,261,1,other,no,0,1,1,Medium,0,0,0.08610843
1175,32,management,married,tertiary,-149,no,no,cellular,feb,1,8,1,other,no,0,1,0,Negative,0,0,0.017681861
1176,45,management,single,tertiary,0,no,no,cellular,may,1,-1,0,unknown,no,0,0,0,Negative,0,0,0.08159902
1177,31,blue-collar,single,secondary,228,no,no,cellular,aug,1,88,4,other,yes,1,1,0,Low,1,0,0.42598167
1178,53,admin.,married,secondary,1796,no,no,telephone,mar,1,91,2,success,yes,1,1,0,Medium,1,1,0.8234467
1179,31,management,single,tertiary,307,no,no,cellular,nov,2,-1,0,unknown,no,0,0,0,Low,0,0,0.110889345
1180,45,blue-collar,married,secondary,726,yes,no,cellular,jul,6,-1,0,unknown,no,0,0,1,Low,0,0,0.028656565
1181,42,blue-collar,married,secondary,160,yes,yes,unknown,jun,1,-1,0,unknown,no,0,0,1,Low,0,0,0.044165432
1182,44,management,married,tertiary,53,yes,no,cellular,nov,4,-1,0,unknown,no,0,0,1,Low,0,0,0.057527173
1183,38,admin.,married,primary,3,yes,yes,unknown,jun,2,-1,0,unknown,no,0,0,1,Low,0,0,0.021200445
1184,56,admin.,married,secondary,510,yes,no,cellular,jul,1,-1,0,unknown,no,0,0,1,Low,0,0,0.058590747
1185,36,technician,married,secondary,22,no,no,unknown,jun,1,-1,0,unknown,no,0,0,0,Low,0,0,0.023259744
1186,32,management,single,tertiary,23,no,no,cellular,may,2,-1,0,unknown,no,0,0,0,Low,0,0,0.06730331
1187,39,blue-collar,single,primary,207,no,yes,unknown,jun,3,-1,0,unknown,no,0,0,1,Low,0,0,0.04108428
1188,57,admin.,married,secondary,100,no,no,unknown,may,16,-1,0,unknown,no,0,0,0,Low,0,0,0.026030704
1189,39,technician,single,tertiary,1674,no,no,cellular,may,10,178,1,failure,no,0,1,0,Medium,0,0,0.13361937
1190,33,blue-collar,married,secondary,358,no,no,cellular,may,1,350,1,failure,no,0,1,0,Low,0,0,0.03433123
1191,23,blue-collar,single,secondary,39,yes,no,cellular,may,1,-1,0,unknown,no,0,0,1,Low,0,0,0.1849617
1192,41,technician,single,unknown,356,yes,no,unknown,may,2,-1,0,unknown,no,0,0,1,Low,0,0,0.050471168
1193,32,technician,married,primary,3774,yes,no,cellular,nov,3,-1,0,unknown,no,0,0,1,Medium,0,0,0.076395534
1194,35,blue-collar,single,secondary,3507,yes,no,cellular,may,2,-1,0,unknown,no,0,0,1,Medium,0,0,0.14148727
1195,41,technician,divorced,secondary,475,yes,no,cellular,aug,7,-1,0,unknown,no,0,0,1,Low,0,0,0.018904032
1196,33,admin.,married,secondary,61,yes,yes,unknown,may,2,-1,0,unknown,no,0,0,1,Low,0,0,0.023734432
1197,37,services,married,secondary,3321,no,no,unknown,jun,3,-1,0,unknown,no,0,0,0,Medium,0,0,0.042864736
1198,35,management,single,tertiary,1531,yes,no,cellular,nov,1,-1,0,unknown,no,0,0,1,Medium,0,0,0.08662671
1199,57,unemployed,married,secondary,3867,yes,no,unknown,may,2,-1,0,unknown,no,0,0,1,Medium,0,0,0.01903029
1200,43,management,married,primary,1880,yes,no,cellular,jul,6,-1,0,unknown,no,0,0,1,Medium,0,0,0.06350302
1201,38,technician,married,secondary,2398,yes,yes,cellular,jul,33,-1,0,unknown,no,0,0,1,Medium,0,0,0.0064904955
1202,64,retired,married,secondary,504,no,no,cellular,aug,1,14,3,other,no,0,1,0,Low,0,1,0.83004105
1203,36,technician,single,secondary,-487,yes,no,cellular,apr,1,-1,0,unknown,yes,1,0,1,Negative,1,0,0.071594484
1204,27,technician,married,secondary,-392,yes,no,cellular,jul,2,-1,0,unknown,yes,1,0,1,Negative,1,0,0.022931214
1205,44,entrepreneur,married,tertiary,1808,yes,no,cellular,jul,1,-1,0,unknown,no,0,0,1,Medium,0,0,0.060815968
1206,54,management,married,tertiary,1460,no,yes,cellular,feb,3,202,7,other,no,0,1,1,Medium,0,0,0.024768777
1207,49,technician,married,secondary,308,no,no,cellular,oct,2,91,5,failure,no,0,1,0,Low,0,0,0.40317822
1208,26,technician,single,secondary,124,yes,no,unknown,may,8,-1,0,unknown,no,0,0,1,Low,0,0,0.015020552
1209,32,blue-collar,married,primary,1504,yes,no,cellular,apr,2,-1,0,unknown,no,0,0,1,Medium,0,0,0.039870635
1210,31,blue-collar,married,primary,48,yes,no,cellular,jul,4,-1,0,unknown,no,0,0,1,Low,0,0,0.02944669
1211,41,blue-collar,married,secondary,1915,yes,no,cellular,jul,4,-1,0,unknown,no,0,0,1,Medium,0,0,0.10599936
1212,50,technician,married,tertiary,0,no,yes,cellular,jul,1,85,7,failure,no,0,1,1,Negative,0,0,0.071028315
1213,57,admin.,married,secondary,1216,yes,no,unknown,may,6,-1,0,unknown,no,0,0,1,Medium,0,0,0.014329465
1214,36,blue-collar,married,secondary,2894,yes,no,cellular,jul,1,-1,0,unknown,no,0,0,1,Medium,0,0,0.050506063
1215,38,blue-collar,married,primary,3289,no,no,unknown,jun,2,-1,0,unknown,no,0,0,0,Medium,0,0,0.035322502
1216,42,self-employed,married,secondary,0,no,no,cellular,jul,36,-1,0,unknown,no,0,0,0,Negative,0,0,0.005525121
1217,47,admin.,married,secondary,663,yes,yes,cellular,may,1,274,6,other,yes,1,1,1,Low,1,0,0.046789642
1218,58,technician,married,secondary,683,no,no,unknown,jun,2,-1,0,unknown,no,0,0,0,Low,0,0,0.016698854
1219,49,technician,married,secondary,-1680,yes,yes,unknown,jun,4,-1,0,unknown,no,0,0,1,Negative,0,0,0.008563725
1220,58,management,married,tertiary,14922,no,no,cellular,aug,2,-1,0,unknown,no,0,0,0,High,0,0,0.057063498
1221,27,technician,single,tertiary,372,yes,yes,cellular,jul,2,-1,0,unknown,yes,1,0,1,Low,1,0,0.058407042
1222,39,services,married,primary,324,yes,no,unknown,jun,4,-1,0,unknown,no,0,0,1,Low,0,0,0.04181487
1223,38,blue-collar,single,secondary,577,yes,no,unknown,jun,2,-1,0,unknown,no,0,0,1,Low,0,0,0.05126706
1224,57,admin.,married,secondary,128,no,no,telephone,jul,8,-1,0,unknown,no,0,0,0,Low,0,0,0.07778618
1225,31,services,single,secondary,456,yes,no,cellular,jul,11,-1,0,unknown,no,0,0,1,Low,0,0,0.03746063
1226,45,services,single,secondary,1515,no,no,unknown,jun,4,-1,0,unknown,no,0,0,0,Medium,0,0,0.04663627
1227,52,technician,married,tertiary,1405,yes,yes,unknown,may,1,-1,0,unknown,no,0,0,1,Medium,0,0,0.017405953
1228,51,technician,married,primary,260,no,no,cellular,aug,2,-1,0,unknown,no,0,0,0,Low,0,0,0.03760031
1229,32,blue-collar,divorced,secondary,-289,yes,yes,cellular,jul,5,-1,0,unknown,no,0,0,1,Negative,0,0,0.09143566
1230,33,blue-collar,married,secondary,216,yes,yes,cellular,apr,1,-1,0,unknown,no,0,0,1,Low,0,0,0.07417048
1231,50,housemaid,single,unknown,0,no,no,telephone,jul,8,-1,0,unknown,no,0,0,0,Negative,0,0,0.031079343
1232,25,blue-collar,single,primary,4599,no,no,telephone,apr,6,-1,0,unknown,no,0,0,0,Medium,0,0,0.17755798
1233,29,self-employed,married,tertiary,0,yes,no,cellular,may,2,302,1,failure,no,0,1,1,Negative,0,0,0.06433917
1234,26,self-employed,single,tertiary,3044,yes,yes,cellular,apr,1,325,1,other,no,0,1,1,Medium,0,0,0.059944876
1235,49,admin.,single,tertiary,228,yes,no,cellular,sep,2,93,2,success,yes,1,1,1,Low,1,1,0.83655393
1236,34,admin.,married,secondary,642,yes,no,cellular,apr,1,-1,0,unknown,no,0,0,1,Low,0,0,0.044178206
1237,45,housemaid,married,primary,938,no,no,unknown,jun,3,-1,0,unknown,no,0,0,0,Low,0,0,0.026869126
1238,39,admin.,single,tertiary,23,no,no,unknown,jun,3,-1,0,unknown,no,0,0,0,Low,0,0,0.045264497
1239,47,unknown,single,unknown,1819,no,no,cellular,jun,1,-1,0,unknown,no,0,0,0,Medium,0,0,0.3179434
1240,50,technician,single,secondary,246,yes,no,cellular,jul,2,-1,0,unknown,no,0,0,1,Low,0,0,0.086649165
1241,44,management,married,tertiary,278,no,no,cellular,aug,4,-1,0,unknown,no,0,0,0,Low,0,0,0.04698206
1242,42,self-employed,married,secondary,2130,yes,yes,cellular,jul,2,-1,0,unknown,no,0,0,1,Medium,0,0,0.027000373
1243,34,technician,married,secondary,1026,no,no,cellular,nov,1,100,6,failure,no,0,1,0,Medium,0,1,0.50132006
1244,32,management,single,tertiary,813,no,no,cellular,aug,7,-1,0,unknown,no,0,0,0,Low,0,0,0.032499325
1245,27,student,single,secondary,91,no,no,telephone,dec,6,95,37,other,no,0,1,0,Low,0,0,0.23078662
1246,30,unemployed,single,secondary,0,yes,no,cellular,apr,1,-1,0,unknown,no,0,0,1,Negative,0,0,0.15697089
1247,53,services,married,secondary,24,yes,no,cellular,jul,1,-1,0,unknown,no,0,0,1,Low,0,0,0.043293554
1248,44,entrepreneur,married,tertiary,307,yes,no,unknown,jun,2,-1,0,unknown,no,0,0,1,Low,0,0,0.026410185
1249,43,blue-collar,married,primary,548,no,no,cellular,jul,9,-1,0,unknown,no,0,0,0,Low,0,0,0.06122278
1250,56,unemployed,divorced,secondary,283,yes,yes,cellular,apr,3,341,2,failure,no,0,1,1,Low,0,0,0.08144121
1251,27,management,single,secondary,35,no,no,cellular,jul,1,-1,0,unknown,no,0,0,0,Low,0,0,0.08118848
1252,68,retired,married,tertiary,2820,no,no,cellular,dec,1,97,2,failure,yes,1,1,0,Medium,1,1,0.8553572
1253,56,services,divorced,secondary,1347,no,yes,unknown,jul,2,-1,0,unknown,no,0,0,1,Medium,0,0,0.071277216
1254,30,management,single,tertiary,5359,no,no,cellular,feb,1,191,3,success,yes,1,1,0,High,1,1,0.66882026
1255,51,blue-collar,married,primary,505,no,yes,cellular,jul,1,-1,0,unknown,no,0,0,1,Low,0,0,0.03819711
1256,22,student,single,secondary,241,yes,no,cellular,may,1,-1,0,unknown,no,0,0,1,Low,0,0,0.1266948
1257,53,admin.,single,primary,0,yes,no,cellular,jul,6,-1,0,unknown,no,0,0,1,Negative,0,0,0.058820058
1258,41,admin.,divorced,secondary,2550,yes,no,cellular,may,2,347,2,failure,no,0,1,1,Medium,0,0,0.088534094
1259,48,housemaid,married,secondary,0,no,no,cellular,jul,5,-1,0,unknown,no,0,0,0,Negative,0,0,0.05895658
1260,39,blue-collar,married,secondary,0,yes,no,cellular,may,1,7,2,failure,no,0,1,1,Negative,0,0,0.03172831
1261,42,blue-collar,single,secondary,24,no,no,unknown,may,1,-1,0,unknown,no,0,0,0,Low,0,0,0.03132516
1262,38,management,married,tertiary,106,no,no,cellular,feb,1,-1,0,unknown,no,0,0,0,Low,0,0,0.071249805
1263,32,technician,single,secondary,303,no,no,cellular,aug,3,-1,0,unknown,no,0,0,0,Low,0,0,0.12281534
1264,33,technician,married,secondary,0,yes,no,cellular,feb,2,262,2,failure,no,0,1,1,Negative,0,0,0.09338918
1265,38,entrepreneur,married,tertiary,228,yes,no,cellular,feb,1,-1,0,unknown,no,0,0,1,Low,0,0,0.037761778
1266,33,management,married,secondary,609,yes,no,unknown,may,2,-1,0,unknown,no,0,0,1,Low,0,0,0.02881838
1267,58,retired,married,tertiary,4048,no,yes,cellular,jul,5,-1,0,unknown,no,0,0,1,Medium,0,0,0.0451367
1268,49,management,married,primary,267,yes,no,unknown,may,5,-1,0,unknown,no,0,0,1,Low,0,0,0.015568214
1269,48,admin.,single,secondary,1253,yes,no,unknown,jun,2,-1,0,unknown,no,0,0,1,Medium,0,0,0.039551765
1270,33,management,single,tertiary,9135,yes,no,cellular,aug,4,-1,0,unknown,no,0,0,1,High,0,0,0.07533389
1271,35,self-employed,married,tertiary,3698,yes,no,cellular,mar,1,-1,0,unknown,yes,1,0,1,Medium,1,0,0.4921478
1272,53,technician,single,tertiary,1,no,no,cellular,aug,1,-1,0,unknown,no,0,0,0,Low,0,0,0.08009469
1273,31,management,single,secondary,0,yes,no,unknown,may,1,-1,0,unknown,no,0,0,1,Negative,0,0,0.025275579
1274,35,management,married,tertiary,0,yes,no,cellular,feb,2,92,5,success,yes,1,1,1,Negative,1,1,0.9055426
1275,40,self-employed,married,tertiary,3059,yes,yes,cellular,nov,1,182,1,failure,no,0,1,1,Medium,0,0,0.022437569
1276,29,blue-collar,single,primary,-680,yes,no,unknown,may,2,-1,0,unknown,no,0,0,1,Negative,0,0,0.023767512
1277,42,management,married,tertiary,263,yes,no,unknown,may,1,-1,0,unknown,no,0,0,1,Low,0,0,0.016033638
1278,49,management,married,tertiary,1468,yes,no,cellular,jul,3,-1,0,unknown,no,0,0,1,Medium,0,0,0.05179468
1279,29,technician,single,tertiary,405,yes,no,unknown,may,1,-1,0,unknown,no,0,0,1,Low,0,0,0.039384786
1280,46,blue-collar,married,secondary,78,yes,yes,unknown,may,1,-1,0,unknown,no,0,0,1,Low,0,0,0.013721784
1281,45,technician,married,tertiary,-302,no,yes,unknown,jul,1,-1,0,unknown,no,0,0,1,Negative,0,0,0.012227445
1282,57,retired,divorced,secondary,-331,yes,no,unknown,may,1,-1,0,unknown,no,0,0,1,Negative,0,0,0.031736642
1283,44,technician,single,unknown,78,yes,no,unknown,may,6,-1,0,unknown,no,0,0,1,Low,0,0,0.014965147
1284,38,technician,single,secondary,553,yes,no,cellular,may,2,270,8,other,no,0,1,1,Low,0,0,0.17239581
1285,41,blue-collar,divorced,secondary,-90,yes,no,cellular,nov,6,-1,0,unknown,no,0,0,1,Negative,0,0,0.01655348
1286,28,management,single,tertiary,282,yes,no,unknown,jun,4,-1,0,unknown,no,0,0,1,Low,0,0,0.12225785
1287,40,self-employed,married,primary,2077,yes,no,cellular,may,1,173,24,other,no,0,1,1,Medium,0,0,0.20576832
1288,45,services,divorced,secondary,-179,no,no,unknown,jul,2,-1,0,unknown,no,0,0,0,Negative,0,0,0.099842265
1289,41,services,single,secondary,-278,yes,no,cellular,may,5,360,3,failure,no,0,1,1,Negative,0,0,0.012267942
1290,58,blue-collar,married,primary,2547,no,no,unknown,may,4,-1,0,unknown,no,0,0,0,Medium,0,0,0.016642682
1291,33,blue-collar,married,secondary,93,no,no,telephone,feb,5,-1,0,unknown,no,0,0,0,Low,0,0,0.036705647
1292,49,blue-collar,married,primary,-157,yes,no,cellular,jul,3,-1,0,unknown,yes,1,0,1,Negative,1,0,0.009721854
1293,22,student,single,secondary,2139,no,no,cellular,mar,8,-1,0,unknown,no,0,0,0,Medium,0,0,0.38169548
1294,50,admin.,divorced,secondary,-194,yes,no,cellular,apr,2,-1,0,unknown,no,0,0,1,Negative,0,0,0.4068888
1295,27,blue-collar,single,secondary,87,no,no,telephone,jul,1,-1,0,unknown,no,0,0,0,Low,0,0,0.1326255
1296,33,management,married,tertiary,2173,yes,no,cellular,apr,1,-1,0,unknown,no,0,0,1,Medium,0,0,0.10266627
1297,33,technician,single,secondary,541,no,yes,cellular,aug,2,-1,0,unknown,no,0,0,1,Low,0,0,0.08339708
1298,52,management,divorced,tertiary,2909,yes,no,unknown,may,1,-1,0,unknown,no,0,0,1,Medium,0,0,0.08949626
1299,52,technician,married,secondary,-1,no,yes,cellular,jul,1,-1,0,unknown,no,0,0,1,Negative,0,0,0.041225918
1300,40,management,divorced,tertiary,3426,no,no,cellular,aug,3,-1,0,unknown,no,0,0,0,Medium,0,0,0.14189078
1301,56,technician,divorced,secondary,5,no,no,cellular,aug,1,-1,0,unknown,no,0,0,0,Low,0,0,0.08259018
1302,60,retired,married,primary,458,yes,no,unknown,may,1,-1,0,unknown,no,0,0,1,Low,0,0,0.071402974
1303,37,technician,married,secondary,318,no,no,cellular,aug,1,95,4,other,no,0,1,0,Low,0,0,0.18223168
1304,55,blue-collar,married,primary,1470,no,no,telephone,jan,2,-1,0,unknown,no,0,0,0,Medium,0,0,0.012981532
1305,53,retired,married,secondary,1278,yes,no,telephone,jul,3,-1,0,unknown,no,0,0,1,Medium,0,0,0.116475806
1306,45,blue-collar,married,unknown,1263,yes,no,unknown,may,3,-1,0,unknown,no,0,0,1,Medium,0,0,0.05157982
1307,26,blue-collar,married,secondary,5795,yes,no,cellular,may,2,-1,0,unknown,yes,1,0,1,High,1,0,0.11749749
1308,28,admin.,single,tertiary,4,no,no,unknown,jun,11,-1,0,unknown,no,0,0,0,Low,0,0,0.14260787
1309,39,blue-collar,divorced,primary,3970,yes,no,cellular,nov,1,-1,0,unknown,no,0,0,1,Medium,0,0,0.043902747
1310,40,admin.,married,secondary,275,yes,no,cellular,jul,1,-1,0,unknown,no,0,0,1,Low,0,0,0.05422087
1311,44,technician,married,secondary,2126,no,yes,cellular,nov,1,-1,0,unknown,no,0,0,1,Medium,0,0,0.049672715
1312,30,services,single,secondary,484,yes,no,unknown,may,2,-1,0,unknown,no,0,0,1,Low,0,0,0.09615524
1313,44,self-employed,married,secondary,465,no,no,cellular,aug,1,-1,0,unknown,no,0,0,0,Low,0,0,0.12406055
1314,36,blue-collar,married,primary,2730,yes,no,cellular,apr,1,323,1,failure,no,0,1,1,Medium,0,0,0.038449027
1315,53,management,married,primary,-421,yes,no,unknown,may,4,-1,0,unknown,no,0,0,1,Negative,0,0,0.004159233
1316,51,blue-collar,single,secondary,708,yes,no,telephone,may,1,364,1,failure,no,0,1,1,Low,0,0,0.019636577
1317,58,housemaid,married,secondary,196,no,yes,cellular,may,3,-1,0,unknown,no,0,0,1,Low,0,0,0.027017629
1318,49,management,married,tertiary,0,no,no,cellular,aug,6,-1,0,unknown,no,0,0,0,Negative,0,0,0.053419944
1319,33,technician,single,tertiary,137,no,no,cellular,aug,4,-1,0,unknown,no,0,0,0,Low,0,0,0.050268404
1320,35,management,married,tertiary,0,no,no,cellular,aug,4,-1,0,unknown,no,0,0,0,Negative,0,0,0.10890543
1321,33,management,divorced,tertiary,166,yes,no,unknown,jun,1,-1,0,unknown,no,0,0,1,Low,0,0,0.04703402
1322,34,blue-collar,married,secondary,2305,yes,no,cellular,nov,1,-1,0,unknown,no,0,0,1,Medium,0,0,0.039852194
1323,35,technician,married,secondary,18,yes,yes,cellular,may,2,-1,0,unknown,no,0,0,1,Low,0,0,0.049818404
1324,38,management,married,tertiary,0,no,no,cellular,aug,2,-1,0,unknown,no,0,0,0,Negative,0,0,0.041652143
1325,34,management,married,tertiary,581,yes,no,unknown,may,1,-1,0,unknown,no,0,0,1,Low,0,0,0.013796675
1326,52,retired,married,primary,537,no,no,unknown,jun,1,-1,0,unknown,no,0,0,0,Low,0,0,0.10480435
1327,40,services,married,unknown,0,no,no,cellular,jul,34,-1,0,unknown,no,0,0,0,Negative,0,0,0.004657585
1328,36,admin.,married,tertiary,3127,yes,no,unknown,may,2,-1,0,unknown,no,0,0,1,Medium,0,0,0.03260867
1329,65,retired,married,primary,493,no,no,cellular,oct,1,182,1,failure,no,0,1,0,Low,0,0,0.4114639
1330,25,unemployed,single,secondary,771,no,no,cellular,mar,1,-1,0,unknown,no,0,0,0,Low,0,1,0.58712417
1331,25,technician,single,tertiary,148,no,no,cellular,jul,1,-1,0,unknown,no,0,0,0,Low,0,0,0.28012577
1332,31,unemployed,single,secondary,8304,no,no,cellular,oct,1,183,1,failure,no,0,1,0,High,0,0,0.33652702
1333,33,services,married,secondary,-52,yes,no,cellular,may,1,-1,0,unknown,no,0,0,1,Negative,0,0,0.10568187
1334,30,admin.,single,tertiary,253,yes,no,unknown,may,4,-1,0,unknown,no,0,0,1,Low,0,0,0.060431864
1335,46,management,married,tertiary,4693,no,yes,cellular,aug,1,394,2,failure,yes,1,1,1,Medium,1,0,0.17653936
1336,37,blue-collar,divorced,secondary,48,yes,no,unknown,may,2,-1,0,unknown,no,0,0,1,Low,0,0,0.035755984
1337,36,technician,single,tertiary,251,yes,no,cellular,may,4,-1,0,unknown,no,0,0,1,Low,0,0,0.081259236
1338,45,management,married,tertiary,1433,no,no,cellular,aug,1,-1,0,unknown,no,0,0,0,Medium,0,0,0.16926579
1339,42,admin.,divorced,secondary,-172,yes,yes,unknown,jun,1,-1,0,unknown,no,0,0,1,Negative,0,0,0.029967088
1340,31,technician,single,secondary,1222,yes,no,cellular,apr,3,-1,0,unknown,no,0,0,1,Medium,0,0,0.11439676
1341,32,blue-collar,married,secondary,-49,yes,no,cellular,jul,8,-1,0,unknown,no,0,0,1,Negative,0,0,0.07022221
1342,34,blue-collar,married,primary,275,yes,no,unknown,may,1,-1,0,unknown,no,0,0,1,Low,0,0,0.03474056
1343,46,blue-collar,married,primary,258,yes,no,unknown,may,1,-1,0,unknown,no,0,0,1,Low,0,0,0.020446124
1344,33,self-employed,married,tertiary,1099,no,no,cellular,feb,5,-1,0,unknown,no,0,0,0,Medium,0,0,0.30259553
1345,38,entrepreneur,married,secondary,351,yes,no,cellular,feb,1,244,3,failure,no,0,1,1,Low,0,0,0.04148961
1346,51,blue-collar,married,primary,196,yes,no,unknown,may,1,-1,0,unknown,no,0,0,1,Low,0,0,0.0141057195
1347,42,blue-collar,married,primary,329,yes,no,unknown,may,4,-1,0,unknown,no,0,0,1,Low,0,0,0.030641904
1348,38,blue-collar,married,secondary,43,no,yes,cellular,jul,3,-1,0,unknown,no,0,0,1,Low,0,0,0.052941687
1349,49,technician,divorced,secondary,-39,yes,yes,cellular,jul,3,-1,0,unknown,no,0,0,1,Negative,0,0,0.041311834
1350,30,technician,single,secondary,224,yes,no,cellular,aug,2,-1,0,unknown,no,0,0,1,Low,0,0,0.09273809
1351,58,blue-collar,married,primary,1231,no,no,unknown,jun,3,-1,0,unknown,no,0,0,0,Medium,0,0,0.034300227
1352,29,technician,single,tertiary,615,yes,no,cellular,may,1,-1,0,unknown,yes,1,0,1,Low,1,0,0.11144286
1353,30,management,single,tertiary,17036,yes,no,unknown,jun,7,-1,0,unknown,no,0,0,1,High,0,0,0.09786006
1354,46,admin.,married,secondary,1437,yes,no,cellular,may,1,-1,0,unknown,no,0,0,1,Medium,0,0,0.1148488
1355,40,technician,single,secondary,57,no,yes,cellular,aug,4,-1,0,unknown,no,0,0,1,Low,0,0,0.10699691
1356,57,unemployed,married,unknown,381,no,no,cellular,jan,1,-1,0,unknown,no,0,0,0,Low,0,0,0.026440121
1357,35,student,single,secondary,278,no,no,unknown,sep,1,-1,0,unknown,no,0,0,0,Low,0,0,0.044849303
1358,59,management,married,unknown,3428,yes,yes,cellular,nov,1,-1,0,unknown,no,0,0,1,Medium,0,0,0.19197302
1359,43,blue-collar,divorced,secondary,590,yes,yes,cellular,apr,2,-1,0,unknown,no,0,0,1,Low,0,0,0.09870881
1360,52,services,married,secondary,431,no,no,cellular,aug,17,-1,0,unknown,no,0,0,0,Low,0,0,0.027062988
1361,35,management,single,secondary,5260,yes,no,unknown,may,2,-1,0,unknown,no,0,0,1,High,0,0,0.11342343
1362,46,admin.,divorced,secondary,-637,yes,no,cellular,nov,1,-1,0,unknown,no,0,0,1,Negative,0,0,0.056855094
1363,43,management,single,secondary,469,yes,no,cellular,nov,4,-1,0,unknown,no,0,0,1,Low,0,0,0.0397964
1364,60,blue-collar,married,secondary,414,no,no,cellular,feb,1,-1,0,unknown,no,0,0,0,Low,0,0,0.18296707
1365,41,blue-collar,married,primary,686,yes,no,cellular,nov,3,-1,0,unknown,no,0,0,1,Low,0,0,0.047924675
1366,55,technician,married,secondary,273,yes,no,cellular,jan,3,183,3,failure,no,0,1,1,Low,0,0,0.025526179
1367,43,blue-collar,married,secondary,85,yes,no,cellular,apr,3,279,5,other,no,0,1,1,Low,0,0,0.051708244
1368,50,admin.,married,unknown,-1137,yes,yes,unknown,jun,1,-1,0,unknown,no,0,0,1,Negative,0,0,0.00570111
1369,50,management,married,secondary,5,no,no,unknown,jul,1,-1,0,unknown,no,0,0,0,Low,0,0,0.016628766
1370,36,unemployed,married,secondary,17458,no,no,cellular,sep,2,-1,0,unknown,no,0,0,0,High,0,0,0.1693195
1371,33,blue-collar,married,secondary,-241,yes,yes,cellular,feb,1,253,1,failure,no,0,1,1,Negative,0,0,0.025121037
1372,54,admin.,married,secondary,0,no,no,cellular,jan,1,-1,0,unknown,yes,1,0,0,Negative,1,0,0.016662836
1373,22,student,single,secondary,2412,yes,no,unknown,may,2,-1,0,unknown,no,0,0,1,Medium,0,0,0.0044695893
1374,39,unemployed,married,secondary,74,yes,no,cellular,jul,6,-1,0,unknown,no,0,0,1,Low,0,0,0.034999263
1375,38,management,married,tertiary,76,yes,no,cellular,jul,3,-1,0,unknown,no,0,0,1,Low,0,0,0.045370102
1376,43,technician,married,secondary,1937,yes,no,unknown,may,1,-1,0,unknown,no,0,0,1,Medium,0,0,0.019764306
1377,27,unemployed,married,secondary,724,yes,yes,cellular,apr,3,-1,0,unknown,no,0,0,1,Low,0,0,0.083037995
1378,29,management,single,tertiary,0,yes,no,cellular,jul,1,-1,0,unknown,no,0,0,1,Negative,0,0,0.059157304
1379,46,services,single,secondary,897,yes,no,telephone,nov,2,-1,0,unknown,no,0,0,1,Low,0,0,0.06522875
1380,54,blue-collar,married,primary,348,yes,no,unknown,may,2,-1,0,unknown,no,0,0,1,Low,0,0,0.013903542
1381,51,blue-collar,married,primary,165,yes,no,telephone,aug,2,-1,0,unknown,no,0,0,1,Low,0,0,0.03469449
1382,30,blue-collar,married,primary,-518,yes,yes,unknown,may,6,-1,0,unknown,no,0,0,1,Negative,0,0,0.0067312415
1383,35,blue-collar,married,primary,63,no,yes,cellular,jul,2,-1,0,unknown,no,0,0,1,Low,0,0,0.031983297
1384,75,retired,married,primary,1413,no,no,cellular,sep,2,188,2,success,yes,1,1,0,Medium,1,0,0.24937429
1385,54,housemaid,divorced,tertiary,9,no,yes,cellular,jul,3,-1,0,unknown,no,0,0,1,Low,0,0,0.025193969
1386,28,services,single,secondary,217,yes,no,cellular,feb,3,-1,0,unknown,no,0,0,1,Low,0,0,0.16477673
1387,36,blue-collar,married,secondary,0,no,no,cellular,jul,1,-1,0,unknown,no,0,0,0,Negative,0,0,0.08066505
1388,48,management,married,secondary,397,no,no,unknown,jun,6,-1,0,unknown,no,0,0,0,Low,0,0,0.029765166
1389,40,entrepreneur,divorced,tertiary,992,yes,no,cellular,jul,2,-1,0,unknown,no,0,0,1,Low,0,0,0.0631228
1390,33,blue-collar,single,secondary,1254,yes,no,cellular,apr,1,-1,0,unknown,no,0,0,1,Medium,0,0,0.1884089
1391,37,entrepreneur,married,secondary,680,yes,yes,cellular,nov,11,185,1,other,no,0,1,1,Low,0,0,0.010055909
1392,57,management,married,tertiary,2440,yes,no,unknown,may,2,-1,0,unknown,no,0,0,1,Medium,0,0,0.018404683
1393,35,admin.,divorced,secondary,0,no,no,cellular,jul,6,-1,0,unknown,no,0,0,0,Negative,0,0,0.113049164
1394,29,student,single,unknown,145,no,no,cellular,aug,1,-1,0,unknown,no,0,0,0,Low,0,0,0.32998803
1395,41,admin.,single,secondary,386,no,no,cellular,jan,1,-1,0,unknown,no,0,0,0,Low,0,0,0.025810756
1396,31,management,married,tertiary,732,yes,no,cellular,jan,1,241,1,failure,no,0,1,1,Low,0,0,0.002949912
1397,57,admin.,married,secondary,1275,no,yes,cellular,jul,4,-1,0,unknown,no,0,0,1,Medium,0,0,0.044463634
1398,37,admin.,single,secondary,0,yes,no,unknown,may,4,-1,0,unknown,no,0,0,1,Negative,0,0,0.015734274
1399,26,management,married,tertiary,877,yes,no,cellular,jul,1,-1,0,unknown,no,0,0,1,Low,0,0,0.03240403
1400,47,self-employed,married,unknown,14,yes,no,cellular,may,1,-1,0,unknown,no,0,0,1,Low,0,0,0.07988649
1401,36,blue-collar,married,secondary,0,no,no,unknown,jun,1,-1,0,unknown,no,0,0,0,Negative,0,0,0.029567912
1402,41,management,married,tertiary,0,no,yes,cellular,jul,2,-1,0,unknown,no,0,0,1,Negative,0,0,0.031790487
1403,39,management,single,tertiary,3797,no,no,cellular,jun,2,-1,0,unknown,no,0,0,0,Medium,0,0,0.37841007
1404,50,technician,divorced,tertiary,1679,yes,no,cellular,jul,2,-1,0,unknown,no,0,0,1,Medium,0,0,0.051624555
1405,43,blue-collar,married,primary,445,yes,no,unknown,sep,1,-1,0,unknown,no,0,0,1,Low,0,0,0.0962279
1406,46,admin.,single,secondary,533,no,no,cellular,may,1,-1,0,unknown,no,0,0,0,Low,0,0,0.24770257
1407,48,technician,married,secondary,761,no,no,cellular,nov,2,-1,0,unknown,no,0,0,0,Low,0,0,0.03463627
1408,32,management,married,tertiary,2213,no,no,cellular,aug,7,-1,0,unknown,no,0,0,0,Medium,0,0,0.04440339
1409,75,blue-collar,married,secondary,6053,no,no,telephone,aug,1,-1,0,unknown,no,0,0,0,High,0,0,0.29552692
1410,27,technician,married,tertiary,176,yes,no,cellular,may,2,350,7,other,no,0,1,1,Low,0,0,0.020182688
1411,33,management,married,tertiary,403,yes,no,unknown,may,2,-1,0,unknown,no,0,0,1,Low,0,0,0.018399077
1412,59,management,divorced,tertiary,1304,no,no,unknown,jun,1,-1,0,unknown,no,0,0,0,Medium,0,0,0.10163681
1413,34,self-employed,single,secondary,1261,yes,no,cellular,apr,2,-1,0,unknown,no,0,0,1,Medium,0,0,0.12162908
1414,59,management,married,secondary,42,no,no,cellular,nov,1,-1,0,unknown,no,0,0,0,Low,0,0,0.07522852
1415,61,retired,married,secondary,11,no,no,cellular,sep,1,92,3,success,yes,1,1,0,Low,1,1,0.7285275
1416,39,services,married,secondary,554,yes,no,cellular,apr,1,-1,0,unknown,no,0,0,1,Low,0,0,0.058184188
1417,31,admin.,married,secondary,54,yes,no,cellular,nov,1,-1,0,unknown,no,0,0,1,Low,0,0,0.06326444
1418,57,retired,married,primary,13,yes,no,cellular,may,2,366,2,failure,no,0,1,1,Low,0,0,0.018831518
1419,38,blue-collar,single,secondary,0,no,no,cellular,oct,1,75,3,failure,yes,1,1,0,Negative,1,0,0.32326776
1420,57,entrepreneur,married,secondary,9902,no,no,cellular,jun,3,-1,0,unknown,no,0,0,0,High,0,0,0.4627121
1421,31,management,married,tertiary,2652,no,no,cellular,aug,9,-1,0,unknown,no,0,0,0,Medium,0,0,0.17139032
1422,24,blue-collar,single,secondary,174,yes,yes,cellular,may,1,-1,0,unknown,yes,1,0,1,Low,1,0,0.09426377
1423,30,management,married,secondary,-397,yes,no,unknown,may,3,-1,0,unknown,no,0,0,1,Negative,0,0,0.0050761607
1424,43,technician,married,secondary,307,no,no,cellular,jul,2,-1,0,unknown,no,0,0,0,Low,0,0,0.110089146
1425,46,housemaid,married,primary,17,no,no,unknown,jun,1,-1,0,unknown,no,0,0,0,Low,0,0,0.008573128
1426,55,management,divorced,tertiary,5253,yes,yes,cellular,apr,1,287,19,failure,no,0,1,1,High,0,0,0.064066276
1427,52,blue-collar,married,secondary,372,yes,no,cellular,may,1,-1,0,unknown,no,0,0,1,Low,0,0,0.055877335
1428,42,technician,single,secondary,541,yes,no,cellular,feb,1,-1,0,unknown,yes,1,0,1,Low,1,0,0.036980543
1429,39,management,single,tertiary,-401,yes,no,cellular,aug,4,-1,0,unknown,no,0,0,1,Negative,0,0,0.07874554
1430,32,blue-collar,single,secondary,82,yes,no,cellular,jul,4,-1,0,unknown,no,0,0,1,Low,0,0,0.041865107
1431,38,management,divorced,tertiary,0,no,no,cellular,feb,3,-1,0,unknown,no,0,0,0,Negative,0,0,0.19917479
1432,61,retired,married,secondary,479,no,no,cellular,jul,5,-1,0,unknown,no,0,0,0,Low,0,0,0.21120024
1433,29,blue-collar,single,primary,950,yes,no,unknown,jun,3,-1,0,unknown,no,0,0,1,Low,0,0,0.0970434
1434,37,management,married,tertiary,4174,no,no,cellular,apr,5,-1,0,unknown,no,0,0,0,Medium,0,0,0.46345752
1435,38,management,married,tertiary,119,yes,no,unknown,may,4,-1,0,unknown,yes,1,0,1,Low,1,0,0.02609645
1436,44,management,married,secondary,-1746,yes,no,unknown,jun,1,-1,0,unknown,no,0,0,1,Negative,0,0,0.011717728
1437,25,services,single,secondary,5,no,yes,cellular,jul,6,-1,0,unknown,no,0,0,1,Low,0,0,0.03693808
1438,26,technician,single,tertiary,11862,no,no,cellular,feb,1,-1,0,unknown,yes,1,0,0,High,1,1,0.64144105
1439,44,management,divorced,tertiary,2422,yes,no,cellular,apr,2,269,2,failure,no,0,1,1,Medium,0,0,0.096357465
1440,26,blue-collar,married,primary,595,yes,yes,cellular,may,3,-1,0,unknown,no,0,0,1,Low,0,0,0.07632207
1441,36,blue-collar,married,secondary,7579,yes,no,unknown,may,1,-1,0,unknown,no,0,0,1,High,0,0,0.02726083
1442,42,services,single,secondary,-193,yes,no,cellular,may,4,-1,0,unknown,no,0,0,1,Negative,0,0,0.118294224
1443,31,technician,married,secondary,28,no,no,cellular,aug,2,-1,0,unknown,no,0,0,0,Low,0,0,0.02871979
1444,47,admin.,divorced,secondary,555,yes,yes,telephone,oct,1,-1,0,unknown,yes,1,0,1,Low,1,1,0.66359323
1445,31,management,divorced,tertiary,373,no,no,cellular,feb,6,-1,0,unknown,yes,1,0,0,Low,1,0,0.28760657
1446,26,technician,married,secondary,518,yes,no,cellular,may,3,-1,0,unknown,no,0,0,1,Low,0,0,0.07535647
1447,39,management,married,tertiary,0,yes,yes,unknown,may,2,-1,0,unknown,no,0,0,1,Negative,0,0,0.025956936
1448,34,management,married,tertiary,1778,no,no,cellular,feb,1,93,3,success,no,0,1,0,Medium,0,1,0.566252
1449,30,unemployed,single,secondary,1058,no,no,cellular,feb,1,-1,0,unknown,no,0,0,0,Medium,0,0,0.22789663
1450,46,management,married,secondary,1363,yes,yes,cellular,may,4,-1,0,unknown,no,0,0,1,Medium,0,0,0.07923739
1451,37,management,married,tertiary,727,no,no,cellular,aug,10,-1,0,unknown,no,0,0,0,Low,0,0,0.05000862
1452,34,management,single,tertiary,1396,yes,no,cellular,jul,1,-1,0,unknown,no,0,0,1,Medium,0,0,0.072366275
1453,37,technician,single,secondary,181,no,no,cellular,aug,1,-1,0,unknown,no,0,0,0,Low,0,0,0.17051926
1454,46,entrepreneur,married,primary,1757,yes,no,unknown,may,3,-1,0,unknown,no,0,0,1,Medium,0,0,0.052201014
1455,39,management,married,secondary,46,yes,no,cellular,aug,10,-1,0,unknown,no,0,0,1,Low,0,0,0.018426826
1456,48,unemployed,married,secondary,293,yes,no,unknown,may,1,-1,0,unknown,no,0,0,1,Low,0,0,0.023943529
1457,51,management,married,tertiary,1394,yes,no,cellular,aug,1,-1,0,unknown,no,0,0,1,Medium,0,0,0.10329122
1458,37,management,single,tertiary,72,yes,yes,cellular,apr,5,150,7,failure,yes,1,1,1,Low,1,0,0.08460113
1459,33,blue-collar,married,primary,-306,yes,yes,unknown,may,4,-1,0,unknown,no,0,0,1,Negative,0,0,0.013972861
1460,32,admin.,married,tertiary,57,no,no,cellular,jul,2,-1,0,unknown,no,0,0,0,Low,0,0,0.093862735
1461,37,technician,married,secondary,277,yes,no,cellular,feb,2,-1,0,unknown,no,0,0,1,Low,0,0,0.058627594
1462,38,services,married,secondary,797,yes,no,cellular,apr,4,-1,0,unknown,no,0,0,1,Low,0,0,0.06719186
1463,55,blue-collar,married,secondary,1011,yes,no,cellular,aug,2,-1,0,unknown,no,0,0,1,Medium,0,0,0.079021096
1464,35,technician,single,tertiary,18,yes,yes,unknown,jun,10,-1,0,unknown,no,0,0,1,Low,0,0,0.012845372
1465,45,entrepreneur,divorced,primary,888,yes,no,telephone,jul,6,-1,0,unknown,no,0,0,1,Low,0,0,0.084672205
1466,35,admin.,divorced,secondary,183,no,yes,cellular,feb,7,217,1,failure,no,0,1,1,Low,0,0,0.007819724
1467,34,management,single,tertiary,1070,no,no,cellular,aug,15,-1,0,unknown,no,0,0,0,Medium,0,0,0.07111028
1468,50,technician,married,tertiary,2611,no,no,cellular,may,1,387,2,success,no,0,1,0,Medium,0,1,0.69836295
1469,39,blue-collar,married,primary,976,yes,no,cellular,jan,1,2,2,other,no,0,1,1,Low,0,0,0.040086847
1470,36,admin.,married,secondary,614,yes,no,unknown,may,5,-1,0,unknown,no,0,0,1,Low,0,0,0.02175502
1471,43,technician,single,secondary,28,yes,no,unknown,may,4,-1,0,unknown,no,0,0,1,Low,0,0,0.027342664
1472,33,management,married,tertiary,250,no,no,cellular,mar,6,-1,0,unknown,yes,1,0,0,Low,1,0,0.28695017
1473,44,management,married,tertiary,792,no,no,cellular,aug,7,-1,0,unknown,yes,1,0,0,Low,1,0,0.06254244
1474,41,admin.,married,secondary,705,yes,no,unknown,may,1,-1,0,unknown,no,0,0,1,Low,0,0,0.02310394
1475,33,blue-collar,married,primary,0,yes,no,cellular,nov,1,-1,0,unknown,no,0,0,1,Negative,0,0,0.03712491
1476,24,blue-collar,married,secondary,0,yes,no,unknown,jun,4,-1,0,unknown,no,0,0,1,Negative,0,0,0.21427344
1477,34,management,single,tertiary,2159,no,no,unknown,feb,1,-1,0,unknown,yes,1,0,0,Medium,1,0,0.43681112
1478,30,technician,single,tertiary,2784,no,no,cellular,nov,3,-1,0,unknown,no,0,0,0,Medium,0,0,0.3457576
1479,44,admin.,married,secondary,32,no,yes,unknown,jun,3,-1,0,unknown,no,0,0,1,Low,0,0,0.030784782
1480,50,blue-collar,married,primary,-1,no,no,cellular,aug,2,-1,0,unknown,no,0,0,0,Negative,0,0,0.023187537
1481,40,admin.,single,secondary,1322,yes,no,unknown,may,1,-1,0,unknown,no,0,0,1,Medium,0,0,0.03485518
1482,40,entrepreneur,divorced,secondary,1247,yes,no,cellular,feb,2,-1,0,unknown,no,0,0,1,Medium,0,0,0.05706344
1483,40,blue-collar,married,secondary,306,yes,no,unknown,may,2,-1,0,unknown,no,0,0,1,Low,0,0,0.020798216
1484,59,admin.,divorced,tertiary,39,no,no,cellular,jul,1,-1,0,unknown,no,0,0,0,Low,0,0,0.15916362
1485,29,student,single,secondary,48,no,no,cellular,feb,1,-1,0,unknown,no,0,0,0,Low,0,1,0.7386673
1486,38,blue-collar,divorced,secondary,1686,yes,no,unknown,jun,28,-1,0,unknown,no,0,0,1,Medium,0,0,0.019453505
1487,54,technician,married,secondary,0,no,no,cellular,nov,5,192,8,other,yes,1,1,0,Negative,1,0,0.21737853
1488,32,services,single,tertiary,1763,yes,no,cellular,may,2,-1,0,unknown,no,0,0,1,Medium,0,0,0.07924483
1489,34,management,single,secondary,0,no,no,cellular,aug,4,-1,0,unknown,no,0,0,0,Negative,0,0,0.026565082
1490,32,management,married,tertiary,8300,no,yes,cellular,jul,3,-1,0,unknown,no,0,0,1,High,0,0,0.026766654
1491,39,services,married,secondary,1323,yes,yes,telephone,jul,1,-1,0,unknown,no,0,0,1,Medium,0,0,0.07208762
1492,30,blue-collar,single,secondary,-177,yes,no,cellular,may,1,345,2,other,no,0,1,1,Negative,0,0,0.068982296
1493,32,management,married,tertiary,1208,no,no,cellular,aug,3,-1,0,unknown,no,0,0,0,Medium,0,0,0.08017196
1494,46,management,married,tertiary,182,no,no,cellular,jul,1,-1,0,unknown,no,0,0,0,Low,0,0,0.09907237
1495,40,admin.,married,secondary,67,no,yes,unknown,jun,5,-1,0,unknown,no,0,0,1,Low,0,0,0.048955373
1496,40,entrepreneur,married,secondary,0,yes,no,cellular,jul,23,-1,0,unknown,no,0,0,1,Negative,0,0,0.013388591
1497,25,blue-collar,single,primary,-289,yes,no,telephone,may,2,-1,0,unknown,no,0,0,1,Negative,0,0,0.040883254
1498,42,management,married,tertiary,2819,yes,no,cellular,nov,2,-1,0,unknown,no,0,0,1,Medium,0,0,0.043785814
1499,48,technician,married,secondary,220,no,no,cellular,jan,1,-1,0,unknown,no,0,0,0,Low,0,0,0.14959517
1500,36,student,single,unknown,417,no,no,cellular,feb,1,-1,0,unknown,yes,1,0,0,Low,1,0,0.42556542
1501,42,entrepreneur,married,tertiary,2249,yes,no,telephone,nov,1,125,5,failure,no,0,1,1,Medium,0,0,0.03698442
1502,38,unemployed,married,secondary,926,no,no,unknown,jun,5,-1,0,unknown,no,0,0,0,Low,0,0,0.056357376
1503,38,services,married,secondary,43,yes,no,unknown,jun,1,-1,0,unknown,no,0,0,1,Low,0,0,0.038657777
1504,37,management,married,tertiary,7974,yes,no,cellular,oct,5,158,7,other,no,0,1,1,High,0,1,0.5968617
1505,45,blue-collar,married,primary,1227,no,no,unknown,jun,3,-1,0,unknown,no,0,0,0,Medium,0,0,0.066409275
1506,49,unemployed,single,tertiary,631,no,no,cellular,feb,6,12,1,other,no,0,1,0,Low,0,0,0.09457547
1507,47,blue-collar,married,secondary,3696,yes,no,cellular,nov,3,170,2,failure,no,0,1,1,Medium,0,0,0.022826433
1508,46,blue-collar,single,primary,259,no,yes,cellular,jul,7,-1,0,unknown,no,0,0,1,Low,0,0,0.13358931
1509,56,retired,divorced,primary,4,yes,no,unknown,may,3,-1,0,unknown,no,0,0,1,Low,0,0,0.01841808
1510,38,management,married,tertiary,595,yes,no,cellular,nov,1,-1,0,unknown,no,0,0,1,Low,0,0,0.035081655
1511,34,management,married,tertiary,0,no,yes,cellular,jul,3,-1,0,unknown,no,0,0,1,Negative,0,0,0.04500275
1512,43,technician,single,secondary,-266,yes,yes,cellular,may,5,-1,0,unknown,no,0,0,1,Negative,0,0,0.12340779
1513,26,management,single,tertiary,1837,no,no,cellular,feb,2,-1,0,unknown,no,0,0,0,Medium,0,0,0.14468561
1514,56,management,divorced,tertiary,3885,yes,no,cellular,jul,1,-1,0,unknown,no,0,0,1,Medium,0,0,0.12387171
1515,55,management,married,secondary,8592,no,no,unknown,jun,1,-1,0,unknown,no,0,0,0,High,0,0,0.033881757
1516,42,blue-collar,married,primary,714,yes,no,unknown,may,28,-1,0,unknown,no,0,0,1,Low,0,0,0.0050685466
1517,42,technician,single,secondary,3,no,no,cellular,aug,1,-1,0,unknown,no,0,0,0,Low,0,0,0.06353556
1518,58,management,married,tertiary,68,yes,no,unknown,may,5,-1,0,unknown,no,0,0,1,Low,0,0,0.009492239
1519,53,retired,divorced,secondary,-172,yes,yes,cellular,apr,1,-1,0,unknown,no,0,0,1,Negative,0,0,0.16079317
1520,38,self-employed,married,secondary,215,yes,no,cellular,nov,1,167,1,failure,no,0,1,1,Low,0,0,0.01724884
1521,51,technician,married,secondary,2,yes,yes,cellular,feb,1,205,3,failure,no,0,1,1,Low,0,0,0.0371604
1522,35,management,married,tertiary,820,yes,no,unknown,may,4,-1,0,unknown,no,0,0,1,Low,0,0,0.08528071
1523,28,student,single,secondary,293,no,no,cellular,may,3,-1,0,unknown,no,0,0,0,Low,0,0,0.31376946
1524,43,blue-collar,married,secondary,1927,yes,no,cellular,apr,1,152,1,failure,no,0,1,1,Medium,0,0,0.04322536
1525,33,technician,married,secondary,1,yes,no,cellular,mar,4,-1,0,unknown,no,0,0,1,Low,0,1,0.65264803
1526,31,services,married,secondary,14387,yes,no,cellular,nov,1,-1,0,unknown,no,0,0,1,High,0,0,0.026309185
1527,35,management,single,tertiary,1423,yes,no,unknown,may,1,-1,0,unknown,no,0,0,1,Medium,0,0,0.055644993
1528,41,management,married,tertiary,1132,no,no,unknown,may,4,-1,0,unknown,no,0,0,0,Medium,0,0,0.041098133
1529,26,technician,single,tertiary,152,no,no,cellular,jan,2,2,1,other,no,0,1,0,Low,0,0,0.32705057
1530,57,management,married,secondary,139,no,no,cellular,aug,1,-1,0,unknown,no,0,0,0,Low,0,0,0.120948434
1531,53,management,married,tertiary,1061,no,no,cellular,jun,2,-1,0,unknown,no,0,0,0,Medium,0,0,0.48259726
1532,55,retired,married,secondary,918,yes,no,cellular,may,3,364,1,failure,no,0,1,1,Low,0,0,0.049540974
1533,22,student,single,tertiary,691,no,no,cellular,nov,5,103,1,success,yes,1,1,0,Low,1,1,0.677982
1534,46,entrepreneur,married,primary,0,no,no,cellular,feb,1,-1,0,unknown,no,0,0,0,Negative,0,0,0.06683596
1535,31,management,married,tertiary,10088,no,no,cellular,aug,6,-1,0,unknown,no,0,0,0,High,0,0,0.07918487
1536,40,management,married,tertiary,1855,no,no,telephone,feb,6,-1,0,unknown,yes,1,0,0,Medium,1,0,0.15988514
1537,57,technician,married,secondary,1753,yes,no,cellular,may,1,-1,0,unknown,no,0,0,1,Medium,0,0,0.083283894
1538,30,technician,single,secondary,281,no,no,cellular,aug,2,-1,0,unknown,no,0,0,0,Low,0,0,0.07839811
1539,33,management,married,tertiary,0,no,no,cellular,aug,2,-1,0,unknown,no,0,0,0,Negative,0,0,0.03121595
1540,59,blue-collar,married,primary,320,yes,no,unknown,may,1,-1,0,unknown,yes,1,0,1,Low,1,0,0.020832038
1541,44,blue-collar,divorced,primary,25,yes,no,cellular,may,1,344,7,failure,no,0,1,1,Low,0,0,0.07508739
1542,35,blue-collar,single,secondary,1017,no,no,unknown,jun,2,-1,0,unknown,no,0,0,0,Medium,0,0,0.09896886
1543,56,entrepreneur,married,tertiary,-65,yes,no,unknown,jun,2,-1,0,unknown,no,0,0,1,Negative,0,0,0.1396814
1544,72,retired,married,secondary,5715,no,no,cellular,may,1,181,2,success,yes,1,1,0,High,1,1,0.7128843
1545,58,technician,married,secondary,1,no,no,cellular,jan,2,-1,0,unknown,no,0,0,0,Low,0,0,0.033790637
1546,37,admin.,single,tertiary,1000,yes,no,cellular,mar,1,-1,0,unknown,yes,1,0,1,Low,1,1,0.7236157
1547,29,technician,single,tertiary,195,yes,yes,cellular,feb,16,-1,0,unknown,no,0,0,1,Low,0,0,0.020572696
1548,27,admin.,married,secondary,31,yes,yes,cellular,jul,2,-1,0,unknown,no,0,0,1,Low,0,0,0.017822443
1549,54,entrepreneur,divorced,tertiary,20527,no,no,telephone,nov,1,-1,0,unknown,no,0,0,0,High,0,0,0.039855286
1550,39,management,single,tertiary,4239,yes,no,cellular,may,1,-1,0,unknown,no,0,0,1,Medium,0,0,0.1273151
1551,49,retired,married,secondary,8648,no,no,cellular,nov,1,-1,0,unknown,no,0,0,0,High,0,0,0.07526583
1552,58,admin.,married,secondary,821,yes,yes,telephone,jul,2,-1,0,unknown,no,0,0,1,Low,0,0,0.08936434
1553,53,admin.,divorced,secondary,887,yes,no,unknown,may,2,-1,0,unknown,no,0,0,1,Low,0,0,0.037677288
1554,48,unemployed,divorced,secondary,201,no,no,cellular,aug,1,-1,0,unknown,yes,1,0,0,Low,1,0,0.29973015
1555,39,blue-collar,married,secondary,497,no,no,unknown,jun,4,-1,0,unknown,no,0,0,0,Low,0,0,0.04526703
1556,71,retired,married,secondary,2064,no,no,cellular,nov,2,92,3,failure,no,0,1,0,Medium,0,0,0.44653174
1557,34,blue-collar,married,unknown,-465,no,no,unknown,may,1,-1,0,unknown,no,0,0,0,Negative,0,0,0.0054230224
1558,29,blue-collar,married,primary,18,yes,no,cellular,apr,3,-1,0,unknown,no,0,0,1,Low,0,0,0.11177193
1559,36,technician,divorced,secondary,409,yes,no,unknown,may,1,-1,0,unknown,no,0,0,1,Low,0,0,0.07290952
1560,34,technician,divorced,secondary,259,no,no,cellular,aug,2,-1,0,unknown,no,0,0,0,Low,0,0,0.12481624
1561,40,technician,married,secondary,503,yes,no,unknown,may,3,-1,0,unknown,no,0,0,1,Low,0,0,0.03029099
1562,33,technician,married,tertiary,17455,yes,yes,cellular,nov,3,179,4,failure,no,0,1,1,High,0,0,0.022626273
1563,31,admin.,single,secondary,5248,no,yes,cellular,jul,1,-1,0,unknown,no,0,0,1,High,0,0,0.057728503
1564,31,blue-collar,married,secondary,268,yes,no,cellular,nov,2,-1,0,unknown,no,0,0,1,Low,0,0,0.05348829
1565,32,management,single,tertiary,715,no,no,cellular,aug,1,-1,0,unknown,no,0,0,0,Low,0,0,0.20041716
1566,32,technician,married,secondary,-1,no,no,cellular,aug,6,-1,0,unknown,no,0,0,0,Negative,0,0,0.07384187
1567,48,admin.,married,tertiary,1015,no,yes,telephone,jul,3,-1,0,unknown,no,0,0,1,Medium,0,0,0.03101459
1568,38,technician,single,secondary,61,yes,no,cellular,may,1,359,8,failure,no,0,1,1,Low,0,0,0.08481463
1569,33,unemployed,single,secondary,2066,no,yes,cellular,sep,1,749,2,failure,yes,1,1,1,Medium,1,0,0.43544763
1570,29,self-employed,single,secondary,272,yes,no,unknown,may,3,-1,0,unknown,no,0,0,1,Low,0,0,0.05589191
1571,38,technician,single,tertiary,2273,yes,no,cellular,apr,1,-1,0,unknown,no,0,0,1,Medium,0,0,0.080012195
1572,49,services,divorced,primary,400,yes,no,telephone,may,1,-1,0,unknown,no,0,0,1,Low,0,0,0.109144434
1573,40,blue-collar,married,primary,-310,yes,yes,cellular,may,2,363,5,failure,no,0,1,1,Negative,0,0,0.12747625
1574,32,management,married,tertiary,141,no,no,cellular,feb,2,-1,0,unknown,no,0,0,0,Low,0,0,0.07555578
1575,32,services,married,secondary,255,yes,yes,unknown,may,2,-1,0,unknown,no,0,0,1,Low,0,0,0.032551162
1576,58,technician,married,secondary,592,no,no,unknown,jun,1,-1,0,unknown,no,0,0,0,Low,0,0,0.024808783
1577,32,admin.,married,secondary,0,no,no,cellular,jan,3,-1,0,unknown,no,0,0,0,Negative,0,0,0.058471393
1578,37,technician,married,secondary,1458,no,no,cellular,mar,1,326,1,success,no,0,1,0,Medium,0,1,0.6815022
1579,42,services,single,secondary,877,no,no,cellular,nov,2,-1,0,unknown,no,0,0,0,Low,0,0,0.08114353
1580,31,self-employed,single,unknown,7118,yes,no,cellular,nov,1,168,2,other,no,0,1,1,High,0,0,0.06215876
1581,58,entrepreneur,married,tertiary,146,yes,no,unknown,may,6,-1,0,unknown,no,0,0,1,Low,0,0,0.01049266
1582,59,retired,divorced,primary,1534,yes,no,unknown,may,1,-1,0,unknown,no,0,0,1,Medium,0,0,0.072182015
1583,52,technician,married,secondary,5303,yes,no,unknown,oct,1,-1,0,unknown,yes,1,0,1,High,1,1,0.74570066
1584,44,blue-collar,married,secondary,144,yes,no,unknown,may,2,-1,0,unknown,no,0,0,1,Low,0,0,0.022132223
1585,30,blue-collar,single,secondary,155,yes,yes,cellular,jul,3,-1,0,unknown,yes,1,0,1,Low,1,0,0.15719564
1586,31,services,single,secondary,211,no,no,cellular,jan,2,-1,0,unknown,no,0,0,0,Low,0,0,0.03344383
1587,56,services,married,secondary,1989,no,no,cellular,aug,4,181,4,success,yes,1,1,0,Medium,1,1,0.8109332
1588,49,technician,single,secondary,114,no,no,cellular,aug,6,-1,0,unknown,no,0,0,0,Low,0,0,0.030426243
1589,50,blue-collar,divorced,primary,602,yes,no,cellular,jul,2,-1,0,unknown,no,0,0,1,Low,0,0,0.05140343
1590,34,technician,single,secondary,22,yes,no,cellular,may,1,-1,0,unknown,no,0,0,1,Low,0,0,0.06704325
1591,31,admin.,divorced,secondary,1210,no,no,cellular,jul,1,-1,0,unknown,no,0,0,0,Medium,0,0,0.11779902
1592,54,housemaid,married,secondary,0,no,no,cellular,apr,3,-1,0,unknown,no,0,0,0,Negative,0,0,0.3783932
1593,30,management,married,tertiary,1942,yes,yes,cellular,nov,2,178,3,other,yes,1,1,1,Medium,1,0,0.025754219
1594,49,entrepreneur,married,tertiary,388,yes,no,unknown,jun,2,-1,0,unknown,no,0,0,1,Low,0,0,0.061182283
1595,48,blue-collar,married,secondary,2697,yes,yes,unknown,may,5,-1,0,unknown,no,0,0,1,Medium,0,0,0.009622526
1596,40,blue-collar,divorced,secondary,973,no,no,cellular,may,1,-1,0,unknown,yes,1,0,0,Low,1,0,0.27619305
1597,33,technician,married,secondary,133,no,no,cellular,may,1,-1,0,unknown,yes,1,0,0,Low,1,0,0.16769284
1598,37,technician,divorced,secondary,566,yes,no,cellular,aug,2,-1,0,unknown,no,0,0,1,Low,0,0,0.19700179
1599,42,blue-collar,married,primary,325,yes,no,cellular,may,4,-1,0,unknown,no,0,0,1,Low,0,0,0.08003698
1600,39,management,married,tertiary,5495,yes,no,cellular,aug,6,-1,0,unknown,no,0,0,1,High,0,0,0.10423149
1601,41,self-employed,single,tertiary,1755,no,no,unknown,jun,10,-1,0,unknown,no,0,0,0,Medium,0,0,0.12603626
1602,93,retired,married,unknown,775,no,no,cellular,aug,2,13,9,success,yes,1,1,0,Low,1,1,0.62336206
1603,40,unemployed,single,tertiary,72,no,no,cellular,apr,1,-1,0,unknown,yes,1,0,0,Low,1,1,0.58446443
1604,40,admin.,divorced,secondary,1000,yes,no,unknown,may,1,-1,0,unknown,no,0,0,1,Low,0,0,0.06861859
1605,40,entrepreneur,married,secondary,1532,yes,yes,cellular,nov,7,-1,0,unknown,no,0,0,1,Medium,0,0,0.036797114
1606,49,management,married,tertiary,12482,yes,yes,unknown,may,3,-1,0,unknown,no,0,0,1,High,0,0,0.012389641
1607,41,technician,married,secondary,2990,yes,no,unknown,may,3,-1,0,unknown,no,0,0,1,Medium,0,0,0.040835302
1608,36,management,married,tertiary,23,no,no,cellular,aug,11,-1,0,unknown,no,0,0,0,Low,0,0,0.029906109
1609,50,entrepreneur,married,tertiary,6825,no,no,cellular,nov,9,-1,0,unknown,no,0,0,0,High,0,0,0.03804913
1610,43,management,married,tertiary,2696,yes,no,cellular,aug,10,-1,0,unknown,no,0,0,1,Medium,0,0,0.03246491
1611,45,housemaid,divorced,primary,221,no,no,unknown,jun,1,-1,0,unknown,no,0,0,0,Low,0,0,0.018365946
1612,26,student,single,tertiary,251,yes,no,cellular,may,5,-1,0,unknown,no,0,0,1,Low,0,0,0.09636194
1613,25,services,single,secondary,505,no,no,cellular,jun,1,-1,0,unknown,yes,1,0,0,Low,1,1,0.7230902
1614,37,management,single,tertiary,0,yes,no,cellular,may,1,344,1,failure,no,0,1,1,Negative,0,0,0.051169764
1615,36,management,married,tertiary,7,yes,no,cellular,nov,2,-1,0,unknown,no,0,0,1,Low,0,0,0.036062837
1616,51,admin.,single,secondary,726,yes,no,cellular,may,1,14,8,success,no,0,1,1,Low,0,0,0.3862423
1617,53,services,married,secondary,2719,yes,no,unknown,may,2,-1,0,unknown,no,0,0,1,Medium,0,0,0.013048032
1618,37,entrepreneur,single,tertiary,65,no,no,cellular,nov,10,113,4,failure,no,0,1,0,Low,0,0,0.010685467
1619,41,management,divorced,tertiary,1401,no,no,unknown,jun,4,-1,0,unknown,no,0,0,0,Medium,0,0,0.1319155
1620,44,entrepreneur,married,secondary,168,no,no,unknown,jun,2,-1,0,unknown,no,0,0,0,Low,0,0,0.039996
1621,54,services,married,secondary,3601,no,no,telephone,aug,3,-1,0,unknown,no,0,0,0,Medium,0,0,0.07972033
1622,31,unknown,married,secondary,111,no,no,cellular,aug,2,-1,0,unknown,no,0,0,0,Low,0,0,0.10446661
1623,54,technician,married,secondary,3994,no,yes,cellular,oct,2,187,2,success,yes,1,1,1,Medium,1,1,0.5225441
1624,45,services,married,secondary,-32,no,no,cellular,jan,2,-1,0,unknown,no,0,0,0,Negative,0,0,0.034444872
1625,50,blue-collar,married,secondary,3436,yes,yes,cellular,jul,4,-1,0,unknown,no,0,0,1,Medium,0,0,0.04005553
1626,29,blue-collar,single,secondary,908,yes,no,unknown,jun,1,-1,0,unknown,yes,1,0,1,Low,1,0,0.06281353
1627,36,technician,married,secondary,83,yes,no,unknown,may,1,-1,0,unknown,no,0,0,1,Low,0,0,0.01808792
1628,32,blue-collar,single,secondary,188,no,yes,cellular,jul,1,-1,0,unknown,no,0,0,1,Low,0,0,0.18254755
1629,35,services,married,secondary,-197,yes,no,unknown,may,1,-1,0,unknown,no,0,0,1,Negative,0,0,0.04010883
1630,49,self-employed,married,tertiary,8142,no,no,telephone,nov,1,-1,0,unknown,no,0,0,0,High,0,0,0.06813656
1631,37,self-employed,married,tertiary,804,yes,no,cellular,nov,1,170,1,other,no,0,1,1,Low,0,0,0.030024542
1632,29,management,married,tertiary,715,yes,no,unknown,may,1,-1,0,unknown,no,0,0,1,Low,0,0,0.030904023
1633,31,management,single,tertiary,2907,yes,no,cellular,jul,1,194,3,failure,yes,1,1,1,Medium,1,0,0.21484092
1634,31,admin.,married,secondary,0,yes,yes,cellular,nov,3,-1,0,unknown,no,0,0,1,Negative,0,0,0.024706466
1635,46,admin.,married,secondary,1804,no,no,cellular,aug,2,-1,0,unknown,no,0,0,0,Medium,0,0,0.09084942
1636,41,admin.,married,secondary,120,no,yes,cellular,jul,1,-1,0,unknown,no,0,0,1,Low,0,0,0.042346552
1637,45,services,married,primary,2406,yes,yes,cellular,apr,2,-1,0,unknown,no,0,0,1,Medium,0,0,0.05492479
1638,49,blue-collar,married,primary,0,yes,no,unknown,jun,2,-1,0,unknown,no,0,0,1,Negative,0,0,0.021246718
1639,31,unemployed,single,secondary,0,no,no,cellular,nov,5,-1,0,unknown,no,0,0,0,Negative,0,0,0.05056704
1640,33,self-employed,married,tertiary,980,no,no,cellular,jul,3,-1,0,unknown,no,0,0,0,Low,0,0,0.08004818
1641,31,services,married,secondary,413,yes,no,unknown,may,1,-1,0,unknown,no,0,0,1,Low,0,0,0.024868004
1642,55,technician,married,unknown,4746,yes,no,unknown,may,3,-1,0,unknown,no,0,0,1,Medium,0,0,0.058790524
1643,36,blue-collar,married,secondary,406,yes,no,unknown,may,3,-1,0,unknown,no,0,0,1,Low,0,0,0.022855802
1644,45,blue-collar,married,primary,528,yes,no,cellular,may,7,-1,0,unknown,no,0,0,1,Low,0,0,0.03546152
1645,50,blue-collar,married,primary,12519,yes,no,unknown,oct,1,-1,0,unknown,no,0,0,1,High,0,0,0.18097644
1646,30,admin.,married,secondary,779,yes,no,cellular,jun,2,17,3,other,no,0,1,1,Low,0,0,0.327217
1647,56,unemployed,married,secondary,2629,no,no,cellular,jul,2,-1,0,unknown,no,0,0,0,Medium,0,0,0.15083088
1648,22,student,single,secondary,252,yes,no,cellular,may,3,-1,0,unknown,no,0,0,1,Low,0,0,0.045132168
1649,24,admin.,single,secondary,493,no,no,cellular,mar,2,-1,0,unknown,no,0,0,0,Low,0,0,0.436262
1650,35,blue-collar,married,primary,453,yes,no,unknown,may,2,-1,0,unknown,no,0,0,1,Low,0,0,0.035927903
1651,33,services,married,tertiary,1349,yes,no,unknown,may,1,-1,0,unknown,no,0,0,1,Medium,0,0,0.027465774
1652,54,management,married,tertiary,1411,no,no,cellular,aug,2,-1,0,unknown,no,0,0,0,Medium,0,0,0.07882052
1653,63,retired,married,tertiary,8103,no,no,cellular,aug,1,-1,0,unknown,no,0,0,0,High,0,0,0.36433187
1654,53,self-employed,married,tertiary,4675,yes,no,cellular,jul,4,-1,0,unknown,no,0,0,1,Medium,0,0,0.06253679
1655,32,management,married,tertiary,1330,yes,no,unknown,may,1,-1,0,unknown,no,0,0,1,Medium,0,0,0.033473138
1656,36,blue-collar,married,primary,345,yes,no,cellular,jul,2,-1,0,unknown,no,0,0,1,Low,0,0,0.07265161
1657,57,admin.,married,secondary,1218,no,no,cellular,aug,7,-1,0,unknown,no,0,0,0,Medium,0,0,0.042102292
1658,58,management,married,secondary,2155,no,yes,cellular,aug,2,182,7,success,yes,1,1,1,Medium,1,1,0.82848626
1659,26,self-employed,single,tertiary,50,no,no,cellular,jul,4,-1,0,unknown,no,0,0,0,Low,0,0,0.095864
1660,37,unemployed,married,tertiary,7620,no,no,telephone,aug,3,98,3,failure,no,0,1,0,High,0,0,0.10937974
1661,54,retired,married,secondary,1826,yes,no,cellular,nov,4,-1,0,unknown,no,0,0,1,Medium,0,0,0.050594583
1662,45,admin.,married,unknown,1557,no,no,unknown,jun,5,-1,0,unknown,no,0,0,0,Medium,0,0,0.035383955
1663,48,entrepreneur,married,secondary,183,yes,no,unknown,jun,9,-1,0,unknown,no,0,0,1,Low,0,0,0.03427075
1664,39,management,married,tertiary,0,no,no,unknown,jun,4,-1,0,unknown,no,0,0,0,Negative,0,0,0.034777682
1665,58,unknown,married,unknown,68,no,no,cellular,apr,1,-1,0,unknown,yes,1,0,0,Low,1,0,0.04518064
1666,31,management,single,tertiary,1598,yes,no,cellular,jul,33,-1,0,unknown,no,0,0,1,Medium,0,0,0.08584483
1667,29,management,married,tertiary,10576,no,no,unknown,may,2,-1,0,unknown,yes,1,0,0,High,1,0,0.014390097
1668,30,services,single,tertiary,803,no,no,cellular,apr,1,-1,0,unknown,no,0,0,0,Low,0,0,0.2902592
1669,49,blue-collar,married,secondary,0,yes,no,unknown,may,2,-1,0,unknown,no,0,0,1,Negative,0,0,0.010925357
1670,44,blue-collar,married,secondary,797,yes,no,cellular,apr,2,-1,0,unknown,no,0,0,1,Low,0,0,0.059017178
1671,52,management,married,tertiary,0,no,no,cellular,aug,4,-1,0,unknown,no,0,0,0,Negative,0,0,0.076913476
1672,22,housemaid,single,secondary,1796,no,no,cellular,jun,3,-1,0,unknown,yes,1,0,0,Medium,1,0,0.37679872
1673,44,blue-collar,married,unknown,391,no,no,unknown,jun,4,-1,0,unknown,no,0,0,0,Low,0,0,0.04225636
1674,40,admin.,single,secondary,5061,no,yes,cellular,feb,2,-1,0,unknown,no,0,0,1,High,0,0,0.02621254
1675,50,management,single,tertiary,3537,no,no,unknown,oct,1,-1,0,unknown,yes,1,0,0,Medium,1,1,0.56341326
1676,36,technician,single,secondary,7503,yes,no,unknown,jun,1,-1,0,unknown,no,0,0,1,High,0,0,0.041399837
1677,53,blue-collar,married,unknown,593,no,no,telephone,feb,1,-1,0,unknown,no,0,0,0,Low,0,0,0.0989601
1678,33,admin.,married,secondary,796,yes,no,telephone,apr,1,-1,0,unknown,no,0,0,1,Low,0,0,0.117935516
1679,46,management,married,tertiary,110,yes,yes,cellular,aug,5,-1,0,unknown,no,0,0,1,Low,0,0,0.05057796
1680,33,technician,married,secondary,133,no,no,cellular,nov,2,192,1,success,yes,1,1,0,Low,1,1,0.8770499
1681,38,management,married,tertiary,0,yes,no,cellular,apr,1,-1,0,unknown,yes,1,0,1,Negative,1,0,0.4793077
1682,43,entrepreneur,single,tertiary,744,no,yes,cellular,jul,4,-1,0,unknown,no,0,0,1,Low,0,0,0.061895516
1683,59,housemaid,married,secondary,0,no,no,telephone,jun,1,-1,0,unknown,no,0,0,0,Negative,0,0,0.25422248
1684,36,management,married,tertiary,190,yes,no,cellular,feb,1,-1,0,unknown,no,0,0,1,Low,0,0,0.043315105
1685,40,management,married,secondary,99,no,no,cellular,feb,5,-1,0,unknown,no,0,0,0,Low,0,0,0.04428976
1686,35,services,divorced,secondary,204,yes,no,cellular,nov,1,186,9,other,no,0,1,1,Low,0,0,0.051979333
1687,32,blue-collar,married,secondary,150,yes,no,unknown,may,4,-1,0,unknown,no,0,0,1,Low,0,0,0.036726248
1688,53,technician,divorced,secondary,305,no,yes,unknown,jun,1,-1,0,unknown,no,0,0,1,Low,0,0,0.081150606
1689,53,retired,single,secondary,1846,no,no,unknown,jun,1,-1,0,unknown,no,0,0,0,Medium,0,0,0.033757374
1690,35,technician,single,secondary,183,no,no,cellular,apr,2,-1,0,unknown,no,0,0,0,Low,0,0,0.35133284
1691,33,admin.,married,secondary,105,yes,no,unknown,may,4,-1,0,unknown,no,0,0,1,Low,0,0,0.019473048
1692,35,blue-collar,single,secondary,-41,yes,no,unknown,jun,1,-1,0,unknown,no,0,0,1,Negative,0,0,0.020243235
1693,39,technician,married,secondary,834,yes,yes,cellular,apr,1,-1,0,unknown,no,0,0,1,Low,0,0,0.08258673
1694,34,management,single,tertiary,872,yes,no,unknown,may,2,-1,0,unknown,no,0,0,1,Low,0,0,0.04328839
1695,32,management,divorced,secondary,-352,no,yes,cellular,aug,5,-1,0,unknown,no,0,0,1,Negative,0,0,0.057157036
1696,40,technician,married,secondary,40,yes,no,cellular,nov,1,-1,0,unknown,no,0,0,1,Low,0,0,0.07852885
1697,53,services,divorced,tertiary,329,no,no,cellular,jan,1,-1,0,unknown,no,0,0,0,Low,0,0,0.044653676
1698,26,admin.,single,tertiary,760,yes,no,cellular,mar,2,281,5,success,yes,1,1,1,Low,1,0,0.47261548
1699,59,retired,married,primary,3079,no,no,telephone,jul,2,-1,0,unknown,no,0,0,0,Medium,0,0,0.05618045
1700,36,blue-collar,married,primary,130,yes,no,unknown,jun,2,-1,0,unknown,no,0,0,1,Low,0,0,0.05289044
1701,50,management,divorced,secondary,-35,yes,no,cellular,aug,5,-1,0,unknown,no,0,0,1,Negative,0,0,0.020730274
1702,34,management,single,tertiary,26575,no,no,cellular,may,6,168,1,failure,no,0,1,0,High,0,0,0.12996866
1703,30,blue-collar,single,primary,1395,yes,no,cellular,nov,1,175,3,other,no,0,1,1,Medium,0,0,0.0678444
1704,58,retired,married,secondary,901,yes,yes,cellular,jul,2,-1,0,unknown,no,0,0,1,Low,0,0,0.036987957
1705,30,student,single,tertiary,7529,no,no,cellular,oct,1,-1,0,unknown,yes,1,0,0,High,1,0,0.25157452
1706,28,admin.,married,secondary,957,yes,yes,unknown,may,3,-1,0,unknown,no,0,0,1,Low,0,0,0.017452769
1707,37,blue-collar,married,primary,95,yes,no,cellular,feb,2,272,2,failure,no,0,1,1,Low,0,0,0.02055284
1708,47,admin.,married,secondary,257,yes,no,unknown,may,11,-1,0,unknown,no,0,0,1,Low,0,0,0.028828103
1709,36,technician,divorced,tertiary,1174,yes,no,cellular,nov,2,-1,0,unknown,no,0,0,1,Medium,0,0,0.049281504
1710,70,retired,married,primary,579,no,no,cellular,feb,2,181,1,failure,no,0,1,0,Low,0,0,0.23848097
1711,53,management,married,secondary,2522,no,no,unknown,jun,2,-1,0,unknown,no,0,0,0,Medium,0,0,0.029292686
1712,34,technician,single,secondary,0,no,no,cellular,aug,2,-1,0,unknown,no,0,0,0,Negative,0,0,0.037148576
1713,54,management,married,tertiary,7249,yes,yes,cellular,may,1,96,3,failure,no,0,1,1,High,0,0,0.07375798
1714,70,retired,married,secondary,1164,no,no,telephone,nov,2,-1,0,unknown,no,0,0,0,Medium,0,0,0.32570067
1715,45,management,married,tertiary,4693,no,yes,cellular,jul,2,-1,0,unknown,no,0,0,1,Medium,0,0,0.03809205
1716,51,blue-collar,married,secondary,950,no,no,cellular,aug,2,-1,0,unknown,no,0,0,0,Low,0,0,0.048043314
1717,59,technician,divorced,secondary,879,yes,no,unknown,may,1,-1,0,unknown,no,0,0,1,Low,0,0,0.041599534
1718,58,unemployed,married,tertiary,744,no,no,telephone,jan,1,-1,0,unknown,no,0,0,0,Low,0,0,0.01257925
1719,29,management,married,tertiary,900,no,no,cellular,jul,2,-1,0,unknown,no,0,0,0,Low,0,0,0.08354559
1720,20,student,married,unknown,292,no,no,cellular,aug,2,93,1,failure,yes,1,1,0,Low,1,0,0.14621653
1721,50,entrepreneur,married,tertiary,2442,no,no,cellular,feb,1,-1,0,unknown,no,0,0,0,Medium,0,0,0.20698361
1722,51,technician,married,secondary,98,yes,no,unknown,may,2,-1,0,unknown,no,0,0,1,Low,0,0,0.012041985
1723,38,management,married,tertiary,5432,yes,yes,cellular,apr,1,149,2,failure,no,0,1,1,High,0,0,0.040732425
1724,31,management,single,tertiary,518,yes,no,cellular,may,1,-1,0,unknown,no,0,0,1,Low,0,0,0.1097255
1725,45,services,married,primary,116,yes,no,unknown,jun,3,-1,0,unknown,no,0,0,1,Low,0,0,0.038279187
1726,55,services,married,secondary,617,yes,no,cellular,apr,3,-1,0,unknown,no,0,0,1,Low,0,0,0.0733293
1727,49,management,divorced,tertiary,4961,yes,no,cellular,feb,2,231,1,failure,no,0,1,1,Medium,0,0,0.026245704
1728,41,management,married,tertiary,0,no,yes,cellular,jul,1,-1,0,unknown,no,0,0,1,Negative,0,0,0.026950236
1729,39,unemployed,divorced,secondary,193,yes,no,unknown,may,1,-1,0,unknown,no,0,0,1,Low,0,0,0.053859122
1730,38,blue-collar,married,secondary,384,yes,no,unknown,may,3,-1,0,unknown,no,0,0,1,Low,0,0,0.022106888
1731,59,management,married,tertiary,2239,no,no,cellular,may,1,-1,0,unknown,yes,1,0,0,Medium,1,0,0.295287
1732,58,management,married,tertiary,3948,no,yes,cellular,aug,1,-1,0,unknown,no,0,0,1,Medium,0,0,0.079179406
1733,33,technician,married,secondary,256,yes,no,cellular,nov,1,-1,0,unknown,no,0,0,1,Low,0,0,0.041224927
1734,36,technician,married,tertiary,99,yes,yes,cellular,nov,1,-1,0,unknown,no,0,0,1,Low,0,0,0.0381087
1735,58,retired,married,secondary,502,yes,no,cellular,may,2,370,3,failure,no,0,1,1,Low,0,0,0.05392445
1736,52,housemaid,married,secondary,3923,yes,no,unknown,may,3,-1,0,unknown,yes,1,0,1,Medium,1,0,0.022866331
1737,40,admin.,married,secondary,1597,yes,no,unknown,may,1,-1,0,unknown,no,0,0,1,Medium,0,0,0.02816761
1738,36,services,single,secondary,755,no,no,unknown,jun,1,-1,0,unknown,no,0,0,0,Low,0,0,0.04286235
1739,34,management,single,tertiary,673,yes,yes,cellular,nov,1,184,1,failure,no,0,1,1,Low,0,0,0.0512528
1740,40,blue-collar,married,primary,4,no,no,unknown,jun,9,-1,0,unknown,no,0,0,0,Low,0,0,0.012480316
1741,31,admin.,divorced,secondary,525,no,yes,telephone,nov,7,-1,0,unknown,no,0,0,1,Low,0,0,0.054758735
1742,35,management,single,tertiary,-146,yes,no,cellular,aug,1,-1,0,unknown,no,0,0,1,Negative,0,0,0.018285953
1743,33,management,single,tertiary,9317,no,no,cellular,may,1,205,3,failure,no,0,1,0,High,0,1,0.6434023
1744,38,self-employed,single,secondary,1146,yes,no,unknown,may,2,-1,0,unknown,no,0,0,1,Medium,0,0,0.050897013
1745,36,blue-collar,married,secondary,129,yes,no,cellular,may,4,-1,0,unknown,no,0,0,1,Low,0,0,0.08745074
1746,47,admin.,married,secondary,3676,no,no,cellular,oct,1,95,3,success,yes,1,1,0,Medium,1,1,0.7611938
1747,56,management,single,tertiary,1092,yes,yes,cellular,nov,3,186,4,failure,no,0,1,1,Medium,0,0,0.016192295
1748,27,admin.,married,secondary,639,no,yes,cellular,jul,3,-1,0,unknown,no,0,0,1,Low,0,0,0.07801148
1749,31,services,single,secondary,8,no,no,cellular,jul,3,-1,0,unknown,no,0,0,0,Low,0,0,0.046787262
1750,35,blue-collar,single,secondary,275,yes,no,unknown,may,2,-1,0,unknown,no,0,0,1,Low,0,0,0.0570288
1751,42,technician,married,secondary,1539,no,no,cellular,jun,5,211,2,failure,no,0,1,0,Medium,0,1,0.5816194
1752,28,technician,single,tertiary,865,no,no,cellular,sep,1,-1,0,unknown,no,0,0,0,Low,0,1,0.54919624
1753,42,management,divorced,tertiary,742,yes,no,unknown,may,3,-1,0,unknown,no,0,0,1,Low,0,0,0.021775117
1754,26,management,single,tertiary,170,no,no,cellular,jun,1,-1,0,unknown,yes,1,0,0,Low,1,0,0.49996608
1755,40,technician,married,secondary,26,yes,no,unknown,may,3,-1,0,unknown,no,0,0,1,Low,0,0,0.019653225
1756,38,admin.,married,primary,3913,yes,no,cellular,apr,2,315,2,failure,no,0,1,1,Medium,0,0,0.055479396
1757,35,blue-collar,married,secondary,3188,yes,no,cellular,jul,3,-1,0,unknown,no,0,0,1,Medium,0,0,0.037089005
1758,34,admin.,married,secondary,34,yes,no,unknown,may,3,-1,0,unknown,no,0,0,1,Low,0,0,0.017963845
1759,35,management,divorced,tertiary,29,no,no,cellular,aug,4,-1,0,unknown,no,0,0,0,Low,0,0,0.062258378
1760,62,retired,married,primary,383,no,no,cellular,sep,1,-1,0,unknown,no,0,0,0,Low,0,0,0.38904592
1761,35,services,married,secondary,0,no,no,unknown,jun,4,-1,0,unknown,no,0,0,0,Negative,0,0,0.028720297
1762,26,management,single,tertiary,828,yes,no,cellular,aug,1,199,1,failure,yes,1,1,1,Low,1,0,0.210428
1763,46,self-employed,married,tertiary,-80,yes,no,unknown,may,2,-1,0,unknown,no,0,0,1,Negative,0,0,0.014322497
1764,39,services,single,secondary,26,yes,no,cellular,may,3,-1,0,unknown,no,0,0,1,Low,0,0,0.12474446
1765,29,technician,single,tertiary,1185,yes,no,unknown,may,1,-1,0,unknown,no,0,0,1,Medium,0,0,0.077849224
1766,29,student,married,unknown,2229,no,no,unknown,jul,1,252,1,other,no,0,1,0,Medium,0,0,0.32874396
1767,35,management,married,tertiary,106,no,yes,cellular,aug,2,-1,0,unknown,no,0,0,1,Low,0,0,0.059939835
1768,30,admin.,married,tertiary,4168,no,no,cellular,jun,1,-1,0,unknown,no,0,0,0,Medium,0,1,0.5387434
1769,32,technician,single,unknown,-170,no,no,unknown,may,1,-1,0,unknown,no,0,0,0,Negative,0,0,0.001325783
1770,39,unemployed,married,secondary,1309,yes,no,cellular,feb,2,-1,0,unknown,no,0,0,1,Medium,0,0,0.12092567
1771,30,technician,married,tertiary,71,yes,no,cellular,jul,2,-1,0,unknown,no,0,0,1,Low,0,0,0.043421242
1772,48,blue-collar,married,primary,266,no,no,telephone,aug,5,-1,0,unknown,no,0,0,0,Low,0,0,0.04047253
1773,38,technician,married,secondary,1016,yes,yes,cellular,may,2,167,4,failure,no,0,1,1,Medium,0,0,0.06631685
1774,53,blue-collar,married,primary,880,no,no,cellular,jul,4,-1,0,unknown,no,0,0,0,Low,0,0,0.043159097
1775,38,technician,married,secondary,4539,no,no,cellular,sep,1,-1,0,unknown,yes,1,0,0,Medium,1,0,0.43769932
1776,58,blue-collar,married,secondary,1507,yes,yes,cellular,nov,6,189,1,other,no,0,1,1,Medium,0,0,0.0068985764
1777,34,admin.,married,tertiary,798,yes,no,cellular,mar,2,-1,0,unknown,no,0,0,1,Low,0,0,0.49924228
1778,45,services,single,secondary,1757,yes,no,cellular,apr,3,326,1,other,no,0,1,1,Medium,0,0,0.12687796
1779,38,unemployed,married,tertiary,380,no,no,cellular,feb,1,-1,0,unknown,no,0,0,0,Low,0,0,0.3105066
1780,32,management,single,tertiary,12607,no,no,cellular,aug,5,84,1,failure,no,0,1,0,High,0,0,0.16401435
1781,41,unemployed,married,primary,819,no,no,cellular,feb,3,-1,0,unknown,no,0,0,0,Low,0,0,0.2645003
1782,36,entrepreneur,divorced,tertiary,914,no,no,unknown,jun,1,-1,0,unknown,no,0,0,0,Low,0,0,0.10688902
1783,46,admin.,divorced,secondary,2087,no,no,cellular,jun,1,119,4,other,no,0,1,0,Medium,0,1,0.66885155
1784,56,blue-collar,married,primary,278,no,yes,cellular,jul,3,-1,0,unknown,no,0,0,1,Low,0,0,0.041055806
1785,53,entrepreneur,divorced,tertiary,81,yes,no,cellular,may,5,352,3,failure,no,0,1,1,Low,0,0,0.013148827
1786,37,blue-collar,single,tertiary,481,no,no,cellular,may,8,-1,0,unknown,no,0,0,0,Low,0,0,0.11140768
1787,32,technician,single,secondary,1732,yes,no,cellular,aug,3,-1,0,unknown,yes,1,0,1,Medium,1,0,0.1475031
1788,29,services,married,secondary,1432,no,no,cellular,jul,8,-1,0,unknown,no,0,0,0,Medium,0,0,0.060960766
1789,44,management,married,tertiary,-600,yes,no,cellular,aug,1,-1,0,unknown,no,0,0,1,Negative,0,0,0.07259416
1790,29,technician,single,unknown,0,no,yes,cellular,jul,6,-1,0,unknown,no,0,0,1,Negative,0,0,0.14412007
1791,60,management,married,unknown,2508,no,no,unknown,jun,1,-1,0,unknown,no,0,0,0,Medium,0,0,0.040315837
1792,55,services,married,secondary,2476,yes,no,unknown,may,1,-1,0,unknown,yes,1,0,1,Medium,1,0,0.015163123
1793,25,student,single,secondary,1868,no,no,cellular,oct,1,103,2,other,yes,1,1,0,Medium,1,1,0.64352036
1794,35,admin.,married,secondary,640,no,no,unknown,jun,2,-1,0,unknown,no,0,0,0,Low,0,0,0.039260972
1795,31,management,married,tertiary,792,no,no,cellular,aug,14,-1,0,unknown,yes,1,0,0,Low,1,0,0.026463188
1796,53,services,divorced,unknown,1012,yes,no,cellular,jul,2,-1,0,unknown,no,0,0,1,Medium,0,0,0.08728717
1797,34,management,single,tertiary,1058,yes,no,cellular,may,1,-1,0,unknown,no,0,0,1,Medium,0,0,0.07596592
1798,47,admin.,married,secondary,1934,no,yes,cellular,may,1,364,1,failure,no,0,1,1,Medium,0,0,0.057341952
1799,31,technician,married,secondary,4182,yes,no,cellular,may,2,-1,0,unknown,yes,1,0,1,Medium,1,0,0.085634485
1800,37,blue-collar,married,primary,157,yes,no,unknown,may,8,-1,0,unknown,no,0,0,1,Low,0,0,0.035415135
1801,50,admin.,married,secondary,4117,no,no,cellular,nov,1,-1,0,unknown,yes,1,0,0,Medium,1,0,0.08202365
1802,35,technician,single,tertiary,59,yes,no,unknown,may,3,-1,0,unknown,no,0,0,1,Low,0,0,0.03697577
1803,44,management,married,tertiary,529,yes,no,unknown,jun,4,-1,0,unknown,no,0,0,1,Low,0,0,0.037835933
1804,28,blue-collar,single,secondary,387,yes,no,cellular,mar,11,282,1,other,no,0,1,1,Low,0,0,0.031992376
1805,40,technician,married,secondary,312,no,no,cellular,may,7,-1,0,unknown,yes,1,0,0,Low,1,0,0.08910882
1806,45,technician,married,tertiary,285,no,no,cellular,aug,7,-1,0,unknown,no,0,0,0,Low,0,0,0.049182273
1807,39,admin.,married,secondary,260,yes,no,cellular,aug,2,116,2,failure,yes,1,1,1,Low,1,0,0.06082094
1808,32,services,single,secondary,671,yes,no,cellular,apr,2,345,3,failure,no,0,1,1,Low,0,0,0.07442153
1809,37,management,married,tertiary,1094,yes,no,cellular,jul,2,-1,0,unknown,no,0,0,1,Medium,0,0,0.07432536
1810,57,services,married,secondary,668,yes,yes,telephone,may,5,-1,0,unknown,no,0,0,1,Low,0,0,0.019933851
1811,46,unemployed,single,tertiary,44,no,no,cellular,aug,1,-1,0,unknown,yes,1,0,0,Low,1,0,0.19570348
1812,55,housemaid,divorced,tertiary,1241,no,no,cellular,nov,7,154,5,failure,no,0,1,0,Medium,0,0,0.025495075
1813,25,services,single,secondary,94,no,no,unknown,feb,1,-1,0,unknown,no,0,0,0,Low,0,0,0.25949496
1814,35,blue-collar,single,secondary,4963,yes,no,cellular,may,1,300,1,failure,yes,1,1,1,Medium,1,0,0.046887547
1815,40,blue-collar,married,secondary,668,yes,no,cellular,apr,2,318,1,other,no,0,1,1,Low,0,0,0.025403645
1816,31,unemployed,single,secondary,8,yes,no,unknown,jun,1,-1,0,unknown,no,0,0,1,Low,0,0,0.02704138
1817,36,unemployed,married,tertiary,4145,no,no,unknown,jun,4,-1,0,unknown,yes,1,0,0,Medium,1,0,0.017462648
1818,30,admin.,divorced,secondary,4,no,no,cellular,jul,3,-1,0,unknown,no,0,0,0,Low,0,0,0.054756116
1819,66,retired,married,tertiary,2820,no,no,cellular,mar,2,-1,0,unknown,no,0,0,0,Medium,0,1,0.71060705
1820,58,retired,married,secondary,32948,no,no,unknown,may,2,-1,0,unknown,no,0,0,0,High,0,0,0.014516569
1821,38,services,divorced,unknown,6360,no,no,unknown,jun,2,-1,0,unknown,yes,1,0,0,High,1,0,0.029391643
1822,26,blue-collar,married,secondary,155,no,yes,cellular,jul,3,-1,0,unknown,no,0,0,1,Low,0,0,0.136564
1823,31,technician,married,tertiary,3564,no,no,cellular,nov,1,-1,0,unknown,no,0,0,0,Medium,0,0,0.1387574
1824,49,management,married,unknown,383,yes,no,unknown,may,3,-1,0,unknown,no,0,0,1,Low,0,0,0.024074543
1825,37,blue-collar,married,primary,11,no,no,telephone,jul,8,-1,0,unknown,no,0,0,0,Low,0,0,0.036466725
1826,38,management,single,tertiary,175,yes,yes,cellular,feb,5,-1,0,unknown,no,0,0,1,Low,0,0,0.0112193
1827,39,management,single,secondary,36,no,no,cellular,aug,2,-1,0,unknown,no,0,0,0,Low,0,0,0.045739576
1828,35,blue-collar,married,secondary,362,yes,no,unknown,may,2,-1,0,unknown,no,0,0,1,Low,0,0,0.029470446
1829,29,self-employed,married,secondary,0,no,no,unknown,may,2,-1,0,unknown,no,0,0,0,Negative,0,0,0.019841988
1830,35,management,married,tertiary,4943,yes,no,cellular,nov,1,124,2,failure,no,0,1,1,Medium,0,0,0.027701274
1831,53,services,divorced,primary,200,no,no,cellular,nov,3,-1,0,unknown,no,0,0,0,Low,0,0,0.099169634
1832,48,blue-collar,married,secondary,865,yes,no,cellular,may,2,-1,0,unknown,no,0,0,1,Low,0,0,0.101753615
1833,37,self-employed,married,secondary,2575,yes,no,cellular,jul,2,-1,0,unknown,no,0,0,1,Medium,0,0,0.078231364
1834,55,services,married,secondary,477,no,no,unknown,jun,1,-1,0,unknown,no,0,0,0,Low,0,0,0.0372674
1835,46,unemployed,married,secondary,46,no,no,telephone,aug,2,-1,0,unknown,no,0,0,0,Low,0,0,0.014886016
1836,46,technician,divorced,tertiary,477,yes,no,unknown,may,1,-1,0,unknown,no,0,0,1,Low,0,0,0.038411655
1837,38,admin.,single,secondary,0,no,no,cellular,jul,3,-1,0,unknown,no,0,0,0,Negative,0,0,0.07705947
1838,55,technician,divorced,secondary,0,yes,no,unknown,may,4,-1,0,unknown,no,0,0,1,Negative,0,0,0.019782884
1839,42,unemployed,divorced,primary,1699,no,yes,cellular,jul,2,-1,0,unknown,no,0,0,1,Medium,0,0,0.10098896
1840,45,admin.,divorced,secondary,479,no,no,cellular,feb,2,-1,0,unknown,no,0,0,0,Low,0,0,0.07555896
1841,32,technician,married,tertiary,8023,no,no,cellular,may,1,97,1,other,no,0,1,0,High,0,0,0.38322696
1842,43,blue-collar,married,secondary,14646,no,no,cellular,oct,1,-1,0,unknown,yes,1,0,0,High,1,0,0.21726026
1843,33,management,married,tertiary,1782,yes,no,cellular,nov,4,-1,0,unknown,no,0,0,1,Medium,0,0,0.0419145
1844,36,blue-collar,single,secondary,284,no,no,unknown,jun,1,-1,0,unknown,no,0,0,0,Low,0,0,0.08433654
1845,28,technician,single,tertiary,230,yes,no,cellular,apr,3,-1,0,unknown,no,0,0,1,Low,0,0,0.15051864
1846,34,management,single,tertiary,-292,yes,no,cellular,aug,2,-1,0,unknown,no,0,0,1,Negative,0,0,0.030235026
1847,39,management,divorced,tertiary,224,no,no,cellular,jul,2,88,1,success,yes,1,1,0,Low,1,1,0.64164287
1848,44,blue-collar,married,secondary,289,no,no,unknown,jun,1,-1,0,unknown,no,0,0,0,Low,0,0,0.054004896
1849,42,self-employed,married,tertiary,1202,no,no,unknown,jun,1,-1,0,unknown,no,0,0,0,Medium,0,0,0.10897507
1850,34,management,divorced,tertiary,528,yes,no,cellular,apr,2,-1,0,unknown,no,0,0,1,Low,0,0,0.07699265
1851,45,management,married,tertiary,1034,no,yes,cellular,jul,4,-1,0,unknown,no,0,0,1,Medium,0,0,0.03388896
1852,28,technician,single,secondary,8,yes,no,cellular,jan,2,254,3,failure,no,0,1,1,Low,0,0,0.0044258856
1853,43,technician,single,secondary,463,yes,no,cellular,nov,2,-1,0,unknown,no,0,0,1,Low,0,0,0.05524378
1854,42,technician,divorced,tertiary,2611,yes,no,cellular,jun,1,389,3,failure,yes,1,1,1,Medium,1,0,0.41088867
1855,66,retired,married,secondary,4785,no,no,cellular,aug,3,-1,0,unknown,no,0,0,0,Medium,0,0,0.2657767
1856,52,admin.,divorced,secondary,0,yes,no,unknown,may,1,-1,0,unknown,no,0,0,1,Negative,0,0,0.02251972
1857,44,blue-collar,married,primary,186,yes,no,cellular,may,1,370,1,failure,no,0,1,1,Low,0,0,0.023789683
1858,37,management,married,tertiary,23,yes,no,unknown,may,2,-1,0,unknown,no,0,0,1,Low,0,0,0.013935141
1859,32,services,married,secondary,1977,yes,yes,cellular,may,4,-1,0,unknown,no,0,0,1,Medium,0,0,0.073946066
1860,32,entrepreneur,divorced,secondary,252,no,yes,cellular,jul,2,-1,0,unknown,no,0,0,1,Low,0,0,0.08301941
1861,37,blue-collar,single,primary,21,no,no,cellular,may,2,-1,0,unknown,no,0,0,0,Low,0,0,0.05347523
1862,53,housemaid,divorced,primary,2253,yes,no,cellular,jul,1,-1,0,unknown,no,0,0,1,Medium,0,0,0.06773537
1863,31,housemaid,married,primary,203,yes,no,unknown,may,3,-1,0,unknown,no,0,0,1,Low,0,0,0.0057829926
1864,56,admin.,married,secondary,150,no,no,cellular,aug,1,-1,0,unknown,no,0,0,0,Low,0,0,0.0878936
1865,48,management,divorced,tertiary,2939,no,no,cellular,aug,4,-1,0,unknown,no,0,0,0,Medium,0,0,0.078922406
1866,56,self-employed,married,secondary,549,no,yes,unknown,jun,2,-1,0,unknown,no,0,0,1,Low,0,0,0.037918407
1867,27,student,single,secondary,585,no,no,cellular,jan,3,-1,0,unknown,no,0,0,0,Low,0,0,0.10742856
1868,57,technician,married,secondary,3240,yes,no,unknown,may,2,-1,0,unknown,no,0,0,1,Medium,0,0,0.03571416
1869,32,technician,married,tertiary,231,yes,no,cellular,jul,2,-1,0,unknown,no,0,0,1,Low,0,0,0.07990338
1870,26,admin.,married,secondary,1417,yes,no,unknown,jun,3,-1,0,unknown,no,0,0,1,Medium,0,0,0.034892984
1871,39,entrepreneur,married,tertiary,350,yes,no,cellular,jul,2,-1,0,unknown,no,0,0,1,Low,0,0,0.033755973
1872,54,technician,single,tertiary,3233,no,no,unknown,jun,3,-1,0,unknown,no,0,0,0,Medium,0,0,0.17015347
1873,33,services,divorced,secondary,327,yes,no,unknown,may,1,-1,0,unknown,no,0,0,1,Low,0,0,0.024584651
1874,29,blue-collar,married,secondary,-475,yes,no,unknown,jun,2,-1,0,unknown,no,0,0,1,Negative,0,0,0.03402095
1875,37,technician,single,secondary,133,yes,no,cellular,jul,2,-1,0,unknown,no,0,0,1,Low,0,0,0.07087669
1876,52,services,married,primary,14,no,yes,cellular,jul,5,-1,0,unknown,no,0,0,1,Low,0,0,0.02969809
1877,45,entrepreneur,divorced,tertiary,-395,yes,no,unknown,may,1,-1,0,unknown,yes,1,0,1,Negative,1,0,0.24251597
1878,45,management,married,tertiary,0,no,no,cellular,aug,4,-1,0,unknown,no,0,0,0,Negative,0,0,0.083983004
1879,55,unknown,married,tertiary,0,no,no,unknown,may,3,-1,0,unknown,no,0,0,0,Negative,0,0,0.014826299
1880,51,technician,married,secondary,1123,no,no,unknown,jun,4,-1,0,unknown,no,0,0,0,Medium,0,0,0.023173373
1881,27,technician,single,secondary,2731,no,no,telephone,jun,1,-1,0,unknown,no,0,0,0,Medium,0,1,0.5338536
1882,31,management,married,tertiary,1343,yes,yes,unknown,may,1,-1,0,unknown,no,0,0,1,Medium,0,0,0.02875042
1883,31,technician,married,secondary,-119,yes,no,cellular,may,5,-1,0,unknown,no,0,0,1,Negative,0,0,0.027611202
1884,39,retired,single,primary,-79,no,no,unknown,may,1,-1,0,unknown,no,0,0,0,Negative,0,0,0.013251036
1885,29,blue-collar,married,primary,248,yes,no,cellular,may,1,-1,0,unknown,no,0,0,1,Low,0,0,0.062357713
1886,50,management,married,tertiary,1854,yes,yes,unknown,jun,2,-1,0,unknown,no,0,0,1,Medium,0,0,0.027848521
1887,37,blue-collar,married,secondary,417,no,no,cellular,jan,1,181,5,failure,no,0,1,0,Low,0,0,0.05572459
1888,51,blue-collar,divorced,secondary,44,no,no,unknown,may,2,-1,0,unknown,no,0,0,0,Low,0,0,0.046422113
1889,30,services,single,secondary,603,yes,yes,unknown,jun,2,-1,0,unknown,no,0,0,1,Low,0,0,0.08446644
1890,38,admin.,married,secondary,607,yes,no,unknown,may,3,-1,0,unknown,no,0,0,1,Low,0,0,0.03516191
1891,33,management,single,tertiary,3623,no,no,cellular,aug,2,-1,0,unknown,no,0,0,0,Medium,0,0,0.22002727
1892,42,management,married,secondary,-34,no,no,cellular,feb,1,-1,0,unknown,no,0,0,0,Negative,0,0,0.11916415
1893,41,admin.,married,secondary,158,yes,no,cellular,oct,2,120,4,other,no,0,1,1,Low,0,0,0.0863834
1894,59,retired,married,secondary,3382,yes,no,unknown,may,1,-1,0,unknown,no,0,0,1,Medium,0,0,0.067784116
1895,31,services,married,secondary,1167,no,no,cellular,jul,1,-1,0,unknown,no,0,0,0,Medium,0,0,0.2886399
1896,48,management,married,tertiary,3842,no,no,cellular,jun,2,-1,0,unknown,yes,1,0,0,Medium,1,0,0.3773261
1897,38,blue-collar,married,secondary,5092,yes,no,unknown,jun,6,-1,0,unknown,no,0,0,1,High,0,0,0.024111342
1898,36,blue-collar,single,secondary,7123,no,no,unknown,jun,17,-1,0,unknown,no,0,0,0,High,0,0,0.053168006
1899,41,management,married,tertiary,850,no,no,unknown,jun,2,-1,0,unknown,no,0,0,0,Low,0,0,0.0981478
1900,31,unknown,married,secondary,3,no,no,cellular,jul,2,-1,0,unknown,no,0,0,0,Low,0,0,0.058056567
1901,43,blue-collar,married,primary,1579,yes,no,telephone,may,1,284,4,other,no,0,1,1,Medium,0,0,0.041066535
1902,29,self-employed,single,tertiary,392,no,yes,unknown,jul,1,-1,0,unknown,no,0,0,1,Low,0,0,0.028783055
1903,44,services,divorced,secondary,240,yes,no,unknown,may,2,-1,0,unknown,no,0,0,1,Low,0,0,0.018684573
1904,46,services,single,unknown,454,no,no,cellular,apr,9,-1,0,unknown,no,0,0,0,Low,0,0,0.048844706
1905,35,technician,married,secondary,-116,no,yes,cellular,aug,2,-1,0,unknown,no,0,0,1,Negative,0,0,0.07636323
1906,55,technician,single,secondary,1199,no,yes,telephone,aug,1,99,10,failure,no,0,1,1,Medium,0,0,0.16500588
1907,41,blue-collar,married,primary,178,yes,no,unknown,jul,1,791,1,failure,no,0,1,1,Low,0,0,0.17840081
1908,50,blue-collar,married,secondary,0,yes,no,cellular,aug,5,-1,0,unknown,no,0,0,1,Negative,0,0,0.019541088
1909,47,technician,married,secondary,2394,no,yes,unknown,jun,2,-1,0,unknown,no,0,0,1,Medium,0,0,0.04198537
1910,36,management,married,tertiary,518,no,no,cellular,aug,1,-1,0,unknown,no,0,0,0,Low,0,0,0.1010875
1911,38,blue-collar,married,secondary,1663,yes,no,unknown,may,1,-1,0,unknown,no,0,0,1,Medium,0,0,0.050880525
1912,51,technician,married,tertiary,1533,no,no,unknown,jun,2,-1,0,unknown,no,0,0,0,Medium,0,0,0.04779378
1913,27,student,single,tertiary,4869,yes,no,cellular,may,2,343,4,other,no,0,1,1,Medium,0,0,0.16317931
1914,27,management,single,secondary,442,yes,no,unknown,may,1,-1,0,unknown,no,0,0,1,Low,0,0,0.06726008
1915,28,blue-collar,single,secondary,4054,yes,no,cellular,may,2,-1,0,unknown,no,0,0,1,Medium,0,0,0.14819503
1916,40,admin.,divorced,secondary,783,yes,yes,unknown,may,2,-1,0,unknown,no,0,0,1,Low,0,0,0.11436823
1917,49,self-employed,married,secondary,2576,yes,no,cellular,may,6,-1,0,unknown,no,0,0,1,Medium,0,0,0.044757523
1918,52,blue-collar,married,secondary,633,yes,no,cellular,may,1,-1,0,unknown,no,0,0,1,Low,0,0,0.08940232
1919,27,self-employed,married,secondary,-220,yes,no,unknown,may,2,-1,0,unknown,no,0,0,1,Negative,0,0,0.02428619
1920,27,unknown,single,tertiary,6421,no,no,cellular,may,3,110,4,failure,no,0,1,0,High,0,0,0.051201835
1921,32,management,married,tertiary,1667,yes,no,cellular,nov,2,179,3,failure,no,0,1,1,Medium,0,0,0.0112362085
1922,59,retired,married,primary,646,yes,no,unknown,may,1,-1,0,unknown,no,0,0,1,Low,0,0,0.031482626
1923,29,blue-collar,married,secondary,3310,no,no,cellular,sep,1,91,4,failure,no,0,1,0,Medium,0,0,0.4064252
1924,57,retired,married,primary,-464,yes,no,cellular,feb,1,190,6,failure,no,0,1,1,Negative,0,0,0.088897586
1925,28,admin.,married,secondary,-201,yes,no,unknown,may,4,-1,0,unknown,no,0,0,1,Negative,0,0,0.01811974
1926,45,housemaid,divorced,primary,221,no,no,cellular,feb,1,235,1,failure,no,0,1,0,Low,0,0,0.014848414
1927,36,technician,divorced,secondary,-94,yes,no,cellular,feb,1,252,2,failure,no,0,1,1,Negative,0,0,0.046210267
1928,59,retired,married,secondary,0,no,yes,unknown,may,1,-1,0,unknown,no,0,0,1,Negative,0,0,0.022760741
1929,44,blue-collar,married,secondary,3813,yes,no,unknown,jun,1,-1,0,unknown,no,0,0,1,Medium,0,0,0.020702463
1930,52,management,divorced,tertiary,590,no,no,unknown,jun,5,-1,0,unknown,no,0,0,0,Low,0,0,0.034532674
1931,51,entrepreneur,divorced,secondary,1,yes,yes,cellular,jul,1,-1,0,unknown,no,0,0,1,Low,0,0,0.048894897
1932,30,technician,single,secondary,156,yes,no,cellular,may,4,363,5,failure,no,0,1,1,Low,0,0,0.16182911
1933,49,management,married,primary,363,no,no,cellular,feb,2,-1,0,unknown,no,0,0,0,Low,0,0,0.13627203
1934,47,admin.,single,secondary,1544,yes,no,cellular,apr,1,312,1,failure,no,0,1,1,Medium,0,0,0.12130818
1935,34,management,married,tertiary,186,yes,no,cellular,may,3,-1,0,unknown,no,0,0,1,Low,0,0,0.089127064
1936,72,retired,married,secondary,17739,no,no,cellular,sep,4,-1,0,unknown,no,0,0,0,High,0,0,0.47633317
1937,55,management,married,unknown,831,yes,yes,telephone,jan,1,100,6,failure,no,0,1,1,Low,0,0,0.020039892
1938,60,management,married,tertiary,36,yes,no,unknown,may,3,-1,0,unknown,no,0,0,1,Low,0,0,0.061893206
1939,38,technician,single,tertiary,178,yes,no,cellular,may,1,351,1,failure,no,0,1,1,Low,0,0,0.007767031
1940,57,retired,married,tertiary,1458,no,no,cellular,aug,1,107,5,failure,no,0,1,0,Medium,0,0,0.042715404
1941,48,technician,divorced,tertiary,83,no,yes,cellular,aug,6,-1,0,unknown,no,0,0,1,Low,0,0,0.05982463
1942,51,blue-collar,married,secondary,7225,no,no,cellular,jul,2,-1,0,unknown,no,0,0,0,High,0,0,0.039749295
1943,53,entrepreneur,divorced,tertiary,321,yes,no,cellular,may,1,-1,0,unknown,no,0,0,1,Low,0,0,0.06467402
1944,57,housemaid,married,primary,50,no,no,cellular,aug,3,-1,0,unknown,no,0,0,0,Low,0,0,0.048884623
1945,46,technician,divorced,secondary,-11,no,no,cellular,aug,2,-1,0,unknown,no,0,0,0,Negative,0,0,0.096567824
1946,53,services,single,secondary,1162,yes,no,cellular,nov,1,-1,0,unknown,no,0,0,1,Medium,0,0,0.07515814
1947,50,admin.,married,primary,-75,no,yes,telephone,jul,7,-1,0,unknown,no,0,0,1,Negative,0,0,0.026192373
1948,33,entrepreneur,single,secondary,278,no,no,cellular,feb,5,-1,0,unknown,yes,1,0,0,Low,1,0,0.06755767
1949,40,housemaid,divorced,primary,2610,yes,no,unknown,may,3,-1,0,unknown,no,0,0,1,Medium,0,0,0.061483443
1950,53,admin.,single,secondary,233,yes,no,cellular,may,1,-1,0,unknown,no,0,0,1,Low,0,0,0.09893092
1951,42,services,single,secondary,3403,yes,no,cellular,aug,1,99,1,failure,yes,1,1,1,Medium,1,0,0.14795816
1952,51,blue-collar,married,primary,4712,no,no,telephone,nov,2,-1,0,unknown,no,0,0,0,Medium,0,0,0.037697956
1953,36,admin.,divorced,secondary,437,yes,no,cellular,may,2,344,1,success,yes,1,1,1,Low,1,0,0.33242399
1954,35,technician,single,secondary,1609,yes,no,unknown,may,3,-1,0,unknown,no,0,0,1,Medium,0,0,0.13406447
1955,47,technician,married,tertiary,2408,no,no,cellular,apr,1,-1,0,unknown,yes,1,0,0,Medium,1,1,0.7188918
1956,43,management,married,secondary,-100,yes,no,cellular,may,1,-1,0,unknown,no,0,0,1,Negative,0,0,0.031343296
1957,27,student,single,secondary,253,no,no,cellular,may,2,-1,0,unknown,yes,1,0,0,Low,1,0,0.3859322
1958,36,technician,married,tertiary,473,no,no,cellular,aug,2,-1,0,unknown,no,0,0,0,Low,0,0,0.057878666
1959,46,management,married,tertiary,375,no,no,cellular,jul,1,-1,0,unknown,no,0,0,0,Low,0,0,0.10508864
1960,36,technician,married,secondary,452,yes,no,unknown,may,5,-1,0,unknown,no,0,0,1,Low,0,0,0.012164164
1961,55,technician,married,secondary,176,yes,no,cellular,jul,2,-1,0,unknown,no,0,0,1,Low,0,0,0.037612285
1962,32,management,married,tertiary,859,yes,yes,cellular,may,5,172,11,other,no,0,1,1,Low,0,0,0.11452638
1963,47,management,married,tertiary,2919,yes,no,cellular,nov,1,-1,0,unknown,no,0,0,1,Medium,0,0,0.078736
1964,40,blue-collar,married,secondary,327,yes,no,cellular,may,2,357,1,failure,no,0,1,1,Low,0,0,0.020653674
1965,26,student,single,secondary,203,no,no,cellular,nov,1,196,1,failure,no,0,1,0,Low,0,0,0.21093385
1966,58,technician,divorced,secondary,553,yes,no,cellular,jul,2,-1,0,unknown,no,0,0,1,Low,0,0,0.10573964
1967,43,blue-collar,married,unknown,-19,no,yes,unknown,jun,2,-1,0,unknown,no,0,0,1,Negative,0,0,0.042565808
1968,33,blue-collar,married,secondary,23,yes,no,cellular,may,1,-1,0,unknown,no,0,0,1,Low,0,0,0.055205878
1969,45,technician,married,secondary,2269,yes,no,cellular,nov,1,-1,0,unknown,no,0,0,1,Medium,0,0,0.0575724
1970,45,management,married,tertiary,9711,no,no,unknown,jun,3,-1,0,unknown,no,0,0,0,High,0,0,0.023504106
1971,65,retired,married,primary,308,no,no,cellular,sep,1,-1,0,unknown,yes,1,0,0,Low,1,1,0.54158086
1972,33,technician,married,tertiary,1699,no,no,cellular,nov,2,94,1,success,yes,1,1,0,Medium,1,1,0.532562
1973,53,admin.,married,primary,0,yes,no,cellular,may,1,298,3,failure,no,0,1,1,Negative,0,0,0.040404852
1974,44,self-employed,married,secondary,304,yes,no,telephone,feb,5,-1,0,unknown,no,0,0,1,Low,0,0,0.011994425
1975,27,services,single,secondary,87,no,no,cellular,jul,1,-1,0,unknown,no,0,0,0,Low,0,0,0.108307086
1976,35,management,divorced,tertiary,160,yes,no,unknown,jun,6,-1,0,unknown,no,0,0,1,Low,0,0,0.070242554
1977,43,blue-collar,married,primary,188,yes,no,cellular,may,3,347,5,failure,no,0,1,1,Low,0,0,0.031820558
1978,45,services,married,secondary,520,yes,no,unknown,may,4,-1,0,unknown,no,0,0,1,Low,0,0,0.023897316
1979,26,blue-collar,single,secondary,535,no,no,cellular,aug,1,-1,0,unknown,yes,1,0,0,Low,1,0,0.28787553
1980,50,admin.,married,secondary,1019,yes,no,unknown,jun,1,-1,0,unknown,no,0,0,1,Medium,0,0,0.021150405
1981,49,management,divorced,tertiary,5223,no,no,cellular,aug,1,-1,0,unknown,no,0,0,0,High,0,0,0.2097937
1982,50,management,married,primary,791,no,no,unknown,jun,5,-1,0,unknown,no,0,0,0,Low,0,0,0.055603754
1983,33,management,married,tertiary,26721,no,no,cellular,feb,3,-1,0,unknown,no,0,0,0,High,0,0,0.03523028
1984,53,entrepreneur,married,unknown,352,no,no,cellular,nov,1,-1,0,unknown,no,0,0,0,Low,0,0,0.06537475
1985,60,management,married,tertiary,13360,no,yes,unknown,jun,1,-1,0,unknown,no,0,0,1,High,0,0,0.07103096
1986,36,blue-collar,single,secondary,661,yes,no,cellular,may,8,-1,0,unknown,no,0,0,1,Low,0,0,0.05241753
1987,37,blue-collar,married,primary,0,yes,no,telephone,may,4,-1,0,unknown,no,0,0,1,Negative,0,0,0.025555385
1988,33,blue-collar,single,primary,127,yes,no,unknown,may,2,-1,0,unknown,yes,1,0,1,Low,1,0,0.032229062
1989,48,unemployed,divorced,secondary,1266,yes,no,telephone,feb,1,-1,0,unknown,no,0,0,1,Medium,0,0,0.097670406
1990,59,housemaid,married,primary,495,no,no,unknown,jun,2,-1,0,unknown,no,0,0,0,Low,0,0,0.02380378
1991,32,unemployed,single,primary,0,no,no,cellular,nov,1,-1,0,unknown,no,0,0,0,Negative,0,0,0.07848953
1992,51,management,married,tertiary,79,no,yes,cellular,aug,7,-1,0,unknown,no,0,0,1,Low,0,0,0.025959486
1993,34,services,married,secondary,1611,no,yes,telephone,nov,7,-1,0,unknown,no,0,0,1,Medium,0,0,0.04019134
1994,44,technician,divorced,secondary,242,no,no,cellular,aug,4,-1,0,unknown,no,0,0,0,Low,0,0,0.061604597
1995,51,unemployed,married,primary,1162,yes,no,cellular,jul,1,-1,0,unknown,yes,1,0,1,Medium,1,0,0.054108858
1996,30,blue-collar,married,secondary,15,yes,yes,cellular,may,1,370,2,failure,no,0,1,1,Low,0,0,0.032654192
1997,34,self-employed,married,secondary,47,no,no,cellular,feb,2,169,2,failure,no,0,1,0,Low,0,0,0.058514405
1998,39,admin.,single,tertiary,22086,no,no,cellular,jun,1,-1,0,unknown,yes,1,0,0,High,1,0,0.23083305
1999,38,blue-collar,married,secondary,279,yes,no,cellular,may,3,-1,0,unknown,no,0,0,1,Low,0,0,0.07534408
2000,28,unemployed,married,secondary,-353,no,yes,cellular,jul,1,-1,0,unknown,no,0,0,1,Negative,0,0,0.10204553
2001,66,retired,married,secondary,995,no,no,cellular,feb,2,-1,0,unknown,yes,1,0,0,Low,1,1,0.5052748
2002,42,management,married,unknown,275,no,no,unknown,may,2,-1,0,unknown,no,0,0,0,Low,0,0,0.015809916
2003,22,services,single,secondary,279,yes,no,unknown,may,1,-1,0,unknown,no,0,0,1,Low,0,0,0.015793785
2004,45,technician,married,secondary,1415,yes,no,cellular,jul,1,-1,0,unknown,no,0,0,1,Medium,0,0,0.06937592
2005,29,admin.,married,secondary,1,yes,no,cellular,jul,3,-1,0,unknown,no,0,0,1,Low,0,0,0.053105567
2006,31,blue-collar,single,secondary,4978,yes,no,cellular,may,1,-1,0,unknown,no,0,0,1,Medium,0,0,0.12019218
2007,36,self-employed,married,secondary,0,yes,no,cellular,may,1,-1,0,unknown,no,0,0,1,Negative,0,0,0.1012997
2008,33,services,married,secondary,210,yes,no,cellular,may,2,-1,0,unknown,yes,1,0,1,Low,1,0,0.10184818
2009,44,blue-collar,married,secondary,2455,yes,no,telephone,nov,1,-1,0,unknown,no,0,0,1,Medium,0,0,0.07580366
2010,32,management,married,tertiary,92,no,no,unknown,jul,1,-1,0,unknown,no,0,0,0,Low,0,0,0.09573776
2011,35,blue-collar,married,secondary,1287,yes,no,cellular,jul,2,-1,0,unknown,no,0,0,1,Medium,0,0,0.10176342
2012,33,blue-collar,single,secondary,22,no,no,cellular,jan,2,207,1,failure,no,0,1,0,Low,0,0,0.008751765
2013,70,unknown,married,tertiary,353,no,no,cellular,oct,2,-1,0,unknown,no,0,0,0,Low,0,0,0.13872255
2014,33,admin.,married,secondary,177,yes,no,cellular,may,1,-1,0,unknown,no,0,0,1,Low,0,0,0.036288008
2015,54,blue-collar,married,primary,258,no,no,telephone,feb,1,-1,0,unknown,no,0,0,0,Low,0,0,0.27922308
2016,38,self-employed,married,tertiary,2084,yes,no,cellular,apr,2,330,2,failure,no,0,1,1,Medium,0,0,0.029661762
2017,45,services,married,secondary,-33,no,no,cellular,jan,3,-1,0,unknown,no,0,0,0,Negative,0,0,0.036916316
2018,35,management,single,tertiary,0,no,no,cellular,aug,6,-1,0,unknown,no,0,0,0,Negative,0,0,0.028850887
2019,26,blue-collar,single,secondary,474,yes,no,cellular,may,2,-1,0,unknown,no,0,0,1,Low,0,0,0.14524956
2020,33,blue-collar,married,secondary,-53,yes,no,unknown,may,1,-1,0,unknown,no,0,0,1,Negative,0,0,0.03005717
2021,35,blue-collar,single,primary,227,no,yes,unknown,jun,1,-1,0,unknown,no,0,0,1,Low,0,0,0.054031182
2022,30,blue-collar,single,secondary,103,yes,no,cellular,apr,2,317,1,other,no,0,1,1,Low,0,0,0.05369151
2023,47,blue-collar,married,primary,9346,no,no,cellular,aug,21,-1,0,unknown,no,0,0,0,High,0,0,0.0143181
2024,47,admin.,divorced,secondary,980,yes,no,cellular,may,1,-1,0,unknown,no,0,0,1,Low,0,0,0.16096584
2025,44,technician,married,secondary,2776,yes,no,cellular,jan,1,-1,0,unknown,yes,1,0,1,Medium,1,0,0.078320265
2026,34,management,married,secondary,1007,yes,no,cellular,jul,2,-1,0,unknown,no,0,0,1,Medium,0,0,0.05438393
2027,57,housemaid,married,primary,260,yes,no,unknown,may,3,-1,0,unknown,no,0,0,1,Low,0,0,0.011182332
2028,43,management,single,tertiary,146,no,no,cellular,nov,1,113,5,other,no,0,1,0,Low,0,0,0.04016569
2029,49,management,married,tertiary,999,no,no,cellular,nov,4,-1,0,unknown,no,0,0,0,Low,0,0,0.053759668
2030,33,services,married,secondary,1697,no,no,cellular,may,1,182,1,success,yes,1,1,0,Medium,1,1,0.53020126
2031,29,blue-collar,married,secondary,23,yes,no,unknown,may,4,-1,0,unknown,no,0,0,1,Low,0,0,0.011937363
2032,27,management,single,tertiary,80,no,no,cellular,may,2,-1,0,unknown,no,0,0,0,Low,0,0,0.12875874
2033,42,management,married,tertiary,295,yes,no,cellular,aug,3,-1,0,unknown,no,0,0,1,Low,0,0,0.06120809
2034,36,services,single,secondary,461,no,no,cellular,nov,2,-1,0,unknown,no,0,0,0,Low,0,0,0.05622378
2035,44,management,married,unknown,2724,no,no,cellular,dec,1,-1,0,unknown,yes,1,0,0,Medium,1,0,0.39497104
2036,50,blue-collar,married,secondary,74,yes,yes,unknown,may,1,-1,0,unknown,no,0,0,1,Low,0,0,0.013558615
2037,45,admin.,married,secondary,400,yes,yes,unknown,jun,5,-1,0,unknown,no,0,0,1,Low,0,0,0.04081913
2038,34,blue-collar,married,secondary,-185,yes,yes,unknown,may,1,-1,0,unknown,no,0,0,1,Negative,0,0,0.053425644
2039,37,technician,married,secondary,6384,yes,yes,cellular,jun,1,96,2,failure,no,0,1,1,High,0,0,0.14515628
2040,55,blue-collar,married,primary,1101,no,no,unknown,jun,3,-1,0,unknown,no,0,0,0,Medium,0,0,0.03843039
2041,29,admin.,single,secondary,454,no,no,telephone,jul,11,-1,0,unknown,no,0,0,0,Low,0,0,0.23260245
2042,26,admin.,single,secondary,681,yes,no,cellular,may,2,322,3,failure,no,0,1,1,Low,0,0,0.14561096
2043,55,admin.,married,secondary,8304,no,no,cellular,sep,1,92,1,success,yes,1,1,0,High,1,1,0.8632266
2044,45,management,married,tertiary,1540,yes,no,unknown,may,3,-1,0,unknown,no,0,0,1,Medium,0,0,0.034566656
2045,29,technician,single,tertiary,2893,yes,no,unknown,jun,1,-1,0,unknown,no,0,0,1,Medium,0,0,0.05468292
2046,32,management,single,tertiary,611,yes,yes,cellular,jul,1,-1,0,unknown,no,0,0,1,Low,0,0,0.095534906
2047,33,admin.,married,tertiary,99,yes,yes,cellular,nov,2,-1,0,unknown,no,0,0,1,Low,0,0,0.028589526
2048,51,blue-collar,married,primary,593,yes,no,unknown,may,2,-1,0,unknown,no,0,0,1,Low,0,0,0.016646639
2049,59,retired,divorced,unknown,-49,yes,no,unknown,may,2,-1,0,unknown,no,0,0,1,Negative,0,0,0.06279936
2050,33,services,married,secondary,404,yes,no,unknown,may,1,-1,0,unknown,no,0,0,1,Low,0,0,0.015847845
2051,33,services,married,secondary,2184,yes,no,cellular,apr,1,-1,0,unknown,no,0,0,1,Medium,0,0,0.05699946
2052,42,admin.,married,secondary,281,yes,no,unknown,may,1,-1,0,unknown,no,0,0,1,Low,0,0,0.024282927
2053,50,management,married,tertiary,346,no,no,cellular,feb,1,-1,0,unknown,yes,1,0,0,Low,1,0,0.106592014
2054,36,management,married,tertiary,114,no,no,cellular,aug,1,-1,0,unknown,no,0,0,0,Low,0,0,0.18426819
2055,50,management,married,secondary,1457,no,yes,cellular,jul,1,-1,0,unknown,no,0,0,1,Medium,0,0,0.054681815
2056,53,self-employed,married,tertiary,730,yes,no,unknown,nov,1,368,2,failure,no,0,1,1,Low,0,0,0.040550273
2057,29,management,married,tertiary,1022,yes,no,cellular,jul,1,-1,0,unknown,no,0,0,1,Medium,0,0,0.059947103
2058,49,management,married,tertiary,1093,yes,yes,cellular,sep,1,246,4,success,yes,1,1,1,Medium,1,0,0.42775145
2059,37,entrepreneur,married,secondary,3,no,no,cellular,nov,1,-1,0,unknown,no,0,0,0,Low,0,0,0.05444531
2060,26,services,single,secondary,186,yes,no,unknown,may,3,-1,0,unknown,no,0,0,1,Low,0,0,0.05387636
2061,46,services,married,secondary,561,yes,no,cellular,feb,4,256,7,failure,no,0,1,1,Low,0,0,0.050203346
2062,34,technician,single,tertiary,586,yes,no,unknown,may,2,-1,0,unknown,no,0,0,1,Low,0,0,0.058851875
2063,46,technician,married,secondary,190,yes,no,cellular,aug,2,-1,0,unknown,no,0,0,1,Low,0,0,0.06592342
2064,77,retired,married,primary,2590,no,no,telephone,nov,3,277,12,failure,yes,1,1,0,Medium,1,0,0.3572001
2065,53,entrepreneur,married,secondary,162,yes,no,cellular,may,2,-1,0,unknown,no,0,0,1,Low,0,0,0.03986055
2066,37,housemaid,single,primary,1088,no,no,unknown,jun,2,-1,0,unknown,no,0,0,0,Medium,0,0,0.039704274
2067,33,admin.,married,secondary,-167,yes,no,unknown,may,1,-1,0,unknown,no,0,0,1,Negative,0,0,0.03654677
2068,42,services,married,secondary,154,yes,no,telephone,may,5,372,1,other,no,0,1,1,Low,0,0,0.06422569
2069,28,blue-collar,married,secondary,-493,yes,no,unknown,jun,4,-1,0,unknown,no,0,0,1,Negative,0,0,0.104282655
2070,37,services,divorced,primary,-475,no,no,unknown,jun,5,-1,0,unknown,no,0,0,0,Negative,0,0,0.009552265
2071,53,retired,married,tertiary,183,yes,no,unknown,may,1,-1,0,unknown,no,0,0,1,Low,0,0,0.018617775
2072,30,management,single,tertiary,0,yes,no,cellular,apr,2,314,2,failure,no,0,1,1,Negative,0,0,0.13407587
2073,31,admin.,married,secondary,4457,yes,no,cellular,apr,1,146,4,success,no,0,1,1,Medium,0,0,0.37808084
2074,38,self-employed,married,secondary,290,yes,no,cellular,feb,1,258,1,failure,no,0,1,1,Low,0,0,0.008687645
2075,43,management,married,secondary,3196,yes,yes,unknown,may,3,-1,0,unknown,no,0,0,1,Medium,0,0,0.02901042
2076,30,admin.,divorced,secondary,55,yes,no,cellular,may,4,-1,0,unknown,no,0,0,1,Low,0,0,0.15971376
2077,74,retired,married,primary,5539,no,no,cellular,jul,2,159,3,failure,no,0,1,0,High,0,0,0.13218904
2078,56,retired,married,primary,9367,no,no,cellular,aug,2,101,2,success,yes,1,1,0,High,1,0,0.27413216
2079,52,blue-collar,divorced,primary,1758,yes,no,unknown,may,1,-1,0,unknown,no,0,0,1,Medium,0,0,0.057152078
2080,56,admin.,divorced,secondary,3337,yes,no,telephone,nov,3,-1,0,unknown,no,0,0,1,Medium,0,0,0.0566319
2081,38,blue-collar,single,tertiary,14058,no,no,telephone,jul,20,-1,0,unknown,no,0,0,0,High,0,0,0.04230613
2082,37,unknown,single,unknown,414,yes,no,unknown,may,1,-1,0,unknown,no,0,0,1,Low,0,0,0.005508916
2083,43,blue-collar,married,secondary,2160,no,no,cellular,jun,1,-1,0,unknown,yes,1,0,0,Medium,1,0,0.44956887
2084,32,admin.,single,tertiary,291,no,no,telephone,jan,6,275,5,other,no,0,1,0,Low,0,0,0.10289092
2085,37,blue-collar,single,unknown,217,no,no,cellular,sep,2,-1,0,unknown,yes,1,0,0,Low,1,0,0.27960995
2086,49,admin.,single,secondary,827,yes,no,cellular,jan,1,-1,0,unknown,no,0,0,1,Low,0,0,0.043298345
2087,30,management,single,tertiary,717,yes,no,cellular,aug,3,-1,0,unknown,no,0,0,1,Low,0,0,0.10303494
2088,36,blue-collar,single,secondary,0,no,no,unknown,jun,1,-1,0,unknown,no,0,0,0,Negative,0,0,0.033493206
2089,36,blue-collar,married,tertiary,-534,yes,no,cellular,feb,1,-1,0,unknown,no,0,0,1,Negative,0,0,0.053911302
2090,37,management,divorced,tertiary,0,yes,no,cellular,may,8,351,11,failure,no,0,1,1,Negative,0,0,0.021662366
2091,40,blue-collar,married,secondary,565,yes,yes,cellular,apr,2,-1,0,unknown,no,0,0,1,Low,0,0,0.06956749
2092,54,blue-collar,married,secondary,2047,no,no,telephone,feb,7,194,6,failure,no,0,1,0,Medium,0,0,0.060909368
2093,30,technician,single,secondary,411,yes,no,cellular,apr,1,-1,0,unknown,no,0,0,1,Low,0,0,0.090083696
2094,47,technician,married,secondary,17206,yes,no,cellular,aug,4,-1,0,unknown,no,0,0,1,High,0,0,0.09257818
2095,58,retired,married,secondary,674,yes,no,unknown,may,1,-1,0,unknown,no,0,0,1,Low,0,0,0.023957482
2096,36,admin.,single,secondary,191,yes,no,cellular,jul,7,-1,0,unknown,no,0,0,1,Low,0,0,0.058465198
2097,49,technician,married,tertiary,0,no,yes,cellular,jul,5,252,1,failure,no,0,1,1,Negative,0,0,0.16078766
2098,35,blue-collar,married,primary,1176,yes,no,unknown,may,2,-1,0,unknown,no,0,0,1,Medium,0,0,0.049946994
2099,55,management,married,primary,229,no,yes,unknown,jun,3,-1,0,unknown,no,0,0,1,Low,0,0,0.023052927
2100,29,services,single,secondary,487,yes,yes,unknown,may,2,-1,0,unknown,no,0,0,1,Low,0,0,0.020790799
2101,21,blue-collar,single,secondary,682,no,no,cellular,mar,1,-1,0,unknown,yes,1,0,0,Low,1,1,0.7456904
2102,44,entrepreneur,married,tertiary,1631,yes,no,cellular,nov,1,195,2,failure,no,0,1,1,Medium,0,0,0.05547791
2103,46,services,married,secondary,236,no,no,cellular,aug,28,-1,0,unknown,no,0,0,0,Low,0,0,0.009288509
2104,36,technician,married,secondary,5521,no,no,unknown,jun,1,-1,0,unknown,no,0,0,0,High,0,0,0.020889726
2105,76,retired,married,tertiary,0,no,no,telephone,feb,3,169,1,failure,no,0,1,0,Negative,0,0,0.11059857
2106,28,self-employed,single,tertiary,0,yes,no,cellular,jan,1,192,1,failure,no,0,1,1,Negative,0,0,0.012454737
2107,56,unemployed,married,primary,882,no,no,unknown,jun,1,-1,0,unknown,no,0,0,0,Low,0,0,0.0939413
2108,54,management,married,tertiary,588,no,no,cellular,aug,1,-1,0,unknown,no,0,0,0,Low,0,0,0.15720353
2109,53,management,married,tertiary,0,no,no,cellular,aug,2,-1,0,unknown,no,0,0,0,Negative,0,0,0.043174185
2110,28,student,single,secondary,330,no,no,telephone,feb,1,-1,0,unknown,no,0,0,0,Low,0,0,0.04953313
2111,54,technician,single,secondary,2237,no,no,cellular,nov,5,-1,0,unknown,no,0,0,0,Medium,0,0,0.05238463
2112,43,entrepreneur,married,secondary,641,yes,yes,unknown,jun,4,-1,0,unknown,no,0,0,1,Low,0,0,0.043757416
2113,30,services,single,secondary,566,no,no,cellular,feb,1,-1,0,unknown,no,0,0,0,Low,0,0,0.084338665
2114,37,admin.,divorced,secondary,-302,no,no,unknown,jun,3,-1,0,unknown,no,0,0,0,Negative,0,0,0.01877196
2115,44,blue-collar,married,primary,1265,yes,no,cellular,jul,1,-1,0,unknown,yes,1,0,1,Medium,1,0,0.080996804
2116,36,technician,married,secondary,-179,yes,no,cellular,nov,2,124,1,failure,no,0,1,1,Negative,0,0,0.0105762
2117,58,management,married,tertiary,16264,no,no,telephone,nov,3,-1,0,unknown,no,0,0,0,High,0,0,0.029779652
2118,44,management,married,tertiary,4460,no,no,telephone,jul,2,-1,0,unknown,no,0,0,0,Medium,0,0,0.063875146
2119,39,blue-collar,married,tertiary,-33,yes,no,unknown,may,5,-1,0,unknown,no,0,0,1,Negative,0,0,0.009662789
2120,37,entrepreneur,single,tertiary,65,no,no,cellular,jul,4,-1,0,unknown,no,0,0,0,Low,0,0,0.08257807
2121,55,management,divorced,tertiary,7010,no,no,cellular,sep,1,195,2,failure,no,0,1,0,High,0,1,0.8985389
2122,46,technician,married,secondary,966,yes,yes,cellular,aug,2,-1,0,unknown,no,0,0,1,Low,0,0,0.062005486
2123,48,technician,divorced,tertiary,574,yes,no,unknown,may,2,-1,0,unknown,no,0,0,1,Low,0,0,0.022005178
2124,33,self-employed,married,secondary,217,yes,yes,cellular,may,5,304,5,failure,no,0,1,1,Low,0,0,0.028682224
2125,29,management,married,tertiary,205,no,no,cellular,jun,1,-1,0,unknown,yes,1,0,0,Low,1,0,0.48066115
2126,43,technician,married,primary,321,yes,no,cellular,feb,5,268,6,other,no,0,1,1,Low,0,0,0.012804206
2127,45,entrepreneur,divorced,tertiary,0,yes,no,unknown,may,1,-1,0,unknown,no,0,0,1,Negative,0,0,0.13336635
2128,75,retired,married,primary,358,no,no,cellular,feb,11,-1,0,unknown,yes,1,0,0,Low,1,1,0.7064686
2129,35,technician,divorced,secondary,2777,yes,no,cellular,may,1,-1,0,unknown,no,0,0,1,Medium,0,0,0.11538357
2130,46,technician,single,secondary,874,no,no,cellular,nov,3,-1,0,unknown,yes,1,0,0,Low,1,0,0.1373359
2131,42,services,married,secondary,115,yes,yes,cellular,apr,1,149,2,failure,no,0,1,1,Low,0,0,0.021861224
2132,35,technician,married,tertiary,1354,no,no,cellular,jun,2,-1,0,unknown,yes,1,0,0,Medium,1,0,0.3113257
2133,35,management,married,tertiary,1471,yes,yes,cellular,aug,3,-1,0,unknown,no,0,0,1,Medium,0,0,0.112582274
2134,39,blue-collar,married,primary,710,no,no,cellular,feb,6,-1,0,unknown,no,0,0,0,Low,0,0,0.08487315
2135,32,management,single,tertiary,4582,yes,no,cellular,nov,3,-1,0,unknown,no,0,0,1,Medium,0,0,0.079638824
2136,35,admin.,married,tertiary,163,yes,no,cellular,aug,6,-1,0,unknown,no,0,0,1,Low,0,0,0.072914265
2137,36,blue-collar,married,secondary,382,yes,no,cellular,apr,1,-1,0,unknown,no,0,0,1,Low,0,0,0.06412521
2138,40,management,single,tertiary,0,yes,no,cellular,aug,16,-1,0,unknown,no,0,0,1,Negative,0,0,0.01541674
2139,51,unemployed,married,secondary,7464,no,no,cellular,nov,2,-1,0,unknown,no,0,0,0,High,0,0,0.022026414
2140,41,admin.,married,secondary,2,yes,no,unknown,jun,1,-1,0,unknown,no,0,0,1,Low,0,0,0.016965862
2141,40,management,single,tertiary,15,no,yes,unknown,aug,1,-1,0,unknown,no,0,0,1,Low,0,0,0.03371281
2142,55,blue-collar,married,primary,5109,no,no,unknown,jun,1,-1,0,unknown,no,0,0,0,High,0,0,0.024211835
2143,47,management,married,tertiary,414,no,no,unknown,jun,1,-1,0,unknown,no,0,0,0,Low,0,0,0.035189234
2144,35,blue-collar,divorced,secondary,164,yes,no,cellular,may,5,364,13,failure,no,0,1,1,Low,0,0,0.015464336
2145,40,services,married,secondary,5807,yes,no,unknown,jun,1,-1,0,unknown,no,0,0,1,High,0,0,0.02536983
2146,35,services,divorced,secondary,440,yes,no,cellular,feb,1,248,1,failure,no,0,1,1,Low,0,0,0.023339393
2147,45,blue-collar,married,primary,1794,yes,no,unknown,may,2,-1,0,unknown,no,0,0,1,Medium,0,0,0.043781143
2148,47,self-employed,married,primary,574,yes,no,cellular,nov,5,-1,0,unknown,no,0,0,1,Low,0,0,0.030824145
2149,56,retired,married,primary,340,yes,no,cellular,jul,1,-1,0,unknown,no,0,0,1,Low,0,0,0.05086365
2150,35,management,single,tertiary,467,yes,no,cellular,aug,2,-1,0,unknown,no,0,0,1,Low,0,0,0.13809957
2151,24,student,single,secondary,228,no,no,cellular,jun,1,-1,0,unknown,no,0,0,0,Low,0,0,0.2700039
2152,60,retired,divorced,tertiary,-134,no,no,cellular,may,1,271,4,failure,no,0,1,0,Negative,0,0,0.10480484
2153,41,technician,married,secondary,799,no,no,cellular,jul,6,-1,0,unknown,no,0,0,0,Low,0,0,0.036141187
2154,30,blue-collar,married,secondary,1803,yes,no,unknown,may,1,-1,0,unknown,no,0,0,1,Medium,0,0,0.038855795
2155,35,services,married,secondary,128,yes,no,cellular,may,1,-1,0,unknown,no,0,0,1,Low,0,0,0.09724013
2156,42,management,single,tertiary,3371,yes,yes,cellular,aug,1,92,2,failure,no,0,1,1,Medium,0,0,0.26494384
2157,37,management,single,tertiary,4543,yes,no,cellular,may,1,340,5,failure,no,0,1,1,Medium,0,0,0.05244424
2158,50,technician,married,tertiary,3117,no,no,unknown,jun,1,-1,0,unknown,no,0,0,0,Medium,0,0,0.04087226
2159,60,retired,married,secondary,-208,yes,no,unknown,may,1,-1,0,unknown,no,0,0,1,Negative,0,0,0.044829432
2160,58,services,married,secondary,-37,no,yes,telephone,feb,2,205,6,failure,no,0,1,1,Negative,0,0,0.017785996
2161,51,self-employed,divorced,secondary,154,yes,no,unknown,may,1,-1,0,unknown,no,0,0,1,Low,0,0,0.033545643
2162,55,admin.,married,tertiary,46,no,no,cellular,aug,4,-1,0,unknown,no,0,0,0,Low,0,0,0.057617117
2163,47,blue-collar,married,unknown,1045,yes,no,unknown,may,2,-1,0,unknown,no,0,0,1,Medium,0,0,0.054343715
2164,26,management,married,tertiary,3360,yes,no,cellular,jan,1,-1,0,unknown,no,0,0,1,Medium,0,0,0.06109657
2165,41,management,married,tertiary,881,no,no,cellular,aug,2,-1,0,unknown,no,0,0,0,Low,0,0,0.083383046
2166,30,management,single,tertiary,552,yes,no,cellular,aug,2,-1,0,unknown,no,0,0,1,Low,0,0,0.12167097
2167,40,management,divorced,secondary,1148,yes,no,cellular,aug,2,-1,0,unknown,no,0,0,1,Medium,0,0,0.09628738
2168,37,technician,single,secondary,786,yes,no,unknown,may,2,-1,0,unknown,no,0,0,1,Low,0,0,0.10469938
2169,30,management,divorced,tertiary,415,yes,yes,cellular,may,1,343,4,failure,yes,1,1,1,Low,1,0,0.081567734
2170,57,blue-collar,divorced,secondary,1795,yes,no,unknown,jun,1,-1,0,unknown,no,0,0,1,Medium,0,0,0.053238142
2171,55,retired,married,secondary,3948,no,no,cellular,nov,1,170,2,failure,no,0,1,0,Medium,0,0,0.043127544
2172,32,admin.,married,tertiary,0,yes,yes,cellular,jul,2,-1,0,unknown,no,0,0,1,Negative,0,0,0.043317884
2173,23,admin.,single,tertiary,230,no,no,cellular,jun,1,-1,0,unknown,no,0,0,0,Low,0,0,0.33796415
2174,33,entrepreneur,married,tertiary,407,yes,no,cellular,jul,2,-1,0,unknown,no,0,0,1,Low,0,0,0.038283497
2175,46,management,divorced,tertiary,225,yes,no,cellular,may,1,345,1,other,no,0,1,1,Low,0,0,0.053140607
2176,32,admin.,married,secondary,86,yes,no,unknown,may,1,-1,0,unknown,no,0,0,1,Low,0,0,0.03395
2177,32,blue-collar,married,primary,103,no,no,cellular,jul,1,-1,0,unknown,no,0,0,0,Low,0,0,0.040494617
2178,30,technician,married,tertiary,1,no,no,cellular,aug,21,-1,0,unknown,no,0,0,0,Low,0,0,0.0014632647
2179,47,entrepreneur,married,tertiary,3659,no,no,cellular,jul,4,-1,0,unknown,no,0,0,0,Medium,0,0,0.22364092
2180,27,services,married,secondary,0,yes,no,cellular,jul,8,-1,0,unknown,no,0,0,1,Negative,0,0,0.0993273
2181,33,management,single,tertiary,101,yes,no,cellular,feb,2,130,1,other,no,0,1,1,Low,0,1,0.5278073
2182,45,management,divorced,tertiary,2406,no,no,cellular,aug,2,-1,0,unknown,no,0,0,0,Medium,0,0,0.13990317
2183,34,services,married,secondary,-68,yes,no,unknown,may,1,-1,0,unknown,no,0,0,1,Negative,0,0,0.025697012
2184,36,blue-collar,divorced,secondary,-523,yes,yes,cellular,may,1,333,17,other,no,0,1,1,Negative,0,0,0.041965622
2185,35,self-employed,married,secondary,273,no,no,unknown,jun,4,-1,0,unknown,no,0,0,0,Low,0,0,0.044543408
2186,31,admin.,single,secondary,410,no,no,cellular,oct,1,185,1,success,yes,1,1,0,Low,1,1,0.6969867
2187,55,management,married,tertiary,1909,no,no,cellular,aug,1,-1,0,unknown,no,0,0,0,Medium,0,0,0.16246277
2188,41,entrepreneur,divorced,secondary,-29,yes,no,cellular,jul,1,-1,0,unknown,no,0,0,1,Negative,0,0,0.0644311
2189,55,entrepreneur,divorced,secondary,1553,no,no,cellular,jul,3,-1,0,unknown,no,0,0,0,Medium,0,0,0.07673762
2190,50,admin.,divorced,secondary,1332,yes,no,unknown,may,3,-1,0,unknown,no,0,0,1,Medium,0,0,0.033048403
2191,31,admin.,single,tertiary,355,yes,no,cellular,may,1,-1,0,unknown,yes,1,0,1,Low,1,0,0.10762423
2192,37,management,married,tertiary,897,no,no,unknown,may,1,-1,0,unknown,no,0,0,0,Low,0,0,0.029048068
2193,41,management,married,tertiary,725,no,no,cellular,aug,10,-1,0,unknown,no,0,0,0,Low,0,0,0.034223072
2194,40,blue-collar,married,secondary,178,yes,no,cellular,jul,2,-1,0,unknown,no,0,0,1,Low,0,0,0.057511203
2195,50,management,married,tertiary,-94,no,yes,unknown,jun,1,-1,0,unknown,no,0,0,1,Negative,0,0,0.0590959
2196,45,entrepreneur,married,tertiary,219,yes,yes,cellular,jul,4,-1,0,unknown,no,0,0,1,Low,0,0,0.03400724
2197,62,retired,married,secondary,243,no,no,cellular,jan,1,280,1,success,no,0,1,0,Low,0,1,0.9213033
2198,34,management,single,tertiary,275,no,no,cellular,aug,2,455,23,other,yes,1,1,0,Low,1,0,0.33450538
2199,40,blue-collar,married,secondary,187,yes,no,cellular,may,3,-1,0,unknown,no,0,0,1,Low,0,0,0.05614355
2200,39,technician,single,secondary,14,yes,no,cellular,may,1,-1,0,unknown,no,0,0,1,Low,0,0,0.049453694
2201,40,blue-collar,divorced,secondary,139,yes,no,unknown,may,1,-1,0,unknown,no,0,0,1,Low,0,0,0.022657054
2202,34,blue-collar,married,primary,1451,yes,no,cellular,apr,3,-1,0,unknown,no,0,0,1,Medium,0,0,0.09749187
2203,33,admin.,married,secondary,616,no,no,cellular,sep,3,-1,0,unknown,yes,1,0,0,Low,1,0,0.29609635
2204,30,management,single,tertiary,1108,yes,yes,unknown,may,1,-1,0,unknown,no,0,0,1,Medium,0,0,0.027646078
2205,34,management,married,tertiary,349,yes,yes,cellular,jan,2,185,3,failure,no,0,1,1,Low,0,0,0.0029278174
2206,29,blue-collar,single,primary,1768,yes,no,cellular,may,3,344,1,other,no,0,1,1,Medium,0,0,0.07886545
2207,32,technician,married,secondary,12,yes,yes,cellular,aug,2,-1,0,unknown,no,0,0,1,Low,0,0,0.047376662
2208,46,technician,married,secondary,0,yes,no,unknown,jun,5,-1,0,unknown,no,0,0,1,Negative,0,0,0.026523994
2209,37,blue-collar,married,primary,287,yes,no,telephone,apr,3,325,3,failure,no,0,1,1,Low,0,0,0.017845396
2210,66,retired,married,primary,747,no,no,telephone,oct,1,-1,0,unknown,no,0,0,0,Low,0,0,0.3296606
2211,43,technician,married,secondary,308,yes,no,cellular,feb,3,264,4,other,no,0,1,1,Low,0,0,0.05179138
2212,59,housemaid,married,secondary,0,no,no,telephone,aug,2,63,1,failure,no,0,1,0,Negative,0,0,0.053532243
2213,30,technician,single,tertiary,2325,no,no,cellular,apr,3,241,4,other,no,0,1,0,Medium,0,1,0.6428276
2214,48,blue-collar,married,secondary,157,yes,no,unknown,may,1,-1,0,unknown,no,0,0,1,Low,0,0,0.017688487
2215,31,entrepreneur,divorced,secondary,82,no,no,telephone,nov,5,-1,0,unknown,no,0,0,0,Low,0,0,0.05967215
2216,51,housemaid,married,primary,1093,no,yes,unknown,jun,1,-1,0,unknown,no,0,0,1,Medium,0,0,0.02136291
2217,32,admin.,single,secondary,458,no,yes,cellular,jul,2,-1,0,unknown,no,0,0,1,Low,0,0,0.06355753
2218,38,blue-collar,single,primary,522,yes,no,unknown,jun,1,-1,0,unknown,no,0,0,1,Low,0,0,0.07115514
2219,35,unknown,married,primary,4144,no,no,cellular,aug,3,-1,0,unknown,no,0,0,0,Medium,0,0,0.20528004
2220,38,blue-collar,divorced,secondary,814,yes,no,cellular,nov,1,155,3,other,no,0,1,1,Low,0,0,0.064121954
2221,39,services,married,secondary,208,no,yes,cellular,feb,2,-1,0,unknown,no,0,0,1,Low,0,0,0.08446778
2222,44,unemployed,married,secondary,317,yes,yes,unknown,jun,1,-1,0,unknown,no,0,0,1,Low,0,0,0.025921477
2223,40,management,divorced,tertiary,290,yes,no,unknown,may,1,-1,0,unknown,no,0,0,1,Low,0,0,0.0772934
2224,57,retired,married,secondary,3738,yes,no,cellular,apr,1,367,7,success,no,0,1,1,Medium,0,1,0.6012386
2225,28,self-employed,single,secondary,123,yes,no,unknown,may,1,-1,0,unknown,no,0,0,1,Low,0,0,0.03888354
2226,30,blue-collar,single,secondary,17,yes,no,unknown,may,9,-1,0,unknown,no,0,0,1,Low,0,0,0.014266053
2227,67,retired,divorced,secondary,704,no,no,cellular,nov,1,-1,0,unknown,yes,1,0,0,Low,1,1,0.73292303
2228,38,management,married,tertiary,845,no,no,cellular,sep,1,-1,0,unknown,no,0,0,0,Low,0,0,0.44700044
2229,42,technician,married,secondary,0,no,no,cellular,aug,12,-1,0,unknown,no,0,0,0,Negative,0,0,0.006304768
2230,37,blue-collar,married,primary,61,yes,no,cellular,jul,3,-1,0,unknown,no,0,0,1,Low,0,0,0.06381145
2231,31,self-employed,single,tertiary,1734,no,no,cellular,apr,4,-1,0,unknown,no,0,0,0,Medium,0,0,0.47400528
2232,39,management,divorced,tertiary,26,no,no,unknown,jun,5,-1,0,unknown,no,0,0,0,Low,0,0,0.048552405
2233,56,unemployed,married,secondary,2552,yes,no,unknown,may,2,-1,0,unknown,no,0,0,1,Medium,0,0,0.024488531
2234,38,blue-collar,single,unknown,5338,no,no,telephone,nov,1,-1,0,unknown,no,0,0,0,High,0,0,0.1722244
2235,39,management,divorced,tertiary,9541,no,no,unknown,may,1,-1,0,unknown,no,0,0,0,High,0,0,0.06280058
2236,31,admin.,single,secondary,690,no,no,cellular,may,4,87,12,failure,no,0,1,0,Low,0,0,0.16229616
2237,42,admin.,single,secondary,506,yes,yes,unknown,jul,2,-1,0,unknown,no,0,0,1,Low,0,0,0.046518683
2238,58,technician,married,primary,-247,no,no,unknown,jun,1,-1,0,unknown,no,0,0,0,Negative,0,0,0.00830302
2239,35,admin.,single,tertiary,0,no,no,unknown,may,1,-1,0,unknown,no,0,0,0,Negative,0,0,0.08262739
2240,52,services,married,primary,306,yes,no,cellular,may,5,-1,0,unknown,yes,1,0,1,Low,1,0,0.059558567
2241,35,unemployed,single,primary,-84,no,no,cellular,feb,11,-1,0,unknown,no,0,0,0,Negative,0,0,0.021396946
2242,47,blue-collar,married,secondary,1568,yes,no,cellular,may,3,91,8,success,yes,1,1,1,Medium,1,1,0.7676037
2243,46,blue-collar,married,secondary,640,yes,no,cellular,may,1,55,5,success,yes,1,1,1,Low,1,0,0.45392364
2244,43,blue-collar,divorced,secondary,338,yes,no,unknown,may,1,-1,0,unknown,no,0,0,1,Low,0,0,0.038938865
2245,25,technician,single,secondary,3843,no,no,cellular,oct,2,95,2,failure,no,0,1,0,Medium,0,0,0.26918712
2246,45,blue-collar,single,secondary,91,no,yes,cellular,nov,1,127,2,failure,no,0,1,1,Low,0,0,0.013524276
2247,80,retired,married,primary,1861,no,no,telephone,apr,2,-1,0,unknown,no,0,0,0,Medium,0,0,0.4121271
2248,34,admin.,married,secondary,1365,yes,no,unknown,may,2,-1,0,unknown,no,0,0,1,Medium,0,0,0.028188013
2249,31,technician,single,secondary,798,no,no,telephone,aug,10,-1,0,unknown,no,0,0,0,Low,0,0,0.038618047
2250,32,management,married,tertiary,273,yes,no,cellular,jul,10,-1,0,unknown,no,0,0,1,Low,0,0,0.037819646
2251,31,technician,married,secondary,6890,yes,no,unknown,may,1,-1,0,unknown,no,0,0,1,High,0,0,0.021462433
2252,29,blue-collar,married,unknown,135,yes,no,unknown,may,6,-1,0,unknown,no,0,0,1,Low,0,0,0.045590498
2253,58,management,married,tertiary,1271,yes,no,cellular,jan,1,-1,0,unknown,no,0,0,1,Medium,0,0,0.036145616
2254,30,management,single,tertiary,502,no,yes,cellular,jul,1,-1,0,unknown,yes,1,0,1,Low,1,0,0.08825128
2255,39,blue-collar,married,primary,119,yes,no,cellular,nov,2,-1,0,unknown,no,0,0,1,Low,0,0,0.05020918
2256,35,blue-collar,married,secondary,360,yes,no,telephone,apr,1,152,3,failure,no,0,1,1,Low,0,0,0.029738583
2257,43,management,single,tertiary,483,no,no,cellular,aug,6,-1,0,unknown,yes,1,0,0,Low,1,0,0.113019615
2258,27,admin.,single,secondary,321,no,yes,unknown,sep,1,-1,0,unknown,no,0,0,1,Low,0,0,0.026903758
2259,38,blue-collar,married,primary,1428,yes,no,telephone,may,5,-1,0,unknown,no,0,0,1,Medium,0,0,0.061206404
2260,60,blue-collar,married,primary,1477,yes,no,cellular,jul,3,-1,0,unknown,no,0,0,1,Medium,0,0,0.04464971
2261,32,admin.,married,secondary,506,yes,no,unknown,may,6,-1,0,unknown,no,0,0,1,Low,0,0,0.01706036
2262,32,admin.,married,secondary,2664,yes,no,cellular,jul,7,-1,0,unknown,no,0,0,1,Medium,0,0,0.033635035
2263,35,technician,single,secondary,-476,yes,no,cellular,nov,6,177,4,failure,no,0,1,1,Negative,0,0,0.008296301
2264,36,blue-collar,married,unknown,1336,yes,yes,cellular,may,7,-1,0,unknown,no,0,0,1,Medium,0,0,0.083470404
2265,59,retired,divorced,secondary,93,no,yes,cellular,aug,2,-1,0,unknown,no,0,0,1,Low,0,0,0.093737714
2266,30,admin.,married,secondary,685,yes,no,unknown,jun,3,-1,0,unknown,no,0,0,1,Low,0,0,0.10414343
2267,56,retired,married,secondary,654,no,yes,cellular,aug,4,-1,0,unknown,no,0,0,1,Low,0,0,0.051558517
2268,28,admin.,single,secondary,1323,yes,no,unknown,jun,1,-1,0,unknown,no,0,0,1,Medium,0,0,0.053989995
2269,36,entrepreneur,single,tertiary,658,yes,no,cellular,jan,1,227,3,failure,no,0,1,1,Low,0,0,0.003047706
2270,33,student,married,secondary,1536,no,no,cellular,aug,2,178,4,success,yes,1,1,0,Medium,1,1,0.8073304
2271,51,blue-collar,married,primary,-26,yes,no,unknown,may,1,-1,0,unknown,no,0,0,1,Negative,0,0,0.017154917
2272,59,management,married,tertiary,2540,no,no,cellular,jul,5,-1,0,unknown,no,0,0,0,Medium,0,0,0.20661494
2273,29,technician,single,secondary,1706,yes,no,cellular,jul,2,-1,0,unknown,no,0,0,1,Medium,0,0,0.10023559
2274,36,blue-collar,married,primary,272,no,no,unknown,jun,2,-1,0,unknown,no,0,0,0,Low,0,0,0.055758093
2275,56,self-employed,divorced,primary,97,no,yes,telephone,nov,1,-1,0,unknown,no,0,0,1,Low,0,0,0.056832366
2276,49,retired,married,secondary,993,yes,yes,cellular,may,1,301,2,other,no,0,1,1,Low,0,0,0.03714052
2277,31,technician,single,secondary,4888,yes,no,telephone,may,4,166,2,failure,no,0,1,1,Medium,0,0,0.08260013
2278,56,blue-collar,married,primary,0,yes,no,cellular,jul,1,-1,0,unknown,no,0,0,1,Negative,0,0,0.031360622
2279,45,management,divorced,tertiary,2307,no,no,cellular,aug,3,-1,0,unknown,no,0,0,0,Medium,0,0,0.14712183
2280,25,blue-collar,single,secondary,217,yes,no,cellular,may,1,-1,0,unknown,yes,1,0,1,Low,1,0,0.13144535
2281,38,unemployed,married,tertiary,2812,yes,no,cellular,nov,1,187,1,success,no,0,1,1,Medium,0,1,0.75496817
2282,36,self-employed,married,tertiary,980,no,no,cellular,sep,2,53,8,failure,no,0,1,0,Low,0,0,0.2992867
2283,59,management,married,tertiary,1,yes,no,cellular,apr,1,-1,0,unknown,yes,1,0,1,Low,1,0,0.21360587
2284,38,technician,single,secondary,311,yes,no,cellular,may,2,-1,0,unknown,no,0,0,1,Low,0,0,0.097421795
2285,35,blue-collar,single,unknown,88,no,no,cellular,may,2,-1,0,unknown,no,0,0,0,Low,0,0,0.15077515
2286,72,retired,divorced,tertiary,402,no,no,cellular,jul,3,-1,0,unknown,no,0,0,0,Low,0,0,0.49783078
2287,30,technician,single,secondary,77,no,yes,cellular,jul,4,-1,0,unknown,no,0,0,1,Low,0,0,0.11480517
2288,33,blue-collar,single,primary,92,yes,no,unknown,may,1,-1,0,unknown,no,0,0,1,Low,0,0,0.03806431
2289,52,entrepreneur,divorced,secondary,7,no,no,cellular,jul,5,-1,0,unknown,no,0,0,0,Low,0,0,0.042883273
2290,32,technician,single,tertiary,514,yes,yes,cellular,nov,1,-1,0,unknown,no,0,0,1,Low,0,0,0.0692074
2291,31,management,single,tertiary,1536,no,no,cellular,aug,2,-1,0,unknown,no,0,0,0,Medium,0,0,0.06283814
2292,45,technician,married,secondary,0,no,no,cellular,may,1,340,1,failure,no,0,1,0,Negative,0,0,0.05816181
2293,78,retired,married,unknown,38,no,no,telephone,aug,1,1,3,other,no,0,1,0,Low,0,0,0.105852164
2294,45,unknown,married,unknown,356,no,no,cellular,aug,2,-1,0,unknown,no,0,0,0,Low,0,0,0.03324672
2295,30,admin.,single,secondary,818,yes,yes,cellular,apr,1,346,1,failure,no,0,1,1,Low,0,0,0.024821667
2296,49,services,married,unknown,1990,yes,no,cellular,nov,4,-1,0,unknown,no,0,0,1,Medium,0,0,0.041634645
2297,53,admin.,married,secondary,465,no,yes,unknown,may,3,-1,0,unknown,no,0,0,1,Low,0,0,0.019709267
2298,24,technician,single,secondary,681,yes,no,unknown,jun,2,-1,0,unknown,no,0,0,1,Low,0,0,0.086275
2299,40,blue-collar,married,primary,1389,yes,no,cellular,feb,5,-1,0,unknown,no,0,0,1,Medium,0,0,0.07579076
2300,33,technician,single,tertiary,3827,no,no,cellular,nov,1,-1,0,unknown,no,0,0,0,Medium,0,0,0.10328967
2301,29,management,single,secondary,703,yes,no,cellular,nov,1,550,2,success,yes,1,1,1,Low,1,1,0.8584738
2302,48,admin.,married,secondary,-379,yes,no,cellular,jul,2,-1,0,unknown,no,0,0,1,Negative,0,0,0.070534244
2303,30,services,single,secondary,-114,yes,no,cellular,jul,2,-1,0,unknown,no,0,0,1,Negative,0,0,0.032641362
2304,50,technician,single,secondary,1022,no,no,telephone,feb,2,-1,0,unknown,no,0,0,0,Medium,0,0,0.06103708
2305,43,management,divorced,secondary,51,no,no,cellular,feb,1,-1,0,unknown,yes,1,0,0,Low,1,0,0.05380434
2306,55,blue-collar,married,secondary,89,yes,no,unknown,may,3,-1,0,unknown,no,0,0,1,Low,0,0,0.01419858
2307,27,services,married,secondary,1303,yes,yes,unknown,may,1,-1,0,unknown,no,0,0,1,Medium,0,0,0.014265087
2308,38,technician,married,secondary,821,yes,yes,cellular,nov,2,180,1,failure,no,0,1,1,Low,0,0,0.027814275
2309,27,management,single,secondary,967,yes,no,unknown,may,1,-1,0,unknown,no,0,0,1,Low,0,0,0.060881943
2310,38,admin.,single,secondary,902,yes,no,telephone,jul,13,-1,0,unknown,no,0,0,1,Low,0,0,0.03808428
2311,60,retired,married,secondary,262,no,no,cellular,aug,4,-1,0,unknown,no,0,0,0,Low,0,0,0.14346792
2312,30,management,married,tertiary,0,no,no,cellular,aug,2,-1,0,unknown,no,0,0,0,Negative,0,0,0.031919844
2313,32,services,single,secondary,936,yes,no,cellular,nov,1,-1,0,unknown,no,0,0,1,Low,0,0,0.06871206
2314,24,admin.,single,secondary,843,yes,no,cellular,may,2,-1,0,unknown,no,0,0,1,Low,0,0,0.12753761
2315,40,management,married,secondary,1576,yes,yes,unknown,may,3,-1,0,unknown,no,0,0,1,Medium,0,0,0.020770388
2316,36,technician,single,secondary,480,yes,no,cellular,jan,1,-1,0,unknown,no,0,0,1,Low,0,0,0.0503831
2317,64,management,married,tertiary,4688,no,no,cellular,oct,1,-1,0,unknown,yes,1,0,0,Medium,1,1,0.70025885
2318,31,management,married,tertiary,0,no,no,cellular,jul,4,-1,0,unknown,no,0,0,0,Negative,0,0,0.066478595
2319,37,services,married,secondary,895,yes,yes,cellular,feb,2,245,1,failure,no,0,1,1,Low,0,0,0.04316947
2320,32,admin.,single,secondary,-648,yes,no,unknown,may,2,-1,0,unknown,no,0,0,1,Negative,0,0,0.02356097
2321,51,blue-collar,married,secondary,1840,yes,no,cellular,aug,3,-1,0,unknown,no,0,0,1,Medium,0,0,0.06937524
2322,56,admin.,divorced,secondary,778,yes,no,unknown,may,2,-1,0,unknown,no,0,0,1,Low,0,0,0.032553684
2323,37,unemployed,married,tertiary,1236,no,no,cellular,jul,2,-1,0,unknown,no,0,0,0,Medium,0,0,0.08681605
2324,32,self-employed,single,tertiary,519,yes,no,cellular,nov,1,-1,0,unknown,no,0,0,1,Low,0,0,0.039559662
2325,37,technician,married,tertiary,0,yes,no,cellular,aug,4,-1,0,unknown,no,0,0,1,Negative,0,0,0.03774788
2326,46,entrepreneur,married,tertiary,954,yes,yes,cellular,feb,2,-1,0,unknown,no,0,0,1,Low,0,0,0.07791784
2327,34,services,married,secondary,81,yes,yes,cellular,jul,1,-1,0,unknown,no,0,0,1,Low,0,0,0.050713286
2328,51,technician,single,secondary,511,yes,yes,unknown,may,2,-1,0,unknown,no,0,0,1,Low,0,0,0.028460871
2329,37,self-employed,married,secondary,0,yes,no,cellular,jul,1,-1,0,unknown,no,0,0,1,Negative,0,0,0.067949496
2330,55,retired,divorced,primary,53,yes,no,unknown,may,2,-1,0,unknown,no,0,0,1,Low,0,0,0.037288293
2331,64,technician,married,tertiary,1319,no,no,cellular,mar,2,-1,0,unknown,no,0,0,0,Medium,0,0,0.49006253
2332,33,blue-collar,single,secondary,4404,yes,no,cellular,nov,3,-1,0,unknown,no,0,0,1,Medium,0,0,0.09359559
2333,51,technician,divorced,secondary,-471,no,no,cellular,aug,2,-1,0,unknown,no,0,0,0,Negative,0,0,0.015428182
2334,36,self-employed,married,tertiary,506,no,no,cellular,nov,1,70,2,failure,yes,1,1,0,Low,1,0,0.2268422
2335,35,technician,married,secondary,19,no,no,cellular,aug,2,-1,0,unknown,no,0,0,0,Low,0,0,0.02679606
2336,60,blue-collar,married,secondary,171,yes,no,unknown,may,2,-1,0,unknown,no,0,0,1,Low,0,0,0.031316735
2337,36,blue-collar,married,primary,1993,yes,yes,cellular,may,1,359,2,other,no,0,1,1,Medium,0,0,0.04498378
2338,51,housemaid,divorced,primary,94,yes,no,cellular,may,1,297,4,failure,no,0,1,1,Low,0,0,0.05681965
2339,43,services,married,secondary,354,yes,no,telephone,feb,2,-1,0,unknown,no,0,0,1,Low,0,0,0.026912615
2340,31,technician,married,secondary,222,yes,no,unknown,may,4,-1,0,unknown,no,0,0,1,Low,0,0,0.012294311
2341,35,management,married,tertiary,1684,yes,no,cellular,aug,8,-1,0,unknown,no,0,0,1,Medium,0,0,0.042772286
2342,51,unemployed,married,secondary,234,no,no,cellular,aug,1,-1,0,unknown,yes,1,0,0,Low,1,0,0.1371998
2343,29,management,single,tertiary,54,yes,yes,unknown,may,3,-1,0,unknown,no,0,0,1,Low,0,0,0.038024217
2344,52,technician,married,secondary,1064,no,no,cellular,aug,2,-1,0,unknown,no,0,0,0,Medium,0,0,0.06587477
2345,34,management,married,tertiary,611,no,no,cellular,jun,1,-1,0,unknown,yes,1,0,0,Low,1,0,0.3437349
2346,37,management,married,tertiary,1949,yes,no,cellular,may,2,-1,0,unknown,no,0,0,1,Medium,0,0,0.11360247
2347,37,admin.,divorced,tertiary,4303,yes,no,unknown,may,1,-1,0,unknown,no,0,0,1,Medium,0,0,0.11819012
2348,53,entrepreneur,married,tertiary,22370,yes,no,unknown,may,1,-1,0,unknown,no,0,0,1,High,0,0,0.015040666
2349,30,management,single,tertiary,0,no,no,cellular,aug,3,-1,0,unknown,no,0,0,0,Negative,0,0,0.061467625
2350,41,self-employed,married,secondary,1,no,no,cellular,aug,4,-1,0,unknown,no,0,0,0,Low,0,0,0.024185069
2351,28,admin.,single,secondary,1238,yes,no,unknown,may,2,-1,0,unknown,no,0,0,1,Medium,0,0,0.06511462
2352,60,housemaid,married,unknown,15681,no,no,cellular,jul,3,-1,0,unknown,no,0,0,0,High,0,0,0.1567843
2353,24,technician,single,secondary,598,no,no,cellular,may,1,182,2,success,yes,1,1,0,Low,1,1,0.82323813
2354,49,management,married,tertiary,596,yes,no,cellular,apr,2,-1,0,unknown,no,0,0,1,Low,0,0,0.06584276
2355,30,admin.,married,tertiary,285,no,no,cellular,feb,2,-1,0,unknown,no,0,0,0,Low,0,0,0.13419299
2356,32,management,married,tertiary,628,no,no,cellular,apr,1,-1,0,unknown,no,0,0,0,Low,0,0,0.4375118
2357,34,blue-collar,single,primary,4260,yes,no,cellular,may,1,-1,0,unknown,no,0,0,1,Medium,0,0,0.15497947
2358,38,services,divorced,secondary,904,yes,no,cellular,apr,1,339,1,failure,no,0,1,1,Low,0,0,0.046538513
2359,40,entrepreneur,married,tertiary,1089,yes,yes,unknown,may,5,-1,0,unknown,no,0,0,1,Medium,0,0,0.05894802
2360,29,blue-collar,married,primary,544,no,yes,cellular,jul,4,-1,0,unknown,no,0,0,1,Low,0,0,0.08866339
2361,38,blue-collar,single,secondary,1121,no,no,unknown,jun,1,-1,0,unknown,no,0,0,0,Medium,0,0,0.06946511
2362,30,management,single,tertiary,234,yes,no,cellular,nov,1,169,2,failure,no,0,1,1,Low,0,0,0.028337987
2363,41,blue-collar,married,primary,4593,yes,yes,cellular,nov,1,-1,0,unknown,no,0,0,1,Medium,0,0,0.023734914
2364,56,management,married,tertiary,935,yes,no,cellular,nov,1,-1,0,unknown,no,0,0,1,Low,0,0,0.043076977
2365,35,blue-collar,married,secondary,53,yes,no,unknown,may,2,-1,0,unknown,no,0,0,1,Low,0,0,0.036936983
2366,43,management,married,tertiary,28,yes,no,cellular,may,1,176,1,failure,no,0,1,1,Low,0,0,0.027867982
2367,46,blue-collar,married,secondary,0,yes,no,cellular,nov,1,-1,0,unknown,no,0,0,1,Negative,0,0,0.0437105
2368,29,management,married,primary,5547,no,no,cellular,jul,2,-1,0,unknown,no,0,0,0,High,0,0,0.15534005
2369,60,retired,married,primary,566,no,yes,cellular,jul,1,-1,0,unknown,no,0,0,1,Low,0,0,0.10821592
2370,49,technician,married,secondary,2765,no,no,cellular,aug,4,-1,0,unknown,no,0,0,0,Medium,0,0,0.09060873
2371,50,services,single,secondary,72,no,no,unknown,may,2,-1,0,unknown,no,0,0,0,Low,0,0,0.011120455
2372,33,student,single,tertiary,882,yes,no,cellular,feb,1,-1,0,unknown,no,0,0,1,Low,0,0,0.07026248
2373,31,admin.,single,secondary,358,yes,no,unknown,may,1,-1,0,unknown,no,0,0,1,Low,0,0,0.048894875
2374,26,admin.,married,secondary,1595,no,no,cellular,jun,1,105,1,failure,yes,1,1,0,Medium,1,0,0.17820457
2375,23,management,single,unknown,375,yes,no,unknown,may,3,-1,0,unknown,no,0,0,1,Low,0,0,0.035142124
2376,30,admin.,single,secondary,983,yes,no,cellular,may,2,-1,0,unknown,yes,1,0,1,Low,1,0,0.14440352
2377,60,self-employed,married,tertiary,10861,no,no,cellular,nov,1,91,2,failure,yes,1,1,0,High,1,0,0.13687825
2378,40,entrepreneur,married,secondary,264,yes,no,unknown,may,2,-1,0,unknown,no,0,0,1,Low,0,0,0.0255137
2379,41,management,married,tertiary,102,no,no,cellular,jan,1,-1,0,unknown,no,0,0,0,Low,0,0,0.03520469
2380,50,management,married,tertiary,-143,yes,no,unknown,may,3,-1,0,unknown,no,0,0,1,Negative,0,0,0.004430226
2381,30,admin.,married,secondary,2678,yes,no,cellular,may,5,-1,0,unknown,no,0,0,1,Medium,0,0,0.11554141
2382,44,blue-collar,married,secondary,4236,yes,no,cellular,may,3,-1,0,unknown,no,0,0,1,Medium,0,0,0.15611187
2383,34,technician,married,secondary,50,no,no,cellular,aug,3,-1,0,unknown,no,0,0,0,Low,0,0,0.058315128
2384,32,management,single,tertiary,28,no,no,cellular,aug,2,-1,0,unknown,no,0,0,0,Low,0,0,0.07351198
2385,34,blue-collar,married,primary,100,yes,yes,unknown,may,3,-1,0,unknown,no,0,0,1,Low,0,0,0.01793169
2386,49,retired,divorced,primary,150,no,no,unknown,jun,1,-1,0,unknown,no,0,0,0,Low,0,0,0.043101437
2387,61,management,married,tertiary,13546,no,no,cellular,jan,2,283,3,success,no,0,1,0,High,0,1,0.96524274
2388,36,services,married,secondary,321,yes,no,cellular,jul,2,-1,0,unknown,no,0,0,1,Low,0,0,0.07962977
2389,43,blue-collar,married,secondary,607,yes,no,unknown,may,2,-1,0,unknown,no,0,0,1,Low,0,0,0.029243719
2390,37,management,married,tertiary,7785,yes,no,cellular,apr,2,-1,0,unknown,no,0,0,1,High,0,0,0.045571465
2391,38,services,married,secondary,155,yes,no,unknown,may,1,-1,0,unknown,no,0,0,1,Low,0,0,0.011251889
2392,27,services,single,secondary,302,no,no,cellular,jan,1,189,1,success,no,0,1,0,Low,0,1,0.7992987
2393,60,retired,married,tertiary,846,no,no,telephone,may,1,-1,0,unknown,yes,1,0,0,Low,1,0,0.09270894
2394,55,blue-collar,married,primary,431,yes,no,unknown,may,2,-1,0,unknown,no,0,0,1,Low,0,0,0.0143388165
2395,54,technician,married,secondary,1331,yes,no,telephone,jul,2,-1,0,unknown,no,0,0,1,Medium,0,0,0.05085841
2396,34,blue-collar,married,secondary,559,yes,no,telephone,nov,1,193,1,other,no,0,1,1,Low,0,0,0.04823349
2397,40,admin.,divorced,secondary,221,yes,no,unknown,may,2,-1,0,unknown,no,0,0,1,Low,0,0,0.057136368
2398,58,retired,married,secondary,150,yes,no,unknown,jun,4,-1,0,unknown,no,0,0,1,Low,0,0,0.01767012
2399,20,student,single,secondary,215,no,no,cellular,feb,1,92,6,success,yes,1,1,0,Low,1,1,0.9852481
2400,34,blue-collar,married,secondary,120,yes,no,unknown,may,1,-1,0,unknown,no,0,0,1,Low,0,0,0.039795175
2401,36,management,married,tertiary,2547,no,no,cellular,jul,1,-1,0,unknown,no,0,0,0,Medium,0,0,0.09606252
2402,41,management,married,tertiary,397,yes,no,cellular,jul,1,-1,0,unknown,no,0,0,1,Low,0,0,0.049182776
2403,39,blue-collar,married,secondary,518,yes,no,unknown,jun,2,-1,0,unknown,no,0,0,1,Low,0,0,0.042359695
2404,61,management,married,tertiary,0,yes,yes,cellular,dec,2,-1,0,unknown,no,0,0,1,Negative,0,1,0.6210107
2405,49,management,married,tertiary,1311,yes,no,cellular,may,1,-1,0,unknown,yes,1,0,1,Medium,1,0,0.0760061
2406,37,services,married,primary,52,yes,no,unknown,may,1,-1,0,unknown,no,0,0,1,Low,0,0,0.025309429
2407,26,blue-collar,married,secondary,800,yes,no,unknown,may,1,-1,0,unknown,no,0,0,1,Low,0,0,0.063303486
2408,37,management,divorced,tertiary,896,no,yes,cellular,aug,2,-1,0,unknown,no,0,0,1,Low,0,0,0.1212701
2409,53,self-employed,single,secondary,731,no,no,cellular,nov,2,-1,0,unknown,no,0,0,0,Low,0,0,0.041188948
2410,30,blue-collar,single,primary,296,no,no,telephone,feb,7,-1,0,unknown,no,0,0,0,Low,0,0,0.038810287
2411,39,blue-collar,single,primary,267,no,no,cellular,nov,1,-1,0,unknown,no,0,0,0,Low,0,0,0.062182017
2412,31,technician,single,secondary,105,no,no,cellular,aug,4,-1,0,unknown,no,0,0,0,Low,0,0,0.04038385
2413,56,retired,married,secondary,1678,yes,no,unknown,may,1,-1,0,unknown,no,0,0,1,Medium,0,0,0.034821678
2414,23,management,single,tertiary,906,no,no,cellular,jul,3,-1,0,unknown,no,0,0,0,Low,0,1,0.6030743
2415,47,blue-collar,married,secondary,2173,yes,no,cellular,apr,3,344,5,failure,no,0,1,1,Medium,0,0,0.11682012
2416,33,admin.,single,secondary,894,no,no,cellular,feb,2,-1,0,unknown,no,0,0,0,Low,0,0,0.13962561
2417,28,blue-collar,single,primary,722,yes,no,unknown,may,1,-1,0,unknown,no,0,0,1,Low,0,0,0.11054233
2418,39,services,single,secondary,315,yes,no,cellular,may,3,-1,0,unknown,no,0,0,1,Low,0,0,0.1596183
2419,56,entrepreneur,married,tertiary,1297,yes,no,unknown,may,1,-1,0,unknown,no,0,0,1,Medium,0,0,0.033792283
2420,26,services,single,secondary,1445,no,no,telephone,oct,1,-1,0,unknown,yes,1,0,0,Medium,1,0,0.34917453
2421,36,services,married,secondary,4721,no,no,cellular,jun,1,92,5,success,yes,1,1,0,Medium,1,1,0.85813344
2422,37,self-employed,married,secondary,2203,no,yes,cellular,feb,8,-1,0,unknown,no,0,0,1,Medium,0,0,0.07406257
2423,26,entrepreneur,single,secondary,101,yes,no,cellular,feb,1,268,1,failure,yes,1,1,1,Low,1,0,0.025060466
2424,26,services,single,secondary,127,yes,yes,cellular,jul,3,-1,0,unknown,no,0,0,1,Low,0,0,0.13040428
2425,27,student,single,tertiary,66,yes,no,unknown,may,1,-1,0,unknown,no,0,0,1,Low,0,0,0.02560693
2426,54,management,married,tertiary,8295,no,no,cellular,oct,2,119,1,success,yes,1,1,0,High,1,1,0.59243375
2427,35,management,married,tertiary,0,yes,no,cellular,aug,2,-1,0,unknown,no,0,0,1,Negative,0,0,0.0679083
2428,49,admin.,married,secondary,2501,yes,no,unknown,may,2,-1,0,unknown,no,0,0,1,Medium,0,0,0.035128284
2429,43,services,married,secondary,216,yes,yes,cellular,may,1,-1,0,unknown,no,0,0,1,Low,0,0,0.06160417
2430,26,technician,single,secondary,3070,yes,no,unknown,jun,1,-1,0,unknown,no,0,0,1,Medium,0,0,0.04075314
2431,48,blue-collar,married,primary,214,yes,yes,cellular,nov,1,162,1,failure,no,0,1,1,Low,0,0,0.006273323
2432,51,blue-collar,married,secondary,528,yes,no,cellular,apr,3,-1,0,unknown,no,0,0,1,Low,0,0,0.056195766
2433,46,admin.,single,secondary,1070,yes,no,cellular,apr,2,-1,0,unknown,no,0,0,1,Medium,0,0,0.13695696
2434,33,services,married,secondary,162,yes,no,cellular,may,1,364,2,failure,no,0,1,1,Low,0,0,0.07478509
2435,56,unknown,divorced,primary,558,no,no,unknown,jun,1,-1,0,unknown,no,0,0,0,Low,0,0,0.017433139
2436,31,technician,married,unknown,14533,no,no,cellular,jun,2,-1,0,unknown,yes,1,0,0,High,1,0,0.3057168
2437,29,services,single,secondary,9,yes,no,cellular,may,5,-1,0,unknown,no,0,0,1,Low,0,0,0.07084102
2438,32,blue-collar,single,secondary,5,yes,yes,unknown,may,1,-1,0,unknown,no,0,0,1,Low,0,0,0.045261357
2439,42,self-employed,married,secondary,105,no,no,cellular,aug,4,-1,0,unknown,no,0,0,0,Low,0,0,0.026950061
2440,37,management,single,unknown,146,yes,no,unknown,jun,8,-1,0,unknown,no,0,0,1,Low,0,0,0.031552367
2441,37,services,married,secondary,523,yes,no,telephone,nov,1,-1,0,unknown,no,0,0,1,Low,0,0,0.040464077
2442,53,admin.,married,secondary,172,no,no,cellular,aug,6,-1,0,unknown,no,0,0,0,Low,0,0,0.03578753
2443,35,blue-collar,married,secondary,628,yes,no,unknown,may,2,-1,0,unknown,no,0,0,1,Low,0,0,0.031270985
2444,32,management,married,tertiary,927,no,no,cellular,oct,1,-1,0,unknown,no,0,0,0,Low,0,0,0.35132122
2445,36,management,single,tertiary,5958,yes,no,cellular,sep,1,184,1,success,yes,1,1,1,High,1,1,0.96872365
2446,37,management,married,tertiary,4357,no,no,cellular,jul,2,-1,0,unknown,no,0,0,0,Medium,0,0,0.09003053
2447,30,blue-collar,married,secondary,246,yes,no,cellular,apr,1,150,7,failure,no,0,1,1,Low,0,0,0.04377731
2448,26,services,single,tertiary,1624,yes,yes,unknown,may,1,-1,0,unknown,no,0,0,1,Medium,0,0,0.0076913084
2449,41,management,married,primary,2592,yes,no,unknown,may,3,-1,0,unknown,no,0,0,1,Medium,0,0,0.020874195
2450,43,technician,married,tertiary,1201,yes,yes,cellular,aug,3,-1,0,unknown,no,0,0,1,Medium,0,0,0.09967772
2451,42,management,married,tertiary,2187,yes,no,cellular,nov,3,-1,0,unknown,yes,1,0,1,Medium,1,0,0.044448707
2452,31,housemaid,single,tertiary,2017,yes,no,cellular,jan,1,286,5,failure,no,0,1,1,Medium,0,0,0.11651286
2453,45,blue-collar,married,primary,15515,no,no,cellular,aug,2,-1,0,unknown,no,0,0,0,High,0,0,0.12683047
2454,49,management,married,tertiary,4374,yes,no,cellular,jul,3,-1,0,unknown,no,0,0,1,Medium,0,0,0.07322997
2455,30,management,single,tertiary,572,no,no,cellular,jun,3,183,2,success,yes,1,1,0,Low,1,1,0.9289221
2456,35,self-employed,married,tertiary,182,no,yes,unknown,jun,1,-1,0,unknown,no,0,0,1,Low,0,0,0.06943192
2457,38,technician,married,secondary,69,no,yes,cellular,jul,2,-1,0,unknown,no,0,0,1,Low,0,0,0.028373118
2458,36,management,single,tertiary,-508,yes,no,cellular,apr,2,-1,0,unknown,no,0,0,1,Negative,0,0,0.0487656
2459,48,management,married,secondary,2204,yes,no,cellular,may,1,-1,0,unknown,no,0,0,1,Medium,0,0,0.104034916
2460,33,management,divorced,tertiary,525,yes,yes,cellular,apr,1,281,1,other,no,0,1,1,Low,0,0,0.053910863
2461,58,admin.,married,primary,0,no,no,cellular,aug,6,-1,0,unknown,no,0,0,0,Negative,0,0,0.05100379
2462,33,admin.,married,secondary,-111,yes,yes,unknown,jun,3,-1,0,unknown,no,0,0,1,Negative,0,0,0.0868175
2463,31,management,married,tertiary,6290,no,no,cellular,nov,2,-1,0,unknown,no,0,0,0,High,0,0,0.06913786
2464,42,admin.,married,secondary,0,yes,no,cellular,jul,1,-1,0,unknown,no,0,0,1,Negative,0,0,0.03466864
2465,52,management,married,tertiary,271,yes,no,unknown,may,1,-1,0,unknown,no,0,0,1,Low,0,0,0.01345685
2466,31,management,single,tertiary,1441,no,no,cellular,aug,1,-1,0,unknown,no,0,0,0,Medium,0,0,0.10946769
2467,45,self-employed,married,secondary,0,no,no,cellular,aug,6,-1,0,unknown,no,0,0,0,Negative,0,0,0.041771505
2468,31,management,single,tertiary,574,yes,no,cellular,jul,2,-1,0,unknown,no,0,0,1,Low,0,0,0.110143535
2469,43,blue-collar,married,secondary,4520,yes,no,unknown,may,4,-1,0,unknown,no,0,0,1,Medium,0,0,0.050305374
2470,38,self-employed,divorced,secondary,2674,yes,no,unknown,jun,2,-1,0,unknown,no,0,0,1,Medium,0,0,0.05684407
2471,40,admin.,married,secondary,767,yes,no,cellular,feb,1,-1,0,unknown,no,0,0,1,Low,0,0,0.056956455
2472,32,technician,married,secondary,282,yes,no,cellular,may,2,-1,0,unknown,no,0,0,1,Low,0,0,0.078705855
2473,40,unemployed,divorced,secondary,193,yes,no,cellular,may,1,357,1,failure,no,0,1,1,Low,0,0,0.016270537
2474,49,self-employed,married,primary,489,yes,no,unknown,may,4,-1,0,unknown,no,0,0,1,Low,0,0,0.015448199
2475,50,blue-collar,married,primary,12519,yes,no,cellular,nov,3,34,1,failure,yes,1,1,1,High,1,0,0.018184418
2476,58,retired,divorced,tertiary,2086,yes,no,cellular,jul,2,-1,0,unknown,no,0,0,1,Medium,0,0,0.082819074
2477,53,admin.,married,secondary,4464,yes,no,unknown,may,3,-1,0,unknown,no,0,0,1,Medium,0,0,0.08256884
2478,37,admin.,married,secondary,373,no,no,cellular,aug,10,-1,0,unknown,no,0,0,0,Low,0,0,0.040326085
2479,33,management,married,tertiary,584,yes,no,cellular,aug,5,-1,0,unknown,no,0,0,1,Low,0,0,0.020615283
2480,56,admin.,single,secondary,-273,no,no,cellular,jul,2,-1,0,unknown,no,0,0,0,Negative,0,0,0.046345897
2481,41,blue-collar,divorced,primary,0,no,no,cellular,jul,2,-1,0,unknown,yes,1,0,0,Negative,1,0,0.14663118
2482,28,student,single,secondary,1925,no,no,cellular,feb,1,93,3,success,no,0,1,0,Medium,0,1,0.9474604
2483,50,blue-collar,married,secondary,3558,no,no,cellular,aug,10,-1,0,unknown,no,0,0,0,Medium,0,0,0.02496973
2484,49,technician,divorced,secondary,0,yes,no,cellular,feb,3,-1,0,unknown,no,0,0,1,Negative,0,0,0.12894449
2485,47,admin.,married,secondary,3386,no,yes,cellular,jul,17,-1,0,unknown,no,0,0,1,Medium,0,0,0.25441504
2486,37,management,single,tertiary,0,no,no,cellular,jul,3,-1,0,unknown,no,0,0,0,Negative,0,0,0.07242798
2487,30,management,single,tertiary,334,no,no,cellular,aug,2,-1,0,unknown,no,0,0,0,Low,0,0,0.08706912
2488,32,student,single,secondary,1102,no,no,telephone,oct,1,-1,0,unknown,yes,1,0,0,Medium,1,0,0.12494541
2489,37,blue-collar,single,tertiary,344,no,no,unknown,jun,2,-1,0,unknown,no,0,0,0,Low,0,0,0.06892484
2490,47,housemaid,married,secondary,131,no,no,cellular,aug,1,-1,0,unknown,no,0,0,0,Low,0,0,0.06630796
2491,32,management,single,secondary,2018,no,no,cellular,aug,1,-1,0,unknown,yes,1,0,0,Medium,1,0,0.166868
2492,50,management,married,primary,478,no,no,unknown,may,5,-1,0,unknown,no,0,0,0,Low,0,0,0.021469694
2493,48,admin.,divorced,secondary,2662,no,no,unknown,jun,2,-1,0,unknown,no,0,0,0,Medium,0,0,0.04467675
2494,51,services,married,unknown,6,yes,no,cellular,may,1,-1,0,unknown,no,0,0,1,Low,0,0,0.03325931
2495,51,admin.,divorced,secondary,2195,yes,no,unknown,may,1,-1,0,unknown,no,0,0,1,Medium,0,0,0.022137426
2496,28,services,single,secondary,-221,no,yes,cellular,jul,12,-1,0,unknown,no,0,0,1,Negative,0,0,0.32113272
2497,45,blue-collar,married,secondary,226,no,no,telephone,jul,2,-1,0,unknown,no,0,0,0,Low,0,0,0.061670057
2498,35,unemployed,married,tertiary,-94,yes,no,cellular,jul,1,-1,0,unknown,no,0,0,1,Negative,0,0,0.041729927
2499,34,admin.,married,secondary,-549,yes,yes,unknown,may,1,-1,0,unknown,no,0,0,1,Negative,0,0,0.023405487
2500,48,blue-collar,married,primary,5154,yes,no,unknown,may,1,-1,0,unknown,no,0,0,1,High,0,0,0.04263269
2501,49,management,married,tertiary,223,no,no,cellular,aug,22,-1,0,unknown,no,0,0,0,Low,0,0,0.006045737
2502,35,management,married,secondary,0,no,yes,unknown,jul,1,-1,0,unknown,no,0,0,1,Negative,0,0,0.007885308
2503,59,blue-collar,married,primary,3587,no,yes,unknown,jun,2,-1,0,unknown,no,0,0,1,Medium,0,0,0.028107282
2504,28,unemployed,married,secondary,431,yes,no,cellular,may,6,358,3,other,no,0,1,1,Low,0,0,0.012725566
2505,36,self-employed,married,secondary,328,no,no,cellular,nov,2,-1,0,unknown,no,0,0,0,Low,0,0,0.046468075
2506,60,self-employed,married,secondary,17339,no,no,unknown,jun,11,-1,0,unknown,no,0,0,0,High,0,0,0.03758079
2507,52,management,married,primary,98,yes,no,cellular,apr,1,345,2,failure,no,0,1,1,Low,0,0,0.013720306
2508,35,unknown,married,primary,365,no,no,cellular,aug,2,-1,0,unknown,no,0,0,0,Low,0,0,0.090395354
2509,48,services,married,secondary,801,no,no,cellular,aug,1,-1,0,unknown,no,0,0,0,Low,0,0,0.19017223
2510,48,management,married,tertiary,10347,yes,no,cellular,jul,6,-1,0,unknown,no,0,0,1,High,0,0,0.041092478
2511,36,technician,single,secondary,-475,yes,no,unknown,may,5,-1,0,unknown,no,0,0,1,Negative,0,0,0.010411802
2512,32,blue-collar,married,secondary,889,yes,no,cellular,sep,1,99,5,success,yes,1,1,1,Low,1,1,0.94470775
2513,39,blue-collar,married,secondary,983,yes,no,unknown,may,1,-1,0,unknown,no,0,0,1,Low,0,0,0.030962043
2514,24,student,single,secondary,154,no,no,cellular,sep,2,-1,0,unknown,no,0,0,0,Low,0,0,0.43663862
2515,25,management,single,tertiary,493,yes,no,unknown,jun,1,-1,0,unknown,no,0,0,1,Low,0,0,0.08306137
2516,39,management,single,tertiary,0,no,no,cellular,aug,5,-1,0,unknown,no,0,0,0,Negative,0,0,0.04713658
2517,34,blue-collar,single,secondary,3723,yes,no,unknown,may,5,-1,0,unknown,no,0,0,1,Medium,0,0,0.051559683
2518,36,blue-collar,married,secondary,74,yes,no,unknown,jun,2,-1,0,unknown,no,0,0,1,Low,0,0,0.04678388
2519,27,blue-collar,married,primary,1,yes,no,cellular,may,2,-1,0,unknown,no,0,0,1,Low,0,0,0.04242959
2520,37,management,single,tertiary,6964,no,no,cellular,nov,3,-1,0,unknown,no,0,0,0,High,0,0,0.10068805
2521,34,blue-collar,single,secondary,-42,yes,yes,unknown,jun,2,-1,0,unknown,no,0,0,1,Negative,0,0,0.035328295
2522,31,unemployed,single,secondary,284,yes,no,cellular,feb,1,-1,0,unknown,yes,1,0,1,Low,1,0,0.06027162
2523,42,blue-collar,married,primary,191,yes,no,telephone,may,3,371,1,failure,no,0,1,1,Low,0,0,0.02886496
2524,46,technician,married,secondary,3434,no,yes,cellular,feb,1,-1,0,unknown,yes,1,0,1,Medium,1,0,0.26232272
2525,48,admin.,married,secondary,1060,yes,no,cellular,apr,2,318,3,failure,no,0,1,1,Medium,0,0,0.025710505
2526,30,blue-collar,married,secondary,1780,yes,no,unknown,may,12,-1,0,unknown,no,0,0,1,Medium,0,0,0.05749466
2527,34,blue-collar,married,secondary,1412,yes,yes,unknown,may,2,-1,0,unknown,no,0,0,1,Medium,0,0,0.045639165
2528,33,technician,married,tertiary,8023,no,no,cellular,feb,1,87,4,failure,no,0,1,0,High,0,1,0.72316283
2529,27,blue-collar,divorced,secondary,1,yes,no,cellular,jul,3,-1,0,unknown,no,0,0,1,Low,0,0,0.19920456
2530,35,management,married,tertiary,-126,no,no,cellular,aug,2,-1,0,unknown,no,0,0,0,Negative,0,0,0.012594848
2531,28,blue-collar,married,secondary,-717,yes,no,unknown,may,3,-1,0,unknown,no,0,0,1,Negative,0,0,0.0039060735
2532,36,management,married,tertiary,242,yes,no,cellular,may,1,-1,0,unknown,no,0,0,1,Low,0,0,0.09950174
2533,26,services,married,secondary,104,no,no,unknown,may,1,-1,0,unknown,no,0,0,0,Low,0,0,0.017697537
2534,53,admin.,divorced,secondary,28,yes,yes,cellular,may,4,-1,0,unknown,no,0,0,1,Low,0,0,0.040286515
2535,42,blue-collar,married,secondary,343,yes,no,telephone,may,7,365,7,failure,no,0,1,1,Low,0,0,0.00197341
2536,33,management,single,tertiary,20,no,no,cellular,aug,2,-1,0,unknown,no,0,0,0,Low,0,0,0.038489066
2537,40,blue-collar,married,secondary,598,yes,no,cellular,jul,5,-1,0,unknown,no,0,0,1,Low,0,0,0.03963137
2538,58,housemaid,married,tertiary,497,no,no,unknown,jun,5,-1,0,unknown,no,0,0,0,Low,0,0,0.015708677
2539,51,housemaid,married,primary,492,yes,no,unknown,may,3,-1,0,unknown,no,0,0,1,Low,0,0,0.011285519
2540,42,self-employed,married,tertiary,83,yes,no,cellular,aug,4,-1,0,unknown,no,0,0,1,Low,0,0,0.037608057
2541,25,blue-collar,single,secondary,2,no,no,unknown,jun,2,-1,0,unknown,no,0,0,0,Low,0,0,0.07893954
2542,41,admin.,married,secondary,3855,yes,no,unknown,may,2,-1,0,unknown,no,0,0,1,Medium,0,0,0.014081542
2543,50,services,married,secondary,-682,yes,no,cellular,jul,2,-1,0,unknown,no,0,0,1,Negative,0,0,0.029846562
2544,51,management,divorced,tertiary,71,yes,no,cellular,aug,2,-1,0,unknown,no,0,0,1,Low,0,0,0.117597066
2545,57,technician,divorced,secondary,99,yes,no,cellular,may,2,370,2,failure,no,0,1,1,Low,0,0,0.033782378
2546,54,management,divorced,tertiary,0,no,no,cellular,aug,6,-1,0,unknown,no,0,0,0,Negative,0,0,0.038128708
2547,34,technician,married,secondary,656,yes,no,cellular,may,7,372,1,other,no,0,1,1,Low,0,0,0.017188957
2548,53,blue-collar,married,secondary,-626,yes,no,cellular,jul,1,-1,0,unknown,no,0,0,1,Negative,0,0,0.13295253
2549,34,management,single,tertiary,0,no,no,cellular,jul,3,-1,0,unknown,no,0,0,0,Negative,0,0,0.035478733
2550,47,self-employed,married,secondary,1121,no,no,unknown,jun,6,-1,0,unknown,no,0,0,0,Medium,0,0,0.05211846
2551,41,technician,married,unknown,-1136,yes,yes,unknown,jun,1,-1,0,unknown,no,0,0,1,Negative,0,0,0.03865596
2552,30,self-employed,married,secondary,0,no,no,cellular,aug,3,-1,0,unknown,no,0,0,0,Negative,0,0,0.039252635
2553,35,management,married,tertiary,77,no,no,cellular,aug,4,-1,0,unknown,no,0,0,0,Low,0,0,0.117533654
2554,34,services,single,secondary,528,yes,no,cellular,sep,3,100,5,other,yes,1,1,1,Low,1,1,0.6730581
2555,53,technician,married,secondary,-46,no,no,cellular,jan,2,-1,0,unknown,no,0,0,0,Negative,0,0,0.010545194
2556,47,self-employed,married,primary,1056,no,no,telephone,aug,2,-1,0,unknown,no,0,0,0,Medium,0,0,0.024331372
2557,32,management,single,tertiary,10281,no,no,cellular,apr,1,-1,0,unknown,yes,1,0,0,High,1,1,0.59861845
2558,38,blue-collar,married,primary,246,no,no,unknown,jun,2,-1,0,unknown,no,0,0,0,Low,0,0,0.061103918
2559,40,services,married,secondary,0,yes,no,cellular,jun,1,28,3,failure,no,0,1,1,Negative,0,0,0.21399274
2560,47,admin.,married,secondary,73,no,no,cellular,aug,3,-1,0,unknown,no,0,0,0,Low,0,0,0.06672883
2561,39,management,single,tertiary,0,yes,no,cellular,feb,3,-1,0,unknown,yes,1,0,1,Negative,1,1,0.72292536
2562,31,services,married,secondary,-163,yes,no,cellular,apr,1,270,2,failure,no,0,1,1,Negative,0,0,0.016339399
2563,70,retired,divorced,secondary,4572,no,no,cellular,oct,2,95,16,failure,no,0,1,0,Medium,0,0,0.03833389
2564,53,blue-collar,married,primary,6386,yes,no,unknown,may,8,-1,0,unknown,no,0,0,1,High,0,0,0.007139442
2565,56,services,married,secondary,4763,yes,no,telephone,nov,4,115,6,failure,no,0,1,1,Medium,0,0,0.010964121
2566,31,management,married,tertiary,927,no,no,cellular,aug,4,-1,0,unknown,no,0,0,0,Low,0,0,0.07398918
2567,37,unemployed,married,secondary,80,no,no,cellular,feb,2,-1,0,unknown,no,0,0,0,Low,0,0,0.13563436
2568,53,management,divorced,tertiary,15,no,no,cellular,aug,5,-1,0,unknown,no,0,0,0,Low,0,0,0.028151339
2569,31,management,married,tertiary,0,no,no,cellular,aug,2,-1,0,unknown,no,0,0,0,Negative,0,0,0.072492346
2570,39,management,married,secondary,2198,no,no,unknown,jun,1,-1,0,unknown,no,0,0,0,Medium,0,0,0.024843492
2571,50,blue-collar,married,primary,12519,yes,no,cellular,apr,2,147,4,success,no,0,1,1,High,0,0,0.3355688
2572,54,management,divorced,tertiary,129,yes,no,unknown,may,1,-1,0,unknown,no,0,0,1,Low,0,0,0.06415251
2573,35,blue-collar,married,secondary,563,no,yes,cellular,jun,1,119,3,failure,yes,1,1,1,Low,1,0,0.34417018
2574,57,retired,married,secondary,3783,yes,no,unknown,jun,3,-1,0,unknown,no,0,0,1,Medium,0,0,0.028193466
2575,54,management,married,tertiary,8509,yes,no,cellular,may,1,-1,0,unknown,no,0,0,1,High,0,0,0.09421528
2576,36,admin.,married,secondary,788,yes,no,cellular,may,1,345,1,failure,no,0,1,1,Low,0,0,0.06108767
2577,33,technician,married,secondary,575,no,yes,cellular,feb,2,-1,0,unknown,no,0,0,1,Low,0,0,0.05863406
2578,35,blue-collar,single,tertiary,1011,yes,no,cellular,apr,2,349,1,failure,no,0,1,1,Medium,0,0,0.029637428
2579,33,management,divorced,tertiary,802,no,no,cellular,feb,1,-1,0,unknown,no,0,0,0,Low,0,0,0.15010743
2580,30,services,single,secondary,188,no,no,cellular,aug,2,-1,0,unknown,no,0,0,0,Low,0,0,0.11586772
2581,29,self-employed,married,tertiary,2305,no,no,cellular,may,2,-1,0,unknown,no,0,0,0,Medium,0,0,0.28292888
2582,28,management,single,tertiary,9314,no,no,cellular,jul,2,-1,0,unknown,yes,1,0,0,High,1,0,0.3249419
2583,44,management,married,tertiary,58,yes,no,cellular,nov,1,126,3,failure,no,0,1,1,Low,0,0,0.03456005
2584,36,management,single,tertiary,546,yes,no,cellular,aug,3,-1,0,unknown,no,0,0,1,Low,0,0,0.15390234
2585,59,technician,divorced,tertiary,3331,yes,no,cellular,jul,3,-1,0,unknown,no,0,0,1,Medium,0,0,0.13502155
2586,32,management,single,tertiary,394,yes,no,unknown,may,2,-1,0,unknown,no,0,0,1,Low,0,0,0.041168444
2587,30,technician,married,secondary,27,yes,no,cellular,aug,2,-1,0,unknown,no,0,0,1,Low,0,0,0.03618618
2588,27,entrepreneur,married,secondary,554,yes,no,unknown,may,1,-1,0,unknown,no,0,0,1,Low,0,0,0.029450683
2589,40,blue-collar,married,primary,0,no,no,cellular,jul,1,-1,0,unknown,no,0,0,0,Negative,0,0,0.029656839
2590,32,blue-collar,single,secondary,-691,yes,yes,unknown,jun,1,-1,0,unknown,no,0,0,1,Negative,0,0,0.027024135
2591,34,blue-collar,married,primary,174,yes,no,cellular,may,3,-1,0,unknown,no,0,0,1,Low,0,0,0.02714354
2592,39,management,married,tertiary,47,no,no,unknown,jun,3,-1,0,unknown,no,0,0,0,Low,0,0,0.05663128
2593,57,blue-collar,married,primary,93,yes,no,telephone,apr,1,-1,0,unknown,no,0,0,1,Low,0,0,0.03235158
2594,47,housemaid,single,secondary,17023,no,no,cellular,may,2,97,4,other,no,0,1,0,High,0,0,0.17431076
2595,40,admin.,married,secondary,0,yes,no,cellular,feb,1,201,1,failure,no,0,1,1,Negative,0,0,0.03651036
2596,29,entrepreneur,married,primary,56,yes,yes,unknown,may,1,-1,0,unknown,no,0,0,1,Low,0,0,0.0076505756
2597,35,management,married,tertiary,47,no,yes,cellular,aug,9,-1,0,unknown,no,0,0,1,Low,0,0,0.031334978
2598,53,services,married,secondary,1461,no,no,cellular,aug,6,-1,0,unknown,no,0,0,0,Medium,0,0,0.06477983
2599,29,admin.,married,secondary,252,yes,no,cellular,may,3,371,1,failure,no,0,1,1,Low,0,0,0.14141683
2600,46,management,married,primary,312,yes,no,cellular,jul,2,-1,0,unknown,no,0,0,1,Low,0,0,0.056567103
2601,31,blue-collar,single,secondary,5607,no,no,cellular,nov,2,184,1,failure,no,0,1,0,High,0,0,0.056179646
2602,51,retired,married,secondary,0,no,no,unknown,may,1,-1,0,unknown,no,0,0,0,Negative,0,0,0.0499767
2603,32,technician,single,tertiary,2684,yes,no,cellular,may,2,-1,0,unknown,yes,1,0,1,Medium,1,0,0.17925204
2604,52,services,married,secondary,992,yes,no,cellular,oct,1,515,1,failure,yes,1,1,1,Low,1,1,0.9513219
2605,23,blue-collar,single,primary,8627,yes,no,cellular,may,1,346,1,failure,no,0,1,1,High,0,0,0.11711042
2606,59,management,divorced,tertiary,59,yes,no,unknown,may,1,-1,0,unknown,no,0,0,1,Low,0,0,0.020547789
2607,30,blue-collar,married,primary,2581,no,no,unknown,may,2,-1,0,unknown,no,0,0,0,Medium,0,0,0.04457513
2608,47,technician,divorced,secondary,1573,yes,no,unknown,may,1,-1,0,unknown,no,0,0,1,Medium,0,0,0.06348485
2609,33,blue-collar,married,secondary,780,yes,no,cellular,may,2,-1,0,unknown,no,0,0,1,Low,0,0,0.20097743
2610,33,blue-collar,married,secondary,43,yes,no,cellular,may,2,358,2,failure,no,0,1,1,Low,0,0,0.026015073
2611,28,management,single,tertiary,223,yes,no,cellular,jun,1,278,3,success,yes,1,1,1,Low,1,1,0.5980777
2612,58,blue-collar,married,primary,0,yes,no,unknown,may,2,-1,0,unknown,no,0,0,1,Negative,0,0,0.009679523
2613,46,management,divorced,tertiary,770,yes,no,unknown,may,1,-1,0,unknown,no,0,0,1,Low,0,0,0.04573101
2614,59,retired,married,secondary,12438,no,no,cellular,aug,1,-1,0,unknown,no,0,0,0,High,0,0,0.1800031
2615,62,admin.,married,secondary,4608,no,no,cellular,sep,1,186,1,success,no,0,1,0,Medium,0,1,0.88928926
2616,38,management,married,tertiary,6209,no,no,unknown,jun,10,-1,0,unknown,no,0,0,0,High,0,0,0.012296957
2617,41,blue-collar,married,secondary,-651,yes,yes,unknown,may,1,-1,0,unknown,no,0,0,1,Negative,0,0,0.0130170155
2618,32,services,single,secondary,159,yes,yes,cellular,may,1,-1,0,unknown,no,0,0,1,Low,0,0,0.14341995
2619,36,admin.,divorced,secondary,592,no,no,cellular,oct,2,99,5,failure,yes,1,1,0,Low,1,0,0.30440795
2620,23,services,married,secondary,2673,yes,no,unknown,jun,2,-1,0,unknown,no,0,0,1,Medium,0,0,0.019093085
2621,57,services,married,secondary,140,yes,no,cellular,jul,1,-1,0,unknown,no,0,0,1,Low,0,0,0.046577696
2622,31,management,single,tertiary,350,no,no,cellular,aug,2,-1,0,unknown,no,0,0,0,Low,0,0,0.075030416
2623,66,admin.,divorced,secondary,220,no,no,cellular,aug,1,-1,0,unknown,no,0,0,0,Low,0,0,0.22937974
2624,34,blue-collar,married,secondary,283,no,yes,unknown,may,1,-1,0,unknown,no,0,0,1,Low,0,0,0.012542392
2625,32,entrepreneur,single,tertiary,7641,yes,yes,cellular,nov,10,-1,0,unknown,no,0,0,1,High,0,0,0.029461343
2626,42,blue-collar,married,secondary,5639,yes,no,cellular,jul,2,-1,0,unknown,no,0,0,1,High,0,0,0.07809881
2627,47,management,married,unknown,4567,no,no,telephone,jul,4,-1,0,unknown,no,0,0,0,Medium,0,0,0.04650259
2628,37,unemployed,married,secondary,-476,yes,no,unknown,may,2,-1,0,unknown,no,0,0,1,Negative,0,0,0.0026493843
2629,35,management,single,tertiary,2707,no,no,cellular,feb,1,-1,0,unknown,yes,1,0,0,Medium,1,0,0.14638078
2630,57,technician,married,secondary,363,no,no,cellular,jun,6,-1,0,unknown,no,0,0,0,Low,0,0,0.25392395
2631,50,services,married,secondary,1126,no,no,cellular,aug,1,-1,0,unknown,no,0,0,0,Medium,0,0,0.1449957
2632,40,blue-collar,married,unknown,87,yes,no,cellular,may,3,-1,0,unknown,yes,1,0,1,Low,1,0,0.073419414
2633,43,entrepreneur,married,tertiary,11532,yes,no,telephone,jul,1,-1,0,unknown,no,0,0,1,High,0,0,0.044620957
2634,45,technician,married,secondary,49,no,no,cellular,jul,2,-1,0,unknown,no,0,0,0,Low,0,0,0.027201496
2635,43,blue-collar,married,primary,1202,no,no,unknown,may,1,-1,0,unknown,no,0,0,0,Medium,0,0,0.048907913
2636,32,management,married,secondary,375,no,no,cellular,aug,3,-1,0,unknown,no,0,0,0,Low,0,0,0.045049775
2637,33,management,single,tertiary,1240,yes,no,cellular,feb,2,260,1,other,no,0,1,1,Medium,0,0,0.087420605
2638,30,services,married,secondary,1286,yes,yes,cellular,jul,1,-1,0,unknown,no,0,0,1,Medium,0,0,0.041433744
2639,19,student,single,secondary,291,no,no,telephone,may,5,-1,0,unknown,no,0,0,0,Low,0,0,0.18275023
2640,37,unemployed,married,secondary,86,no,no,cellular,jan,1,-1,0,unknown,no,0,0,0,Low,0,0,0.020714631
2641,43,blue-collar,married,secondary,2,yes,yes,cellular,may,5,-1,0,unknown,no,0,0,1,Low,0,0,0.05232329
2642,29,blue-collar,married,primary,79,yes,no,cellular,may,4,356,2,failure,no,0,1,1,Low,0,0,0.014062807
2643,34,unemployed,married,tertiary,473,no,no,cellular,aug,11,-1,0,unknown,no,0,0,0,Low,0,0,0.06106504
2644,31,technician,divorced,secondary,345,yes,no,cellular,may,3,-1,0,unknown,no,0,0,1,Low,0,0,0.0800954
2645,38,blue-collar,married,primary,406,yes,no,cellular,jul,5,-1,0,unknown,no,0,0,1,Low,0,0,0.10545008
2646,37,unemployed,married,secondary,924,yes,no,cellular,feb,9,-1,0,unknown,no,0,0,1,Low,0,0,0.052654516
2647,50,retired,divorced,primary,2790,no,no,cellular,jul,2,-1,0,unknown,no,0,0,0,Medium,0,0,0.23600794
2648,30,student,single,tertiary,228,yes,no,cellular,may,2,-1,0,unknown,yes,1,0,1,Low,1,0,0.07325492
2649,41,admin.,single,tertiary,873,yes,no,cellular,feb,9,-1,0,unknown,no,0,0,1,Low,0,0,0.03865245
2650,43,services,divorced,secondary,62,no,no,unknown,jun,1,-1,0,unknown,no,0,0,0,Low,0,0,0.10158681
2651,36,services,married,secondary,472,yes,no,unknown,jun,1,-1,0,unknown,no,0,0,1,Low,0,0,0.044997066
2652,33,management,single,secondary,802,yes,no,cellular,may,1,-1,0,unknown,no,0,0,1,Low,0,0,0.10392643
2653,41,technician,married,secondary,768,yes,no,unknown,may,4,-1,0,unknown,no,0,0,1,Low,0,0,0.023298433
2654,59,blue-collar,married,primary,80,yes,no,telephone,jul,21,-1,0,unknown,no,0,0,1,Low,0,0,0.015098382
2655,46,management,married,tertiary,946,yes,no,cellular,jun,4,-1,0,unknown,no,0,0,1,Low,0,0,0.31071034
2656,52,management,divorced,tertiary,-723,yes,yes,cellular,nov,1,-1,0,unknown,no,0,0,1,Negative,0,0,0.041406054
2657,45,management,married,secondary,672,yes,no,telephone,jan,3,187,1,other,no,0,1,1,Low,0,0,0.007363765
2658,40,blue-collar,married,secondary,3122,yes,no,unknown,may,3,-1,0,unknown,no,0,0,1,Medium,0,0,0.045380604
2659,40,admin.,single,secondary,877,yes,no,unknown,may,6,-1,0,unknown,no,0,0,1,Low,0,0,0.05977348
2660,38,student,single,tertiary,3316,no,no,unknown,jun,3,-1,0,unknown,yes,1,0,0,Medium,1,0,0.08551446
2661,31,technician,single,secondary,0,yes,no,cellular,may,1,370,1,failure,no,0,1,1,Negative,0,0,0.017538957
2662,35,blue-collar,married,unknown,245,yes,no,cellular,may,2,370,1,failure,no,0,1,1,Low,0,0,0.019763744
2663,61,self-employed,married,tertiary,10861,no,no,cellular,jul,2,259,3,success,yes,1,1,0,High,1,1,0.91653085
2664,34,blue-collar,married,secondary,320,yes,no,cellular,nov,1,92,3,success,yes,1,1,1,Low,1,1,0.95761997
2665,29,housemaid,single,secondary,4537,yes,no,telephone,may,1,-1,0,unknown,no,0,0,1,Medium,0,0,0.13921398
2666,51,admin.,divorced,secondary,21,no,no,cellular,jul,17,-1,0,unknown,no,0,0,0,Low,0,0,0.007112166
2667,42,blue-collar,married,secondary,634,yes,no,cellular,jul,2,-1,0,unknown,no,0,0,1,Low,0,0,0.04311495
2668,42,blue-collar,single,secondary,985,no,no,cellular,nov,2,-1,0,unknown,no,0,0,0,Low,0,0,0.09363226
2669,32,management,single,tertiary,135,yes,yes,cellular,nov,1,-1,0,unknown,no,0,0,1,Low,0,0,0.043217756
2670,42,technician,single,secondary,2646,yes,no,cellular,jul,4,-1,0,unknown,no,0,0,1,Medium,0,0,0.11643788
2671,55,unknown,married,primary,2074,no,no,unknown,jun,4,-1,0,unknown,no,0,0,0,Medium,0,0,0.009764557
2672,39,entrepreneur,married,tertiary,-172,yes,no,cellular,may,2,-1,0,unknown,yes,1,0,1,Negative,1,0,0.07397161
2673,50,blue-collar,married,secondary,464,no,yes,unknown,jun,2,-1,0,unknown,no,0,0,1,Low,0,0,0.04801884
2674,37,blue-collar,married,secondary,0,no,yes,cellular,jul,2,-1,0,unknown,no,0,0,1,Negative,0,0,0.040613562
2675,60,entrepreneur,married,tertiary,1164,yes,no,unknown,may,1,-1,0,unknown,no,0,0,1,Medium,0,0,0.031174326
2676,33,services,married,secondary,0,yes,yes,cellular,may,2,-1,0,unknown,no,0,0,1,Negative,0,0,0.052280497
2677,56,management,married,tertiary,25290,no,no,cellular,jul,12,-1,0,unknown,no,0,0,0,High,0,0,0.028727187
2678,29,management,single,tertiary,13,yes,no,cellular,may,6,-1,0,unknown,no,0,0,1,Low,0,0,0.16927178
2679,47,services,single,secondary,870,yes,no,cellular,feb,7,-1,0,unknown,no,0,0,1,Low,0,0,0.019739727
2680,33,management,married,tertiary,1504,no,no,cellular,aug,2,-1,0,unknown,no,0,0,0,Medium,0,0,0.08387599
2681,35,technician,married,secondary,1387,yes,no,unknown,may,1,-1,0,unknown,no,0,0,1,Medium,0,0,0.030212965
2682,27,blue-collar,single,secondary,317,yes,no,unknown,may,10,-1,0,unknown,no,0,0,1,Low,0,0,0.019195981
2683,50,technician,married,secondary,3176,no,no,cellular,aug,1,-1,0,unknown,yes,1,0,0,Medium,1,0,0.095730625
2684,56,blue-collar,married,primary,551,no,no,unknown,may,1,-1,0,unknown,no,0,0,0,Low,0,0,0.016886612
2685,41,blue-collar,married,primary,236,yes,no,telephone,may,1,356,2,failure,no,0,1,1,Low,0,0,0.014131054
2686,36,admin.,married,secondary,587,no,no,cellular,feb,2,-1,0,unknown,no,0,0,0,Low,0,0,0.098646596
2687,25,management,single,tertiary,943,no,no,cellular,apr,1,-1,0,unknown,yes,1,0,0,Low,1,1,0.521777
2688,46,blue-collar,married,primary,1303,no,no,cellular,aug,1,-1,0,unknown,no,0,0,0,Medium,0,0,0.16161233
2689,26,technician,divorced,tertiary,3154,yes,yes,unknown,may,1,-1,0,unknown,no,0,0,1,Medium,0,0,0.0056033344
2690,41,management,married,tertiary,472,yes,no,cellular,jul,1,-1,0,unknown,no,0,0,1,Low,0,0,0.061343897
2691,58,blue-collar,married,unknown,1496,no,no,telephone,jul,6,-1,0,unknown,no,0,0,0,Medium,0,0,0.029766435
2692,30,admin.,married,secondary,46,yes,no,unknown,may,2,-1,0,unknown,no,0,0,1,Low,0,0,0.026330201
2693,37,management,single,secondary,34,yes,no,unknown,may,1,-1,0,unknown,no,0,0,1,Low,0,0,0.018189266
2694,32,admin.,married,secondary,35,no,no,cellular,dec,3,126,3,success,yes,1,1,0,Low,1,1,0.68762213
2695,47,blue-collar,married,primary,1452,yes,yes,cellular,jan,1,177,2,failure,no,0,1,1,Medium,0,0,0.027282039
2696,29,self-employed,single,tertiary,814,no,no,unknown,aug,1,-1,0,unknown,yes,1,0,0,Low,1,0,0.11224845
2697,55,entrepreneur,married,primary,-24,yes,no,unknown,may,1,-1,0,unknown,no,0,0,1,Negative,0,0,0.033883076
2698,44,management,married,tertiary,1646,yes,no,cellular,jul,6,251,1,failure,no,0,1,1,Medium,0,0,0.06641688
2699,34,blue-collar,married,secondary,855,no,yes,cellular,jul,3,-1,0,unknown,no,0,0,1,Low,0,0,0.11077912
2700,24,admin.,single,secondary,1295,no,no,cellular,jul,2,92,1,success,yes,1,1,0,Medium,1,1,0.695186
2701,34,technician,single,secondary,1386,yes,yes,unknown,may,6,-1,0,unknown,no,0,0,1,Medium,0,0,0.035497528
2702,32,admin.,single,secondary,92,yes,no,cellular,may,1,315,2,failure,no,0,1,1,Low,0,0,0.072995804
2703,35,admin.,married,secondary,34,yes,no,cellular,may,2,365,3,failure,no,0,1,1,Low,0,0,0.09943872
2704,26,admin.,single,tertiary,760,yes,no,cellular,sep,2,186,7,success,no,0,1,1,Low,0,1,0.63479
2705,60,unknown,married,unknown,652,no,no,unknown,jun,1,-1,0,unknown,no,0,0,0,Low,0,0,0.06824204
2706,50,management,married,tertiary,3284,yes,no,cellular,feb,2,271,3,failure,no,0,1,1,Medium,0,0,0.04824475
2707,40,management,married,tertiary,570,yes,no,unknown,may,2,-1,0,unknown,no,0,0,1,Low,0,0,0.01407769
2708,38,entrepreneur,married,tertiary,136,yes,yes,cellular,feb,2,-1,0,unknown,no,0,0,1,Low,0,0,0.029115219
2709,55,housemaid,divorced,primary,2014,no,no,unknown,jun,2,-1,0,unknown,no,0,0,0,Medium,0,0,0.023927415
2710,49,management,married,tertiary,108,no,no,cellular,aug,6,-1,0,unknown,no,0,0,0,Low,0,0,0.04341743
2711,38,management,single,tertiary,-119,yes,no,cellular,may,1,-1,0,unknown,no,0,0,1,Negative,0,0,0.13227226
2712,42,blue-collar,married,primary,-25,yes,no,unknown,may,2,-1,0,unknown,no,0,0,1,Negative,0,0,0.018492278
2713,57,technician,married,secondary,28,yes,no,cellular,may,1,358,1,failure,no,0,1,1,Low,0,0,0.018724699
2714,48,management,divorced,tertiary,64,no,yes,cellular,jul,6,-1,0,unknown,no,0,0,1,Low,0,0,0.03865247
2715,36,services,single,secondary,-295,yes,yes,unknown,may,3,-1,0,unknown,no,0,0,1,Negative,0,0,0.0033096734
2716,33,services,married,secondary,57,yes,yes,unknown,may,1,-1,0,unknown,no,0,0,1,Low,0,0,0.051151995
2717,60,retired,married,primary,22018,no,no,unknown,jun,2,-1,0,unknown,no,0,0,0,High,0,0,0.014896507
2718,38,admin.,single,secondary,3049,yes,yes,cellular,may,1,347,1,failure,no,0,1,1,Medium,0,0,0.054313153
2719,59,management,married,secondary,111,no,no,telephone,jul,2,381,3,failure,no,0,1,0,Low,0,0,0.08091094
2720,43,self-employed,married,tertiary,6424,no,no,cellular,nov,1,-1,0,unknown,no,0,0,0,High,0,0,0.066626266
2721,33,technician,married,secondary,-163,yes,yes,cellular,aug,2,-1,0,unknown,no,0,0,1,Negative,0,0,0.033100244
2722,37,admin.,divorced,secondary,673,yes,no,unknown,jun,2,-1,0,unknown,no,0,0,1,Low,0,0,0.044584636
2723,38,management,single,tertiary,6836,yes,no,unknown,may,4,-1,0,unknown,no,0,0,1,High,0,0,0.16073042
2724,51,technician,divorced,secondary,-113,no,yes,cellular,jul,4,-1,0,unknown,no,0,0,1,Negative,0,0,0.042399015
2725,50,technician,married,secondary,-70,no,no,cellular,aug,2,-1,0,unknown,no,0,0,0,Negative,0,0,0.0098712435
2726,46,management,married,secondary,0,no,no,telephone,aug,10,-1,0,unknown,no,0,0,0,Negative,0,0,0.022211304
2727,39,services,married,secondary,186,yes,no,cellular,apr,1,-1,0,unknown,no,0,0,1,Low,0,0,0.054134894
2728,58,management,married,tertiary,648,no,no,cellular,aug,2,-1,0,unknown,no,0,0,0,Low,0,0,0.06441387
2729,33,management,married,secondary,4040,yes,no,cellular,apr,2,-1,0,unknown,no,0,0,1,Medium,0,0,0.08949238
2730,60,blue-collar,married,primary,38,yes,no,cellular,may,11,373,1,other,no,0,1,1,Low,0,0,0.031489577
2731,40,admin.,married,secondary,0,no,no,cellular,jul,2,182,11,success,yes,1,1,0,Negative,1,1,0.9177092
2732,49,services,married,secondary,-507,no,no,telephone,jan,2,-1,0,unknown,no,0,0,0,Negative,0,0,0.013197336
2733,40,management,married,secondary,-240,no,yes,unknown,may,3,-1,0,unknown,no,0,0,1,Negative,0,0,0.005129339
2734,35,management,single,tertiary,1374,no,no,unknown,jun,2,-1,0,unknown,no,0,0,0,Medium,0,0,0.04871303
2735,51,blue-collar,married,secondary,397,yes,no,cellular,aug,2,-1,0,unknown,no,0,0,1,Low,0,0,0.043884143
2736,28,blue-collar,single,secondary,0,yes,no,unknown,may,1,-1,0,unknown,no,0,0,1,Negative,0,0,0.031820938
2737,32,technician,married,secondary,3155,yes,no,unknown,may,3,-1,0,unknown,no,0,0,1,Medium,0,0,0.04141814
2738,33,student,married,secondary,0,no,no,cellular,jul,1,-1,0,unknown,no,0,0,0,Negative,0,0,0.14714095
2739,56,management,married,tertiary,2551,yes,no,cellular,nov,2,-1,0,unknown,no,0,0,1,Medium,0,0,0.053718396
2740,40,technician,married,secondary,59,yes,no,unknown,jun,3,-1,0,unknown,no,0,0,1,Low,0,0,0.044455197
2741,59,housemaid,married,primary,418,no,no,cellular,aug,4,-1,0,unknown,no,0,0,0,Low,0,0,0.024891939
2742,31,technician,single,secondary,1188,yes,no,cellular,nov,1,-1,0,unknown,no,0,0,1,Medium,0,0,0.09288202
2743,29,admin.,single,secondary,306,yes,no,cellular,may,4,-1,0,unknown,yes,1,0,1,Low,1,0,0.10456638
2744,36,management,single,tertiary,876,yes,no,unknown,may,2,-1,0,unknown,no,0,0,1,Low,0,0,0.051606722
2745,54,technician,married,secondary,6,yes,no,cellular,may,1,367,1,failure,no,0,1,1,Low,0,0,0.019016875
2746,47,blue-collar,married,primary,613,yes,no,cellular,jan,3,255,2,other,no,0,1,1,Low,0,0,0.0072032893
2747,27,blue-collar,single,secondary,1,yes,no,cellular,jul,2,-1,0,unknown,no,0,0,1,Low,0,0,0.10395134
2748,48,blue-collar,married,unknown,459,no,no,cellular,feb,1,8,1,other,no,0,1,0,Low,0,0,0.10845152
2749,51,technician,divorced,tertiary,4143,no,no,cellular,nov,1,-1,0,unknown,no,0,0,0,Medium,0,0,0.13323043
2750,32,services,divorced,secondary,-115,yes,no,unknown,may,1,-1,0,unknown,no,0,0,1,Negative,0,0,0.049573414
2751,47,housemaid,married,tertiary,228,yes,no,cellular,nov,1,118,1,failure,no,0,1,1,Low,0,0,0.0071621477
2752,69,retired,married,unknown,426,no,no,telephone,sep,2,185,2,success,yes,1,1,0,Low,1,1,0.5362485
2753,40,admin.,married,secondary,79,yes,no,cellular,jul,3,-1,0,unknown,no,0,0,1,Low,0,0,0.04915742
2754,35,management,married,tertiary,71,yes,no,cellular,apr,2,-1,0,unknown,no,0,0,1,Low,0,0,0.33019516
2755,57,management,married,tertiary,1318,no,no,cellular,oct,1,185,2,failure,yes,1,1,0,Medium,1,0,0.22957568
2756,49,technician,married,secondary,10,no,no,cellular,aug,2,-1,0,unknown,no,0,0,0,Low,0,0,0.023116551
2757,26,student,single,secondary,279,no,no,cellular,may,3,-1,0,unknown,no,0,0,0,Low,0,0,0.15266226
2758,30,services,single,tertiary,1785,no,no,cellular,aug,2,-1,0,unknown,no,0,0,0,Medium,0,0,0.06614015
2759,58,management,married,tertiary,2764,no,no,cellular,nov,1,-1,0,unknown,no,0,0,0,Medium,0,0,0.07534923
2760,35,technician,divorced,secondary,89,no,no,cellular,aug,28,-1,0,unknown,no,0,0,0,Low,0,0,0.0034947696
2761,40,management,married,tertiary,7780,no,no,telephone,may,1,355,1,other,no,0,1,0,High,0,0,0.2701807
2762,31,management,single,tertiary,-234,yes,no,cellular,may,1,-1,0,unknown,no,0,0,1,Negative,0,0,0.06043805
2763,29,blue-collar,single,primary,269,no,no,telephone,feb,1,-1,0,unknown,no,0,0,0,Low,0,0,0.068796225
2764,58,management,married,secondary,835,no,no,unknown,jun,1,-1,0,unknown,no,0,0,0,Low,0,0,0.087844305
2765,40,blue-collar,single,unknown,-154,yes,yes,unknown,may,1,-1,0,unknown,no,0,0,1,Negative,0,0,0.011842263
2766,45,management,married,tertiary,-319,yes,no,unknown,may,1,-1,0,unknown,no,0,0,1,Negative,0,0,0.011183862
2767,59,entrepreneur,married,tertiary,-820,no,no,unknown,may,2,-1,0,unknown,no,0,0,0,Negative,0,0,0.022376962
2768,26,student,single,secondary,715,yes,no,unknown,jun,10,-1,0,unknown,no,0,0,1,Low,0,0,0.05853508
2769,57,retired,married,secondary,6610,no,no,cellular,aug,2,-1,0,unknown,no,0,0,0,High,0,0,0.077813186
2770,46,management,married,tertiary,1698,yes,no,cellular,feb,1,-1,0,unknown,no,0,0,1,Medium,0,0,0.10226808
2771,32,technician,single,tertiary,127,yes,no,cellular,aug,17,-1,0,unknown,no,0,0,1,Low,0,0,0.008395449
2772,36,services,married,secondary,8114,yes,no,unknown,jun,1,-1,0,unknown,no,0,0,1,High,0,0,0.0127787115
2773,32,management,married,tertiary,9214,no,yes,unknown,oct,1,-1,0,unknown,no,0,0,1,High,0,0,0.08598427
2774,44,management,married,tertiary,0,yes,yes,cellular,nov,1,-1,0,unknown,no,0,0,1,Negative,0,0,0.029268697
2775,44,management,married,tertiary,0,no,yes,cellular,jul,6,-1,0,unknown,no,0,0,1,Negative,0,0,0.037402947
2776,42,housemaid,single,primary,1179,yes,no,cellular,may,1,337,4,failure,no,0,1,1,Medium,0,0,0.06515383
2777,35,services,divorced,secondary,742,no,no,cellular,jul,7,-1,0,unknown,no,0,0,0,Low,0,0,0.038100205
2778,30,student,single,secondary,155,no,no,cellular,jun,3,-1,0,unknown,no,0,0,0,Low,0,1,0.5621182
2779,58,retired,divorced,primary,2538,yes,no,cellular,jul,6,-1,0,unknown,no,0,0,1,Medium,0,0,0.044308815
2780,45,management,married,secondary,0,yes,yes,cellular,jan,1,-1,0,unknown,no,0,0,1,Negative,0,0,0.018596029
2781,32,blue-collar,single,secondary,1402,yes,no,cellular,may,3,295,5,other,no,0,1,1,Medium,0,0,0.041991845
2782,32,blue-collar,married,primary,274,yes,no,unknown,may,3,-1,0,unknown,no,0,0,1,Low,0,0,0.027265694
2783,57,housemaid,divorced,primary,3063,no,no,unknown,jun,1,-1,0,unknown,no,0,0,0,Medium,0,0,0.04686768
2784,59,retired,married,unknown,1116,no,no,cellular,aug,2,99,1,failure,no,0,1,0,Medium,0,0,0.1783047
2785,40,blue-collar,married,secondary,440,yes,no,unknown,jun,2,-1,0,unknown,no,0,0,1,Low,0,0,0.053871926
2786,36,entrepreneur,married,secondary,246,yes,no,cellular,may,4,-1,0,unknown,no,0,0,1,Low,0,0,0.070666246
2787,55,retired,married,primary,868,no,no,unknown,jun,1,-1,0,unknown,no,0,0,0,Low,0,0,0.028004011
2788,53,technician,divorced,tertiary,2228,no,no,cellular,nov,1,-1,0,unknown,yes,1,0,0,Medium,1,0,0.10068177
2789,37,admin.,married,secondary,0,no,no,cellular,jul,4,-1,0,unknown,no,0,0,0,Negative,0,0,0.021955471
2790,34,entrepreneur,single,secondary,318,yes,no,cellular,nov,2,-1,0,unknown,no,0,0,1,Low,0,0,0.071937494
2791,57,retired,divorced,secondary,316,no,no,cellular,jan,2,-1,0,unknown,no,0,0,0,Low,0,0,0.08884592
2792,36,management,married,tertiary,0,yes,no,cellular,may,3,-1,0,unknown,yes,1,0,1,Negative,1,0,0.060140785
2793,41,self-employed,married,secondary,2812,yes,no,unknown,jun,1,-1,0,unknown,no,0,0,1,Medium,0,0,0.047368806
2794,43,entrepreneur,married,secondary,469,no,yes,cellular,aug,2,-1,0,unknown,no,0,0,1,Low,0,0,0.04349478
2795,26,technician,single,secondary,-859,yes,no,unknown,jun,1,-1,0,unknown,no,0,0,1,Negative,0,0,0.25042802
2796,27,management,married,secondary,-41,yes,no,unknown,may,1,-1,0,unknown,no,0,0,1,Negative,0,0,0.043149713
2797,32,blue-collar,married,primary,2085,yes,yes,cellular,nov,1,185,3,failure,no,0,1,1,Medium,0,0,0.008740934
2798,26,admin.,divorced,secondary,-45,yes,no,unknown,jun,2,-1,0,unknown,no,0,0,1,Negative,0,0,0.0980346
2799,58,management,married,tertiary,230,yes,no,telephone,jul,10,-1,0,unknown,no,0,0,1,Low,0,0,0.034032352
2800,43,technician,married,secondary,994,yes,yes,cellular,may,1,-1,0,unknown,no,0,0,1,Low,0,0,0.08186999
2801,40,management,married,tertiary,0,no,no,cellular,jul,5,-1,0,unknown,no,0,0,0,Negative,0,0,0.060811043
2802,41,admin.,divorced,secondary,8,no,no,cellular,feb,1,-1,0,unknown,no,0,0,0,Low,0,0,0.04412251
2803,27,entrepreneur,single,secondary,2,yes,no,cellular,jul,1,-1,0,unknown,no,0,0,1,Low,0,0,0.091024935
2804,60,retired,married,secondary,7038,no,no,telephone,oct,4,-1,0,unknown,no,0,0,0,High,0,0,0.2322847
2805,34,blue-collar,married,primary,351,no,yes,cellular,jul,11,-1,0,unknown,no,0,0,1,Low,0,0,0.2266329
2806,30,management,married,tertiary,604,no,no,cellular,aug,2,-1,0,unknown,no,0,0,0,Low,0,0,0.042462222
2807,34,blue-collar,divorced,secondary,368,no,yes,cellular,jul,1,-1,0,unknown,no,0,0,1,Low,0,0,0.082683034
2808,45,technician,married,secondary,256,no,no,cellular,aug,7,-1,0,unknown,no,0,0,0,Low,0,0,0.044913527
2809,28,technician,single,tertiary,-214,yes,no,cellular,jan,2,262,3,failure,no,0,1,1,Negative,0,0,0.0032723013
2810,26,technician,single,tertiary,36,no,yes,unknown,jul,2,-1,0,unknown,no,0,0,1,Low,0,0,0.030646482
2811,46,self-employed,married,secondary,0,no,yes,telephone,jul,2,-1,0,unknown,no,0,0,1,Negative,0,0,0.008016865
2812,39,blue-collar,married,primary,882,yes,no,unknown,may,4,-1,0,unknown,no,0,0,1,Low,0,0,0.021449642
2813,24,technician,single,secondary,288,yes,no,unknown,may,1,-1,0,unknown,no,0,0,1,Low,0,0,0.12296112
2814,35,management,single,tertiary,361,yes,no,cellular,aug,2,-1,0,unknown,no,0,0,1,Low,0,0,0.09587474
2815,34,services,married,secondary,798,yes,no,unknown,jun,2,-1,0,unknown,no,0,0,1,Low,0,0,0.0361199
2816,36,technician,married,secondary,6384,yes,yes,cellular,nov,1,-1,0,unknown,no,0,0,1,High,0,0,0.048129603
2817,37,technician,single,secondary,267,no,no,cellular,may,1,-1,0,unknown,no,0,0,0,Low,0,0,0.28955263
2818,31,admin.,married,secondary,314,yes,no,cellular,apr,1,-1,0,unknown,no,0,0,1,Low,0,0,0.05404726
2819,62,self-employed,divorced,secondary,0,yes,no,cellular,aug,1,-1,0,unknown,yes,1,0,1,Negative,1,1,0.52512676
2820,47,technician,married,tertiary,-744,yes,yes,cellular,nov,1,-1,0,unknown,no,0,0,1,Negative,0,0,0.11044719
2821,40,services,single,secondary,2936,no,no,unknown,jun,2,-1,0,unknown,no,0,0,0,Medium,0,0,0.04358266
2822,41,blue-collar,married,unknown,732,yes,no,unknown,may,1,-1,0,unknown,no,0,0,1,Low,0,0,0.042747293
2823,38,admin.,married,secondary,1767,yes,no,cellular,nov,7,-1,0,unknown,yes,1,0,1,Medium,1,0,0.39304182
2824,36,management,single,secondary,1785,no,no,cellular,nov,2,-1,0,unknown,no,0,0,0,Medium,0,0,0.103355914
2825,37,technician,married,secondary,2707,yes,no,telephone,jul,1,-1,0,unknown,no,0,0,1,Medium,0,0,0.08726242
2826,44,entrepreneur,married,secondary,781,no,yes,cellular,jul,2,-1,0,unknown,no,0,0,1,Low,0,0,0.11261843
2827,39,management,divorced,secondary,-17,no,no,cellular,apr,1,146,4,failure,no,0,1,0,Negative,0,0,0.07274583
2828,40,technician,married,secondary,694,yes,no,cellular,jun,2,119,9,failure,yes,1,1,1,Low,1,0,0.19297794
2829,31,blue-collar,single,secondary,-538,no,yes,cellular,feb,1,-1,0,unknown,no,0,0,1,Negative,0,0,0.051514324
2830,36,blue-collar,married,unknown,6,no,no,unknown,jun,7,-1,0,unknown,no,0,0,0,Low,0,0,0.030483697
2831,33,technician,single,tertiary,469,no,no,cellular,aug,9,-1,0,unknown,no,0,0,0,Low,0,0,0.07413977
2832,29,unemployed,married,primary,639,no,yes,cellular,feb,2,-1,0,unknown,no,0,0,1,Low,0,0,0.12327862
2833,43,management,divorced,tertiary,1052,no,no,unknown,jun,3,-1,0,unknown,no,0,0,0,Medium,0,0,0.13169889
2834,43,unknown,married,primary,0,yes,no,cellular,jul,1,-1,0,unknown,no,0,0,1,Negative,0,0,0.022357577
2835,26,student,single,secondary,-147,no,no,unknown,jun,2,-1,0,unknown,no,0,0,0,Negative,0,0,0.006178091
2836,59,retired,married,secondary,1723,no,no,unknown,jun,1,-1,0,unknown,no,0,0,0,Medium,0,0,0.047692996
2837,48,admin.,divorced,secondary,-212,yes,yes,unknown,may,1,-1,0,unknown,no,0,0,1,Negative,0,0,0.05454804
2838,28,student,single,secondary,689,no,no,cellular,feb,1,-1,0,unknown,no,0,0,0,Low,0,0,0.09871539
2839,38,services,married,secondary,309,no,no,unknown,jun,2,-1,0,unknown,no,0,0,0,Low,0,0,0.042609293
2840,47,technician,divorced,secondary,-767,no,yes,cellular,jul,3,-1,0,unknown,no,0,0,1,Negative,0,0,0.067818716
2841,48,technician,single,secondary,1245,no,no,cellular,oct,1,134,1,other,no,0,1,0,Medium,0,0,0.48399
2842,45,blue-collar,married,secondary,2603,yes,yes,cellular,aug,2,-1,0,unknown,no,0,0,1,Medium,0,0,0.056022372
2843,47,blue-collar,married,secondary,1021,no,no,cellular,aug,3,-1,0,unknown,no,0,0,0,Medium,0,0,0.10182311
2844,31,management,single,tertiary,1130,yes,no,cellular,apr,3,74,4,failure,no,0,1,1,Medium,0,0,0.082598485
2845,35,services,married,secondary,819,yes,no,telephone,jul,14,-1,0,unknown,no,0,0,1,Low,0,0,0.030797804
2846,51,management,divorced,secondary,-35,yes,no,cellular,may,1,263,5,failure,no,0,1,1,Negative,0,0,0.06940109
2847,37,blue-collar,married,secondary,685,yes,no,unknown,jun,1,-1,0,unknown,no,0,0,1,Low,0,0,0.052347213
2848,45,blue-collar,single,primary,4289,yes,no,unknown,jun,1,-1,0,unknown,no,0,0,1,Medium,0,0,0.0561073
2849,43,blue-collar,divorced,primary,515,yes,no,cellular,nov,1,-1,0,unknown,no,0,0,1,Low,0,0,0.043899752
2850,32,technician,married,secondary,0,yes,no,unknown,may,2,-1,0,unknown,no,0,0,1,Negative,0,0,0.01742472
2851,54,blue-collar,single,unknown,6622,no,no,unknown,jun,1,-1,0,unknown,no,0,0,0,High,0,0,0.01964749
2852,54,retired,married,primary,235,no,yes,cellular,jul,5,-1,0,unknown,no,0,0,1,Low,0,0,0.1277135
2853,34,blue-collar,divorced,secondary,-131,yes,no,cellular,may,1,356,1,failure,no,0,1,1,Negative,0,0,0.008594802
2854,48,management,married,secondary,117,yes,no,cellular,apr,1,-1,0,unknown,no,0,0,1,Low,0,0,0.084395535
2855,36,services,married,secondary,0,yes,no,cellular,jul,4,-1,0,unknown,no,0,0,1,Negative,0,0,0.09894964
2856,49,blue-collar,married,primary,-57,no,no,telephone,jul,2,-1,0,unknown,no,0,0,0,Negative,0,0,0.015475616
2857,30,admin.,single,tertiary,305,no,no,cellular,feb,2,-1,0,unknown,yes,1,0,0,Low,1,0,0.1389605
2858,24,services,single,secondary,1611,yes,no,unknown,may,1,-1,0,unknown,no,0,0,1,Medium,0,0,0.07596664
2859,30,admin.,married,secondary,667,yes,no,unknown,jun,2,-1,0,unknown,no,0,0,1,Low,0,0,0.07146554
2860,40,self-employed,single,tertiary,10346,no,no,cellular,jun,2,207,1,other,yes,1,1,0,High,1,0,0.4953235
2861,50,blue-collar,divorced,secondary,-441,yes,no,cellular,may,2,-1,0,unknown,no,0,0,1,Negative,0,0,0.16132909
2862,55,technician,divorced,secondary,184,no,no,unknown,may,1,-1,0,unknown,no,0,0,0,Low,0,0,0.060533386
2863,25,blue-collar,single,primary,15,no,no,cellular,jul,3,-1,0,unknown,no,0,0,0,Low,0,0,0.09067443
2864,61,technician,married,tertiary,0,no,no,cellular,apr,1,-1,0,unknown,no,0,0,0,Negative,0,1,0.61885655
2865,55,technician,married,secondary,517,yes,yes,cellular,feb,3,263,4,failure,no,0,1,1,Low,0,0,0.027432887
2866,53,unemployed,single,secondary,4,no,no,cellular,jul,3,-1,0,unknown,no,0,0,0,Low,0,0,0.1120906
2867,41,admin.,married,secondary,0,no,no,unknown,jun,1,-1,0,unknown,no,0,0,0,Negative,0,0,0.021500241
2868,29,blue-collar,married,secondary,137,yes,no,cellular,apr,2,316,3,other,no,0,1,1,Low,0,0,0.040616546
2869,28,services,single,secondary,47,no,no,cellular,jul,2,-1,0,unknown,no,0,0,0,Low,0,0,0.09513676
2870,29,management,single,tertiary,1351,no,no,cellular,mar,1,91,1,failure,no,0,1,0,Medium,0,0,0.47558996
2871,34,technician,married,secondary,672,no,no,cellular,jul,3,-1,0,unknown,no,0,0,0,Low,0,0,0.08691783
2872,50,management,married,tertiary,4045,no,no,unknown,jun,1,-1,0,unknown,no,0,0,0,Medium,0,0,0.049711548
2873,38,technician,married,unknown,573,yes,no,unknown,may,1,-1,0,unknown,no,0,0,1,Low,0,0,0.010807406
2874,40,management,married,tertiary,409,no,no,cellular,aug,2,-1,0,unknown,no,0,0,0,Low,0,0,0.059155263
2875,47,technician,divorced,tertiary,8,no,no,cellular,aug,2,-1,0,unknown,no,0,0,0,Low,0,0,0.042322822
2876,28,unemployed,married,tertiary,264,yes,no,unknown,may,2,-1,0,unknown,no,0,0,1,Low,0,0,0.030574948
2877,26,blue-collar,single,primary,-579,yes,no,unknown,may,3,-1,0,unknown,no,0,0,1,Negative,0,0,0.039103106
2878,57,blue-collar,married,primary,0,no,no,cellular,aug,3,-1,0,unknown,no,0,0,0,Negative,0,0,0.05176371
2879,52,management,married,tertiary,7900,yes,no,cellular,nov,2,-1,0,unknown,no,0,0,1,High,0,0,0.039517734
2880,48,technician,married,secondary,1637,yes,no,unknown,jun,10,-1,0,unknown,no,0,0,1,Medium,0,0,0.05355539
2881,36,management,married,tertiary,669,no,no,unknown,jun,1,-1,0,unknown,no,0,0,0,Low,0,0,0.05063154
2882,32,management,married,tertiary,396,yes,no,cellular,aug,3,-1,0,unknown,no,0,0,1,Low,0,0,0.03964239
2883,50,admin.,married,secondary,715,no,no,cellular,aug,13,-1,0,unknown,no,0,0,0,Low,0,0,0.033581745
2884,40,management,single,tertiary,269,yes,no,cellular,may,8,-1,0,unknown,no,0,0,1,Low,0,0,0.0575659
2885,29,unemployed,married,secondary,687,no,no,cellular,oct,2,88,6,other,no,0,1,0,Low,0,1,0.6391483
2886,60,management,divorced,primary,21,no,yes,telephone,jul,3,-1,0,unknown,no,0,0,1,Low,0,0,0.023695968
2887,29,services,single,secondary,271,yes,no,unknown,may,2,-1,0,unknown,yes,1,0,1,Low,1,0,0.04872659
2888,30,technician,single,secondary,3568,yes,no,cellular,apr,1,-1,0,unknown,no,0,0,1,Medium,0,0,0.11984568
2889,48,management,married,secondary,4415,yes,no,cellular,aug,6,-1,0,unknown,no,0,0,1,Medium,0,0,0.16514589
2890,33,technician,divorced,secondary,4369,yes,no,unknown,may,3,-1,0,unknown,no,0,0,1,Medium,0,0,0.10241726
2891,26,technician,single,secondary,1256,no,no,unknown,may,1,-1,0,unknown,no,0,0,0,Medium,0,0,0.059085216
2892,31,blue-collar,married,primary,124,yes,no,cellular,feb,1,264,4,failure,no,0,1,1,Low,0,0,0.048874985
2893,46,admin.,single,unknown,306,yes,no,cellular,may,5,-1,0,unknown,no,0,0,1,Low,0,0,0.045882292
2894,44,blue-collar,married,primary,318,no,no,telephone,jul,2,-1,0,unknown,no,0,0,0,Low,0,0,0.07060732
2895,35,blue-collar,divorced,secondary,0,yes,no,unknown,may,1,-1,0,unknown,no,0,0,1,Negative,0,0,0.032241
2896,52,services,divorced,primary,432,yes,yes,cellular,may,4,-1,0,unknown,no,0,0,1,Low,0,0,0.035263795
2897,59,retired,married,primary,0,yes,no,cellular,jul,7,-1,0,unknown,no,0,0,1,Negative,0,0,0.038639706
2898,49,management,married,tertiary,-470,yes,no,unknown,jun,1,-1,0,unknown,no,0,0,1,Negative,0,0,0.021348177
2899,59,retired,married,primary,0,no,no,unknown,jun,1,-1,0,unknown,no,0,0,0,Negative,0,0,0.02482566
2900,29,technician,divorced,secondary,328,yes,yes,cellular,feb,1,-1,0,unknown,no,0,0,1,Low,0,0,0.06479523
2901,36,management,divorced,secondary,47,no,no,unknown,jun,1,-1,0,unknown,no,0,0,0,Low,0,0,0.045953058
2902,42,entrepreneur,married,secondary,0,yes,no,cellular,apr,1,140,4,failure,yes,1,1,1,Negative,1,0,0.092055894
2903,55,technician,married,secondary,511,yes,no,cellular,jun,1,94,2,other,no,0,1,1,Low,0,0,0.30757874
2904,33,services,single,secondary,192,no,no,cellular,jul,1,-1,0,unknown,no,0,0,0,Low,0,0,0.15242742
2905,33,self-employed,married,secondary,711,yes,no,cellular,may,2,-1,0,unknown,no,0,0,1,Low,0,0,0.049136784
2906,54,retired,married,secondary,785,yes,no,unknown,may,2,-1,0,unknown,no,0,0,1,Low,0,0,0.022820238
2907,38,management,single,tertiary,2357,yes,no,cellular,jul,1,-1,0,unknown,no,0,0,1,Medium,0,0,0.115050346
2908,52,blue-collar,married,primary,522,yes,no,unknown,may,2,-1,0,unknown,no,0,0,1,Low,0,0,0.021439971
2909,33,technician,married,secondary,359,yes,no,cellular,apr,1,242,1,other,no,0,1,1,Low,0,0,0.053115148
2910,26,blue-collar,single,secondary,0,yes,no,cellular,may,1,-1,0,unknown,no,0,0,1,Negative,0,0,0.11633804
2911,60,technician,married,primary,2301,no,no,cellular,apr,2,-1,0,unknown,no,0,0,0,Medium,0,0,0.34017393
2912,40,management,married,tertiary,8963,no,no,cellular,jun,2,-1,0,unknown,no,0,0,0,High,0,0,0.3866065
2913,50,management,single,tertiary,267,no,no,unknown,jun,2,-1,0,unknown,no,0,0,0,Low,0,0,0.05462456
2914,40,services,married,secondary,293,no,no,telephone,feb,2,-1,0,unknown,no,0,0,0,Low,0,0,0.09118348
2915,44,management,married,tertiary,-367,yes,yes,cellular,nov,5,-1,0,unknown,no,0,0,1,Negative,0,0,0.08648358
2916,43,management,married,tertiary,370,no,no,cellular,aug,5,-1,0,unknown,no,0,0,0,Low,0,0,0.03467691
2917,48,blue-collar,married,secondary,904,yes,no,unknown,may,2,-1,0,unknown,no,0,0,1,Low,0,0,0.03282887
2918,39,services,married,secondary,0,yes,yes,unknown,may,3,-1,0,unknown,no,0,0,1,Negative,0,0,0.020739783
2919,43,self-employed,married,secondary,918,yes,no,unknown,may,1,-1,0,unknown,no,0,0,1,Low,0,0,0.02647677
2920,56,services,married,secondary,1860,yes,no,unknown,jun,5,-1,0,unknown,no,0,0,1,Medium,0,0,0.014095756
2921,25,self-employed,married,tertiary,1182,yes,no,unknown,may,2,-1,0,unknown,no,0,0,1,Medium,0,0,0.16066521
2922,34,blue-collar,single,secondary,-199,no,no,cellular,jul,10,-1,0,unknown,no,0,0,0,Negative,0,0,0.08086349
2923,57,blue-collar,married,primary,0,yes,no,unknown,may,3,-1,0,unknown,no,0,0,1,Negative,0,0,0.0070976075
2924,45,blue-collar,married,secondary,-258,yes,no,telephone,apr,5,-1,0,unknown,no,0,0,1,Negative,0,0,0.034542672
2925,48,management,married,secondary,99,yes,no,unknown,may,1,-1,0,unknown,no,0,0,1,Low,0,0,0.02756332
2926,30,management,single,secondary,7870,yes,no,cellular,aug,7,-1,0,unknown,no,0,0,1,High,0,0,0.0695448
2927,28,management,single,tertiary,355,yes,yes,unknown,may,4,-1,0,unknown,no,0,0,1,Low,0,0,0.019082252
2928,38,technician,married,tertiary,472,yes,no,cellular,apr,5,326,3,failure,no,0,1,1,Low,0,0,0.018384265
2929,40,technician,married,secondary,6,yes,no,cellular,jul,1,-1,0,unknown,no,0,0,1,Low,0,0,0.061454672
2930,36,management,single,unknown,62,no,no,cellular,apr,2,-1,0,unknown,yes,1,0,0,Low,1,0,0.4595374
2931,51,blue-collar,married,secondary,187,yes,no,cellular,aug,3,-1,0,unknown,no,0,0,1,Low,0,0,0.08858249
2932,32,management,single,tertiary,1962,no,no,cellular,jan,1,-1,0,unknown,no,0,0,0,Medium,0,1,0.7054261
2933,34,admin.,married,secondary,48,yes,no,cellular,may,2,287,3,other,yes,1,1,1,Low,1,0,0.041940007
2934,31,blue-collar,single,secondary,54,no,no,unknown,jun,3,-1,0,unknown,no,0,0,0,Low,0,0,0.075635016
2935,33,technician,married,tertiary,300,no,no,cellular,aug,3,-1,0,unknown,no,0,0,0,Low,0,0,0.121097334
2936,28,blue-collar,single,secondary,-46,yes,no,cellular,jun,2,91,12,success,yes,1,1,1,Negative,1,1,0.96999604
2937,35,technician,married,tertiary,8029,yes,no,cellular,may,1,285,4,success,no,0,1,1,High,0,1,0.8402711
2938,58,services,married,secondary,74,no,no,cellular,aug,2,-1,0,unknown,no,0,0,0,Low,0,0,0.023921069
2939,59,retired,married,primary,1245,no,no,unknown,jun,2,-1,0,unknown,no,0,0,0,Medium,0,0,0.047021925
2940,32,management,single,tertiary,19985,no,no,cellular,feb,5,-1,0,unknown,no,0,0,0,High,0,0,0.23937692
2941,34,self-employed,single,tertiary,1943,yes,no,cellular,apr,2,-1,0,unknown,no,0,0,1,Medium,0,0,0.099790014
2942,34,technician,married,secondary,260,yes,no,cellular,aug,2,-1,0,unknown,no,0,0,1,Low,0,0,0.05627933
2943,56,management,divorced,tertiary,2037,no,no,cellular,aug,1,91,6,failure,yes,1,1,0,Medium,1,0,0.35612836
2944,30,technician,single,tertiary,1081,no,no,cellular,aug,2,-1,0,unknown,no,0,0,0,Medium,0,0,0.114792146
2945,43,blue-collar,married,primary,3917,no,no,cellular,mar,1,-1,0,unknown,yes,1,0,0,Medium,1,1,0.50905526
2946,43,housemaid,married,primary,410,yes,yes,cellular,jul,2,-1,0,unknown,no,0,0,1,Low,0,0,0.03509465
2947,29,technician,married,secondary,1180,yes,no,cellular,apr,3,323,3,failure,yes,1,1,1,Medium,1,0,0.061868
2948,30,management,single,tertiary,35,no,no,cellular,jul,4,-1,0,unknown,no,0,0,0,Low,0,0,0.12147223
2949,36,blue-collar,married,unknown,-656,yes,no,unknown,may,2,-1,0,unknown,no,0,0,1,Negative,0,0,0.0039824005
2950,28,blue-collar,married,secondary,6,yes,no,unknown,may,1,-1,0,unknown,no,0,0,1,Low,0,0,0.020139202
2951,45,technician,married,secondary,3395,yes,no,unknown,may,1,-1,0,unknown,no,0,0,1,Medium,0,0,0.041731782
2952,29,services,single,unknown,33,no,no,unknown,jul,1,-1,0,unknown,no,0,0,0,Low,0,0,0.041858483
2953,37,management,married,tertiary,620,yes,no,cellular,nov,3,-1,0,unknown,no,0,0,1,Low,0,0,0.033533316
2954,38,blue-collar,single,secondary,2707,yes,no,cellular,jul,3,-1,0,unknown,no,0,0,1,Medium,0,0,0.08329977
2955,46,management,married,secondary,12186,no,no,unknown,jun,3,-1,0,unknown,no,0,0,0,High,0,0,0.023312483
2956,45,technician,married,secondary,1441,yes,no,cellular,nov,1,113,2,other,no,0,1,1,Medium,0,0,0.017941004
2957,30,entrepreneur,single,secondary,491,yes,no,unknown,may,4,-1,0,unknown,no,0,0,1,Low,0,0,0.045078926
2958,23,student,single,secondary,405,yes,no,unknown,may,3,-1,0,unknown,no,0,0,1,Low,0,0,0.026251167
2959,35,blue-collar,married,secondary,911,yes,no,cellular,may,2,175,7,failure,no,0,1,1,Low,0,0,0.10002008
2960,34,blue-collar,single,secondary,62,yes,no,cellular,may,1,-1,0,unknown,no,0,0,1,Low,0,0,0.18546198
2961,35,technician,single,secondary,1227,no,no,cellular,mar,4,90,6,other,yes,1,1,0,Medium,1,1,0.7611319
2962,40,blue-collar,married,secondary,1023,yes,no,cellular,may,5,336,11,other,no,0,1,1,Medium,0,0,0.030192371
2963,51,management,married,tertiary,409,yes,no,cellular,jan,1,-1,0,unknown,no,0,0,1,Low,0,0,0.024580697
2964,36,technician,single,secondary,54,no,no,cellular,may,1,-1,0,unknown,no,0,0,0,Low,0,0,0.13797447
2965,48,technician,married,secondary,219,yes,yes,unknown,may,4,-1,0,unknown,no,0,0,1,Low,0,0,0.013831969
2966,33,unemployed,single,tertiary,1974,no,no,cellular,aug,2,191,1,failure,yes,1,1,0,Medium,1,0,0.41149315
2967,36,management,married,tertiary,441,yes,yes,cellular,nov,2,-1,0,unknown,no,0,0,1,Low,0,0,0.035859406
2968,33,technician,single,secondary,3264,no,no,cellular,aug,4,-1,0,unknown,no,0,0,0,Medium,0,0,0.17166251
2969,41,management,married,secondary,1273,no,no,unknown,jun,3,-1,0,unknown,no,0,0,0,Medium,0,0,0.047836374
2970,37,services,married,secondary,692,yes,no,telephone,nov,1,-1,0,unknown,no,0,0,1,Low,0,0,0.042134997
2971,59,management,married,tertiary,20798,yes,no,cellular,nov,7,-1,0,unknown,no,0,0,1,High,0,0,0.021574832
2972,60,blue-collar,married,secondary,5450,no,no,cellular,aug,4,-1,0,unknown,no,0,0,0,High,0,0,0.09647686
2973,54,self-employed,married,secondary,153,yes,no,unknown,jun,1,-1,0,unknown,no,0,0,1,Low,0,0,0.032247346
2974,38,technician,married,secondary,581,yes,no,cellular,feb,2,272,1,failure,no,0,1,1,Low,0,0,0.016982626
2975,34,management,married,secondary,-294,yes,no,unknown,may,2,-1,0,unknown,no,0,0,1,Negative,0,0,0.0026570559
2976,43,technician,married,primary,-441,yes,no,cellular,jul,3,-1,0,unknown,no,0,0,1,Negative,0,0,0.025015289
2977,33,management,married,secondary,333,no,no,cellular,aug,6,-1,0,unknown,no,0,0,0,Low,0,0,0.034145076
2978,27,management,single,tertiary,948,yes,no,cellular,mar,2,207,1,failure,no,0,1,1,Low,0,0,0.32068485
2979,41,technician,married,tertiary,1517,no,no,cellular,aug,3,-1,0,unknown,yes,1,0,0,Medium,1,0,0.0963371
2980,52,technician,married,secondary,-38,no,no,unknown,jun,1,-1,0,unknown,no,0,0,0,Negative,0,0,0.03586898
2981,26,student,single,tertiary,294,no,no,cellular,dec,2,-1,0,unknown,yes,1,0,0,Low,1,1,0.6443086
2982,53,technician,divorced,tertiary,6503,yes,no,cellular,nov,1,-1,0,unknown,no,0,0,1,High,0,0,0.08649464
2983,39,management,married,secondary,0,no,no,cellular,jan,2,-1,0,unknown,no,0,0,0,Negative,0,0,0.026145587
2984,24,management,single,tertiary,1506,no,no,cellular,jun,2,95,4,success,yes,1,1,0,Medium,1,0,0.47789028
2985,27,self-employed,single,tertiary,560,no,no,telephone,sep,9,465,2,failure,no,0,1,0,Low,0,0,0.027133498
2986,40,management,single,tertiary,1820,yes,yes,unknown,jun,3,-1,0,unknown,no,0,0,1,Medium,0,0,0.035927612
2987,37,management,married,tertiary,900,yes,no,cellular,may,1,18,3,failure,no,0,1,1,Low,0,0,0.21823251
2988,33,management,single,tertiary,-61,no,no,unknown,may,2,-1,0,unknown,no,0,0,0,Negative,0,0,0.009080253
2989,39,blue-collar,single,primary,6,yes,no,cellular,nov,2,-1,0,unknown,no,0,0,1,Low,0,0,0.054302108
2990,74,retired,married,primary,4286,no,no,cellular,sep,1,-1,0,unknown,no,0,0,0,Medium,0,1,0.6336607
2991,34,services,divorced,tertiary,800,yes,yes,cellular,may,2,-1,0,unknown,no,0,0,1,Low,0,0,0.082022704
2992,30,technician,divorced,secondary,3100,yes,no,unknown,may,4,-1,0,unknown,no,0,0,1,Medium,0,0,0.041968785
2993,44,management,married,tertiary,-61,no,no,cellular,aug,1,-1,0,unknown,no,0,0,0,Negative,0,0,0.03987878
2994,38,services,married,secondary,5000,no,no,cellular,dec,5,536,5,failure,no,0,1,0,Medium,0,0,0.41298014
2995,26,student,single,secondary,1346,no,no,cellular,jan,2,-1,0,unknown,no,0,0,0,Medium,0,0,0.07249406
2996,34,services,single,secondary,49,no,yes,cellular,jul,1,-1,0,unknown,no,0,0,1,Low,0,0,0.123309486
2997,35,technician,single,secondary,300,yes,no,unknown,may,4,-1,0,unknown,no,0,0,1,Low,0,0,0.0384876
2998,51,admin.,married,secondary,907,yes,no,telephone,jul,3,-1,0,unknown,no,0,0,1,Low,0,0,0.047094863
2999,30,technician,single,secondary,3,no,no,cellular,aug,6,-1,0,unknown,no,0,0,0,Low,0,0,0.022144781
3000,21,student,single,secondary,216,no,no,cellular,aug,1,-1,0,unknown,yes,1,0,0,Low,1,0,0.19922443
3001,58,admin.,married,secondary,2,yes,yes,telephone,jul,9,-1,0,unknown,no,0,0,1,Low,0,0,0.01637784
3002,50,entrepreneur,single,primary,1659,no,no,unknown,jun,2,-1,0,unknown,no,0,0,0,Medium,0,0,0.050285548
3003,35,blue-collar,married,secondary,-17,yes,no,unknown,jul,1,-1,0,unknown,no,0,0,1,Negative,0,0,0.021256348
3004,42,blue-collar,married,primary,-571,yes,yes,telephone,nov,2,179,4,failure,no,0,1,1,Negative,0,0,0.051823042
3005,33,technician,married,secondary,-160,yes,no,cellular,jul,5,-1,0,unknown,no,0,0,1,Negative,0,0,0.011884482
3006,59,retired,married,secondary,1250,no,yes,telephone,jul,2,-1,0,unknown,no,0,0,1,Medium,0,0,0.077624656
3007,31,admin.,married,secondary,454,yes,no,unknown,jun,1,-1,0,unknown,no,0,0,1,Low,0,0,0.06681686
3008,48,technician,divorced,secondary,353,no,no,cellular,aug,1,-1,0,unknown,no,0,0,0,Low,0,0,0.15279628
3009,40,admin.,single,unknown,419,yes,no,unknown,may,3,-1,0,unknown,no,0,0,1,Low,0,0,0.033815306
3010,50,management,married,tertiary,2050,no,no,cellular,aug,3,-1,0,unknown,no,0,0,0,Medium,0,0,0.11987781
3011,46,management,married,unknown,2466,no,no,telephone,apr,3,370,1,failure,yes,1,1,0,Medium,1,0,0.30801696
3012,42,admin.,divorced,secondary,-551,yes,yes,unknown,may,6,-1,0,unknown,no,0,0,1,Negative,0,0,0.009914236
3013,58,services,divorced,secondary,796,no,no,cellular,aug,7,-1,0,unknown,no,0,0,0,Low,0,0,0.061231203
3014,49,blue-collar,married,primary,2,yes,no,unknown,jun,20,-1,0,unknown,no,0,0,1,Low,0,0,0.00041101247
3015,57,technician,divorced,secondary,372,no,no,cellular,aug,4,-1,0,unknown,no,0,0,0,Low,0,0,0.06649171
3016,47,blue-collar,divorced,secondary,65,yes,no,unknown,may,1,-1,0,unknown,no,0,0,1,Low,0,0,0.043634105
3017,55,admin.,married,secondary,1633,no,no,cellular,jan,1,192,2,success,yes,1,1,0,Medium,1,1,0.86142194
3018,44,blue-collar,married,primary,749,yes,no,unknown,jun,2,-1,0,unknown,no,0,0,1,Low,0,0,0.049309798
3019,70,retired,married,primary,3782,no,no,cellular,mar,1,-1,0,unknown,no,0,0,0,Medium,0,0,0.43409365
3020,29,blue-collar,single,tertiary,98,no,no,cellular,aug,2,-1,0,unknown,no,0,0,0,Low,0,0,0.12054579
3021,29,admin.,married,secondary,5605,yes,no,unknown,may,2,-1,0,unknown,no,0,0,1,High,0,0,0.034961417
3022,37,technician,married,secondary,-318,no,no,cellular,aug,20,-1,0,unknown,no,0,0,0,Negative,0,0,0.0011461338
3023,40,management,married,tertiary,60,no,no,unknown,jun,6,-1,0,unknown,no,0,0,0,Low,0,0,0.029325163
3024,60,admin.,divorced,unknown,791,yes,no,unknown,may,1,-1,0,unknown,no,0,0,1,Low,0,0,0.05784926
3025,41,services,married,secondary,7509,no,no,unknown,jun,1,-1,0,unknown,no,0,0,0,High,0,0,0.016245758
3026,31,management,married,tertiary,50,no,no,cellular,aug,5,-1,0,unknown,no,0,0,0,Low,0,0,0.079433896
3027,58,management,married,primary,76,yes,no,telephone,may,4,-1,0,unknown,no,0,0,1,Low,0,0,0.016818717
3028,35,blue-collar,single,secondary,-947,yes,no,cellular,may,4,362,3,failure,no,0,1,1,Negative,0,0,0.01934078
3029,56,services,married,secondary,1121,yes,no,unknown,may,2,-1,0,unknown,no,0,0,1,Medium,0,0,0.0212006
3030,30,management,single,tertiary,329,yes,no,unknown,jun,16,-1,0,unknown,no,0,0,1,Low,0,0,0.3741555
3031,59,blue-collar,married,primary,8562,no,no,unknown,jun,2,-1,0,unknown,no,0,0,0,High,0,0,0.07854031
3032,31,blue-collar,married,primary,0,no,no,unknown,jun,5,-1,0,unknown,no,0,0,0,Negative,0,0,0.06533075
3033,59,self-employed,married,tertiary,6237,yes,no,cellular,may,1,169,2,failure,no,0,1,1,High,0,0,0.088306315
3034,33,blue-collar,married,secondary,-208,yes,yes,cellular,may,3,360,1,failure,no,0,1,1,Negative,0,0,0.1518566
3035,23,admin.,single,secondary,589,yes,no,cellular,may,1,-1,0,unknown,no,0,0,1,Low,0,0,0.082549
3036,52,management,married,unknown,414,yes,no,cellular,jul,1,-1,0,unknown,no,0,0,1,Low,0,0,0.025412336
3037,30,services,married,primary,-286,yes,no,unknown,may,1,-1,0,unknown,no,0,0,1,Negative,0,0,0.016931748
3038,29,technician,single,tertiary,218,yes,no,cellular,apr,1,-1,0,unknown,no,0,0,1,Low,0,0,0.13786697
3039,44,technician,married,secondary,267,no,yes,cellular,aug,3,-1,0,unknown,no,0,0,1,Low,0,0,0.07120804
3040,33,management,married,tertiary,519,no,no,cellular,aug,3,-1,0,unknown,no,0,0,0,Low,0,0,0.13124003
3041,27,admin.,married,secondary,1475,yes,no,unknown,may,1,-1,0,unknown,no,0,0,1,Medium,0,0,0.025891528
3042,48,blue-collar,married,secondary,1039,yes,no,cellular,nov,1,-1,0,unknown,no,0,0,1,Medium,0,0,0.04167395
3043,32,management,single,tertiary,6542,yes,no,cellular,may,4,175,5,failure,yes,1,1,1,High,1,0,0.2892023
3044,39,unemployed,married,primary,408,yes,no,unknown,may,1,-1,0,unknown,no,0,0,1,Low,0,0,0.015971318
3045,77,retired,married,primary,121,no,no,telephone,oct,1,-1,0,unknown,no,0,0,0,Low,0,0,0.06167254
3046,33,admin.,married,secondary,1737,no,no,cellular,aug,2,106,2,failure,no,0,1,0,Medium,0,0,0.073054165
3047,47,unemployed,single,primary,7351,no,no,cellular,feb,3,-1,0,unknown,no,0,0,0,High,0,0,0.06459391
3048,30,blue-collar,married,primary,374,yes,no,cellular,jul,2,-1,0,unknown,no,0,0,1,Low,0,0,0.062463254
3049,32,technician,single,secondary,540,no,yes,cellular,jan,1,-1,0,unknown,yes,1,0,1,Low,1,0,0.023184368
3050,43,management,married,tertiary,177,yes,no,cellular,jul,1,-1,0,unknown,no,0,0,1,Low,0,0,0.022476222
3051,54,technician,married,secondary,187,no,yes,cellular,jul,3,-1,0,unknown,no,0,0,1,Low,0,0,0.06658837
3052,46,blue-collar,married,secondary,870,no,yes,cellular,jul,2,-1,0,unknown,no,0,0,1,Low,0,0,0.024052909
3053,32,blue-collar,single,secondary,400,no,no,cellular,may,3,-1,0,unknown,yes,1,0,0,Low,1,0,0.1786406
3054,55,technician,divorced,tertiary,0,no,no,cellular,aug,1,-1,0,unknown,yes,1,0,0,Negative,1,0,0.10730051
3055,49,technician,single,secondary,74,yes,no,unknown,may,1,-1,0,unknown,no,0,0,1,Low,0,0,0.03761325
3056,31,services,single,secondary,278,no,no,cellular,may,3,-1,0,unknown,no,0,0,0,Low,0,0,0.16082521
3057,37,management,married,tertiary,0,no,no,cellular,nov,1,123,2,failure,no,0,1,0,Negative,0,0,0.05461619
3058,57,blue-collar,married,secondary,5553,no,yes,unknown,jun,1,-1,0,unknown,no,0,0,1,High,0,0,0.019730473
3059,47,management,single,tertiary,334,yes,no,cellular,mar,1,326,8,failure,yes,1,1,1,Low,1,0,0.21175842
3060,36,admin.,married,secondary,976,no,no,unknown,jun,5,-1,0,unknown,no,0,0,0,Low,0,0,0.03863114
3061,54,retired,married,secondary,-488,no,yes,unknown,jul,2,-1,0,unknown,no,0,0,1,Negative,0,0,0.011394411
3062,66,retired,married,secondary,3409,no,no,cellular,nov,2,27,6,failure,no,0,1,0,Medium,0,0,0.46938035
3063,54,admin.,married,secondary,1335,yes,no,cellular,jul,1,-1,0,unknown,no,0,0,1,Medium,0,0,0.051850002
3064,34,management,single,tertiary,138,yes,no,cellular,may,5,-1,0,unknown,no,0,0,1,Low,0,0,0.08283999
3065,41,admin.,married,secondary,124,yes,no,cellular,may,3,-1,0,unknown,no,0,0,1,Low,0,0,0.0758639
3066,51,blue-collar,married,primary,863,no,no,cellular,nov,1,189,2,other,no,0,1,0,Low,0,0,0.08972502
3067,36,blue-collar,married,secondary,414,no,no,cellular,feb,3,-1,0,unknown,no,0,0,0,Low,0,0,0.118735634
3068,59,admin.,married,secondary,-396,yes,no,unknown,may,1,-1,0,unknown,no,0,0,1,Negative,0,0,0.013913451
3069,51,blue-collar,married,primary,720,no,no,cellular,jul,5,-1,0,unknown,no,0,0,0,Low,0,0,0.07602536
3070,45,technician,married,secondary,1081,yes,no,cellular,jul,3,-1,0,unknown,no,0,0,1,Medium,0,0,0.069768555
3071,30,blue-collar,married,secondary,7,yes,no,cellular,jul,4,-1,0,unknown,no,0,0,1,Low,0,0,0.026877947
3072,30,technician,married,tertiary,0,no,no,cellular,aug,5,-1,0,unknown,no,0,0,0,Negative,0,0,0.08252677
3073,39,services,married,secondary,247,yes,no,cellular,apr,2,-1,0,unknown,no,0,0,1,Low,0,0,0.040236544
3074,32,management,married,tertiary,1230,yes,no,cellular,feb,3,253,4,failure,no,0,1,1,Medium,0,0,0.1487821
3075,37,management,married,tertiary,0,no,no,unknown,jun,6,-1,0,unknown,yes,1,0,0,Negative,1,0,0.03469526
3076,24,technician,single,secondary,2355,yes,no,unknown,jun,3,-1,0,unknown,no,0,0,1,Medium,0,0,0.036432374
3077,45,management,single,secondary,5993,no,no,cellular,jun,1,-1,0,unknown,no,0,0,0,High,0,0,0.2144061
3078,30,admin.,married,tertiary,42,yes,yes,cellular,nov,1,-1,0,unknown,no,0,0,1,Low,0,0,0.2500751
3079,43,blue-collar,married,primary,1794,yes,no,unknown,jun,1,-1,0,unknown,no,0,0,1,Medium,0,0,0.047629036
3080,32,technician,married,secondary,908,yes,no,unknown,may,1,-1,0,unknown,no,0,0,1,Low,0,0,0.026327781
3081,22,admin.,single,secondary,1157,yes,yes,cellular,may,2,-1,0,unknown,no,0,0,1,Medium,0,0,0.09080485
3082,31,self-employed,single,secondary,202,yes,no,cellular,nov,1,-1,0,unknown,no,0,0,1,Low,0,0,0.057546426
3083,49,self-employed,single,secondary,766,yes,no,cellular,jul,4,-1,0,unknown,no,0,0,1,Low,0,0,0.05795284
3084,42,management,married,unknown,933,no,no,cellular,may,1,-1,0,unknown,no,0,0,0,Low,0,0,0.21328868
3085,30,housemaid,married,secondary,533,yes,no,cellular,jun,1,-1,0,unknown,no,0,0,1,Low,0,0,0.13820764
3086,34,entrepreneur,married,tertiary,0,yes,no,telephone,nov,1,-1,0,unknown,no,0,0,1,Negative,0,0,0.20022367
3087,43,management,married,primary,88,no,yes,cellular,may,1,-1,0,unknown,no,0,0,1,Low,0,0,0.040931735
3088,39,blue-collar,married,secondary,2299,yes,no,cellular,apr,1,271,1,failure,no,0,1,1,Medium,0,0,0.017206915
3089,37,self-employed,married,tertiary,1624,yes,no,cellular,nov,2,-1,0,unknown,no,0,0,1,Medium,0,0,0.066388555
3090,53,services,married,secondary,1378,yes,no,cellular,jul,2,-1,0,unknown,no,0,0,1,Medium,0,0,0.06662633
3091,33,management,single,tertiary,0,no,no,unknown,may,1,-1,0,unknown,no,0,0,0,Negative,0,0,0.01543562
3092,59,management,married,tertiary,98417,no,no,telephone,nov,5,-1,0,unknown,no,0,0,0,High,0,0,0.025924953
3093,33,management,single,tertiary,8514,no,no,cellular,aug,1,-1,0,unknown,no,0,0,0,High,0,0,0.19104181
3094,25,blue-collar,married,secondary,192,yes,no,unknown,may,3,-1,0,unknown,no,0,0,1,Low,0,0,0.035762686
3095,35,technician,single,secondary,317,yes,no,unknown,may,2,-1,0,unknown,no,0,0,1,Low,0,0,0.035949394
3096,37,management,married,tertiary,292,no,no,cellular,aug,2,-1,0,unknown,no,0,0,0,Low,0,0,0.063337296
3097,39,blue-collar,married,primary,0,yes,no,cellular,jul,2,-1,0,unknown,no,0,0,1,Negative,0,0,0.036984473
3098,35,management,married,tertiary,552,yes,yes,cellular,jul,1,-1,0,unknown,no,0,0,1,Low,0,0,0.06628371
3099,37,housemaid,married,primary,577,no,no,cellular,jul,2,-1,0,unknown,no,0,0,0,Low,0,0,0.036321864
3100,83,retired,married,tertiary,4761,no,no,telephone,mar,1,-1,0,unknown,yes,1,0,0,Medium,1,1,0.70642316
3101,56,unknown,married,unknown,33,no,no,telephone,jul,15,-1,0,unknown,no,0,0,0,Low,0,0,0.002914982
3102,32,management,divorced,tertiary,4393,no,no,cellular,aug,3,-1,0,unknown,no,0,0,0,Medium,0,0,0.28618065
3103,26,management,married,secondary,288,yes,no,cellular,jul,1,-1,0,unknown,no,0,0,1,Low,0,0,0.04545775
3104,48,admin.,married,secondary,749,yes,no,unknown,jun,3,-1,0,unknown,no,0,0,1,Low,0,0,0.01763069
3105,24,admin.,single,secondary,3505,yes,no,cellular,may,1,355,1,other,no,0,1,1,Medium,0,0,0.35616106
3106,36,technician,married,secondary,0,yes,no,cellular,jul,5,-1,0,unknown,no,0,0,1,Negative,0,0,0.051173802
3107,43,management,single,tertiary,2067,yes,no,unknown,may,1,-1,0,unknown,yes,1,0,1,Medium,1,0,0.024659654
3108,33,technician,single,secondary,315,yes,no,cellular,may,3,374,2,other,no,0,1,1,Low,0,0,0.3283185
3109,38,management,married,unknown,1349,yes,no,unknown,may,1,-1,0,unknown,no,0,0,1,Medium,0,0,0.028598936
3110,30,services,married,secondary,-298,no,yes,cellular,jul,1,-1,0,unknown,no,0,0,1,Negative,0,0,0.03142343
3111,34,blue-collar,single,primary,245,yes,no,unknown,may,3,-1,0,unknown,no,0,0,1,Low,0,0,0.059747532
3112,31,student,married,tertiary,0,no,no,cellular,may,2,367,4,other,no,0,1,0,Negative,0,0,0.102873914
3113,41,housemaid,single,secondary,231,no,no,cellular,jul,2,-1,0,unknown,no,0,0,0,Low,0,0,0.056617662
3114,46,management,married,secondary,766,yes,no,unknown,jul,1,-1,0,unknown,no,0,0,1,Low,0,0,0.04195405
3115,54,blue-collar,divorced,primary,4401,no,no,telephone,may,1,183,2,success,yes,1,1,0,Medium,1,1,0.8341054
3116,30,technician,married,secondary,239,yes,no,cellular,apr,3,150,10,failure,no,0,1,1,Low,0,0,0.09706801
3117,26,blue-collar,single,secondary,81,no,yes,cellular,jul,2,-1,0,unknown,yes,1,0,1,Low,1,0,0.19102469
3118,31,blue-collar,married,secondary,-282,yes,yes,unknown,jun,1,-1,0,unknown,no,0,0,1,Negative,0,0,0.02798489
3119,50,unemployed,married,tertiary,377,no,no,cellular,apr,1,319,3,failure,no,0,1,0,Low,0,0,0.21204597
3120,35,blue-collar,married,unknown,1662,no,no,cellular,jul,2,-1,0,unknown,no,0,0,0,Medium,0,0,0.07179152
3121,42,technician,married,secondary,613,yes,no,cellular,may,2,-1,0,unknown,no,0,0,1,Low,0,0,0.06584023
3122,51,services,married,secondary,53,no,yes,cellular,jul,1,-1,0,unknown,no,0,0,1,Low,0,0,0.04130757
3123,29,management,single,tertiary,2753,no,no,cellular,apr,1,-1,0,unknown,yes,1,0,0,Medium,1,1,0.586297
3124,32,technician,married,tertiary,514,yes,no,unknown,may,2,-1,0,unknown,no,0,0,1,Low,0,0,0.02985191
3125,33,technician,single,secondary,486,yes,no,unknown,may,2,-1,0,unknown,no,0,0,1,Low,0,0,0.05838974
3126,46,blue-collar,married,primary,1,yes,yes,telephone,jul,7,-1,0,unknown,no,0,0,1,Low,0,0,0.04521163
3127,32,management,single,tertiary,2629,no,no,cellular,aug,4,-1,0,unknown,no,0,0,0,Medium,0,0,0.09387405
3128,40,blue-collar,divorced,secondary,793,yes,no,unknown,may,1,-1,0,unknown,no,0,0,1,Low,0,0,0.09010069
3129,48,technician,married,tertiary,16,no,no,cellular,aug,2,-1,0,unknown,no,0,0,0,Low,0,0,0.031092163
3130,37,blue-collar,married,primary,0,yes,no,unknown,may,1,-1,0,unknown,no,0,0,1,Negative,0,0,0.014446964
3131,37,blue-collar,divorced,secondary,33,yes,no,unknown,jun,1,-1,0,unknown,no,0,0,1,Low,0,0,0.044819806
3132,57,retired,married,secondary,0,no,yes,unknown,jun,2,-1,0,unknown,no,0,0,1,Negative,0,0,0.022064101
3133,29,management,single,tertiary,265,no,no,cellular,aug,2,94,1,success,yes,1,1,0,Low,1,1,0.6267225
3134,32,management,married,tertiary,2853,yes,yes,cellular,feb,1,-1,0,unknown,no,0,0,1,Medium,0,0,0.06938659
3135,41,management,divorced,tertiary,4495,yes,no,cellular,aug,5,-1,0,unknown,no,0,0,1,Medium,0,0,0.0872833
3136,41,management,single,tertiary,0,no,no,cellular,jul,4,-1,0,unknown,no,0,0,0,Negative,0,0,0.051971626
3137,47,admin.,married,secondary,3936,yes,no,telephone,jul,2,-1,0,unknown,no,0,0,1,Medium,0,0,0.028762767
3138,58,management,married,secondary,111,no,no,telephone,jun,1,90,2,failure,no,0,1,0,Low,0,0,0.36236903
3139,54,blue-collar,divorced,secondary,462,yes,no,unknown,may,3,-1,0,unknown,no,0,0,1,Low,0,0,0.07707054
3140,41,blue-collar,married,primary,219,no,yes,unknown,jun,3,-1,0,unknown,yes,1,0,1,Low,1,0,0.036550816
3141,35,technician,single,secondary,365,yes,no,unknown,may,2,-1,0,unknown,no,0,0,1,Low,0,0,0.031196099
3142,33,management,single,tertiary,0,no,no,cellular,aug,4,-1,0,unknown,no,0,0,0,Negative,0,0,0.044406325
3143,34,blue-collar,married,primary,425,yes,no,unknown,may,6,-1,0,unknown,no,0,0,1,Low,0,0,0.017602403
3144,67,retired,married,unknown,2540,no,no,telephone,jun,5,116,4,other,yes,1,1,0,Medium,1,0,0.26348835
3145,36,blue-collar,married,secondary,141,yes,no,unknown,may,3,-1,0,unknown,no,0,0,1,Low,0,0,0.04500007
3146,56,technician,married,secondary,803,no,no,cellular,nov,2,-1,0,unknown,no,0,0,0,Low,0,0,0.0625858
3147,32,services,single,secondary,717,no,no,cellular,jan,2,-1,0,unknown,no,0,0,0,Low,0,0,0.039716855
3148,54,management,married,secondary,1660,no,no,cellular,nov,3,-1,0,unknown,no,0,0,0,Medium,0,0,0.06455824
3149,57,admin.,divorced,secondary,658,no,no,cellular,jul,1,-1,0,unknown,yes,1,0,0,Low,1,0,0.22464088
3150,37,entrepreneur,single,secondary,20453,yes,no,telephone,may,1,-1,0,unknown,no,0,0,1,High,0,0,0.13616274
3151,54,management,divorced,tertiary,0,no,yes,cellular,jul,1,-1,0,unknown,no,0,0,1,Negative,0,0,0.045555435
3152,45,services,divorced,secondary,1381,no,no,unknown,jun,2,-1,0,unknown,no,0,0,0,Medium,0,0,0.056632947
3153,54,entrepreneur,married,tertiary,84,no,no,cellular,jul,2,-1,0,unknown,no,0,0,0,Low,0,0,0.05558962
3154,28,technician,married,secondary,7102,yes,no,cellular,apr,3,325,9,failure,no,0,1,1,High,0,0,0.23530538
3155,82,housemaid,married,primary,2140,no,no,telephone,apr,6,-1,0,unknown,no,0,0,0,Medium,0,0,0.17125683
3156,33,services,single,tertiary,1268,yes,no,cellular,may,1,350,1,other,no,0,1,1,Medium,0,0,0.046044458
3157,37,management,single,tertiary,1572,no,no,cellular,aug,6,-1,0,unknown,no,0,0,0,Medium,0,0,0.1057237
3158,38,services,married,secondary,393,no,no,unknown,jun,3,-1,0,unknown,no,0,0,0,Low,0,0,0.044793833
3159,38,blue-collar,married,secondary,56,yes,no,cellular,jul,2,-1,0,unknown,no,0,0,1,Low,0,0,0.04525575
3160,56,retired,married,tertiary,478,no,no,cellular,feb,1,-1,0,unknown,no,0,0,0,Low,0,0,0.18153171
3161,51,management,married,secondary,1161,yes,no,unknown,may,1,-1,0,unknown,no,0,0,1,Medium,0,0,0.01804175
3162,57,services,married,secondary,1113,no,no,cellular,aug,20,-1,0,unknown,no,0,0,0,Medium,0,0,0.01148906
3163,36,blue-collar,married,secondary,342,yes,yes,unknown,may,3,-1,0,unknown,no,0,0,1,Low,0,0,0.040886946
3164,28,services,single,secondary,6332,yes,no,unknown,may,4,-1,0,unknown,no,0,0,1,High,0,0,0.062374398
3165,28,student,single,secondary,2351,no,no,telephone,oct,1,-1,0,unknown,yes,1,0,0,Medium,1,0,0.13473532
3166,33,blue-collar,married,primary,158,yes,no,cellular,feb,1,264,4,failure,no,0,1,1,Low,0,0,0.048073754
3167,41,blue-collar,married,primary,348,yes,no,unknown,may,2,-1,0,unknown,no,0,0,1,Low,0,0,0.031932864
3168,35,unemployed,married,primary,4564,yes,no,telephone,feb,1,-1,0,unknown,no,0,0,1,Medium,0,0,0.03138825
3169,50,blue-collar,married,secondary,-812,no,yes,cellular,feb,8,-1,0,unknown,no,0,0,1,Negative,0,0,0.009420721
3170,51,management,single,tertiary,1202,yes,no,cellular,nov,1,-1,0,unknown,no,0,0,1,Medium,0,0,0.059594158
3171,42,management,married,tertiary,0,no,no,unknown,may,12,-1,0,unknown,no,0,0,0,Negative,0,0,0.0036460387
3172,37,management,married,secondary,10,no,yes,cellular,feb,1,250,2,failure,no,0,1,1,Low,0,0,0.012001655
3173,60,management,divorced,tertiary,20,no,yes,telephone,jul,3,-1,0,unknown,no,0,0,1,Low,0,0,0.017713733
3174,32,management,single,secondary,86,yes,no,cellular,nov,1,-1,0,unknown,no,0,0,1,Low,0,0,0.07586176
3175,31,technician,married,secondary,134,no,yes,unknown,jul,6,-1,0,unknown,no,0,0,1,Low,0,0,0.08536572
3176,49,blue-collar,divorced,secondary,848,yes,no,unknown,jun,1,-1,0,unknown,no,0,0,1,Low,0,0,0.04847604
3177,47,services,married,secondary,600,yes,yes,cellular,may,8,-1,0,unknown,no,0,0,1,Low,0,0,0.03279684
3178,58,management,divorced,tertiary,26254,yes,no,unknown,oct,1,-1,0,unknown,no,0,0,1,High,0,1,0.7238074
3179,54,blue-collar,married,primary,532,no,no,telephone,jul,2,-1,0,unknown,no,0,0,0,Low,0,0,0.028816283
3180,31,blue-collar,married,secondary,0,yes,no,unknown,may,1,-1,0,unknown,no,0,0,1,Negative,0,0,0.018678464
3181,25,services,married,secondary,4522,yes,no,cellular,may,4,-1,0,unknown,no,0,0,1,Medium,0,0,0.20872231
3182,38,services,single,secondary,-196,yes,no,cellular,feb,1,271,1,failure,no,0,1,1,Negative,0,0,0.0646593
3183,48,management,divorced,tertiary,428,yes,no,cellular,may,2,167,2,failure,no,0,1,1,Low,0,0,0.026339052
3184,31,technician,single,secondary,40,no,no,cellular,aug,2,-1,0,unknown,no,0,0,0,Low,0,0,0.04587314
3185,37,entrepreneur,single,tertiary,-961,no,no,cellular,apr,1,-1,0,unknown,no,0,0,0,Negative,0,0,0.16390075
3186,40,admin.,divorced,secondary,4,no,no,cellular,jul,3,-1,0,unknown,no,0,0,0,Low,0,0,0.108531244
3187,26,blue-collar,single,primary,619,yes,yes,unknown,may,1,-1,0,unknown,no,0,0,1,Low,0,0,0.015765062
3188,56,blue-collar,married,secondary,0,no,no,cellular,aug,15,-1,0,unknown,no,0,0,0,Negative,0,0,0.005128707
3189,35,management,married,tertiary,481,no,no,cellular,aug,2,-1,0,unknown,no,0,0,0,Low,0,0,0.1258432
3190,43,management,married,tertiary,2987,no,no,cellular,mar,3,-1,0,unknown,no,0,0,0,Medium,0,1,0.6296487
3191,38,technician,single,secondary,12,yes,no,unknown,may,2,-1,0,unknown,no,0,0,1,Low,0,0,0.018666223
3192,47,services,married,secondary,51,yes,yes,unknown,may,1,-1,0,unknown,no,0,0,1,Low,0,0,0.064929925
3193,42,management,married,tertiary,2772,yes,no,cellular,apr,1,-1,0,unknown,no,0,0,1,Medium,0,0,0.14105174
3194,33,management,single,tertiary,224,no,no,cellular,sep,2,92,4,success,yes,1,1,0,Low,1,1,0.7786865
3195,27,technician,married,secondary,2460,yes,no,cellular,may,2,-1,0,unknown,no,0,0,1,Medium,0,0,0.122980624
3196,52,management,married,tertiary,7388,no,yes,unknown,jun,2,-1,0,unknown,no,0,0,1,High,0,0,0.024474042
3197,36,management,married,tertiary,849,yes,yes,unknown,may,2,-1,0,unknown,yes,1,0,1,Low,1,0,0.024509443
3198,41,management,single,tertiary,3013,yes,no,cellular,nov,1,-1,0,unknown,no,0,0,1,Medium,0,0,0.08725925
3199,57,management,married,tertiary,813,no,no,cellular,apr,3,-1,0,unknown,no,0,0,0,Low,0,0,0.47953174
3200,38,management,married,tertiary,184,no,no,cellular,aug,2,-1,0,unknown,no,0,0,0,Low,0,0,0.11961615
3201,34,blue-collar,divorced,secondary,383,yes,no,unknown,may,1,-1,0,unknown,yes,1,0,1,Low,1,0,0.1158446
3202,48,blue-collar,married,primary,214,yes,yes,cellular,may,1,177,2,failure,yes,1,1,1,Low,1,0,0.035953462
3203,48,services,divorced,secondary,3186,no,yes,cellular,apr,1,-1,0,unknown,no,0,0,1,Medium,0,0,0.10009945
3204,51,technician,married,secondary,317,no,no,cellular,aug,4,-1,0,unknown,no,0,0,0,Low,0,0,0.060526606
3205,54,retired,married,primary,235,no,yes,cellular,nov,2,113,5,failure,no,0,1,1,Low,0,0,0.009355868
3206,42,management,single,tertiary,1113,yes,yes,cellular,nov,2,162,12,failure,no,0,1,1,Medium,0,0,0.017462092
3207,60,admin.,divorced,secondary,0,no,yes,telephone,jul,7,-1,0,unknown,no,0,0,1,Negative,0,0,0.016280958
3208,39,blue-collar,married,primary,186,yes,no,unknown,may,3,-1,0,unknown,no,0,0,1,Low,0,0,0.028969133
3209,35,management,married,tertiary,3402,no,no,cellular,dec,1,194,2,failure,no,0,1,0,Medium,0,1,0.52709824
3210,31,blue-collar,single,primary,2488,yes,no,cellular,apr,1,-1,0,unknown,no,0,0,1,Medium,0,0,0.11429706
3211,48,technician,married,secondary,14148,yes,no,cellular,aug,2,-1,0,unknown,no,0,0,1,High,0,0,0.07357223
3212,35,admin.,single,tertiary,2622,no,no,cellular,jul,5,-1,0,unknown,no,0,0,0,Medium,0,0,0.29994994
3213,42,blue-collar,married,secondary,205,yes,yes,unknown,may,2,-1,0,unknown,no,0,0,1,Low,0,0,0.013287177
3214,40,unemployed,single,secondary,356,yes,no,cellular,may,2,339,2,failure,no,0,1,1,Low,0,0,0.042473074
3215,46,blue-collar,married,primary,648,no,no,cellular,aug,4,-1,0,unknown,no,0,0,0,Low,0,0,0.07240889
3216,40,services,married,secondary,961,no,yes,cellular,nov,1,133,4,other,no,0,1,1,Low,0,0,0.04569223
3217,32,technician,single,secondary,82,no,no,cellular,aug,4,-1,0,unknown,no,0,0,0,Low,0,0,0.059595317
3218,32,management,single,tertiary,2134,no,no,cellular,nov,2,-1,0,unknown,no,0,0,0,Medium,0,0,0.35953328
3219,50,technician,married,secondary,416,yes,no,unknown,jun,5,-1,0,unknown,yes,1,0,1,Low,1,0,0.01477684
3220,31,technician,single,secondary,1,yes,no,cellular,may,1,-1,0,unknown,no,0,0,1,Low,0,0,0.088281386
3221,37,blue-collar,married,secondary,417,no,no,cellular,jul,5,-1,0,unknown,no,0,0,0,Low,0,0,0.049358003
3222,31,services,single,tertiary,1025,no,no,unknown,may,3,-1,0,unknown,no,0,0,0,Medium,0,0,0.041995652
3223,32,services,divorced,secondary,-34,yes,no,cellular,may,2,-1,0,unknown,no,0,0,1,Negative,0,0,0.13251111
3224,48,technician,married,secondary,1600,no,no,cellular,aug,1,-1,0,unknown,no,0,0,0,Medium,0,0,0.16012794
3225,34,admin.,married,secondary,0,no,yes,cellular,jul,2,-1,0,unknown,no,0,0,1,Negative,0,0,0.032054354
3226,39,entrepreneur,married,tertiary,3,no,no,unknown,jun,14,-1,0,unknown,no,0,0,0,Low,0,0,0.0032991231
3227,35,technician,single,tertiary,458,yes,no,unknown,may,3,-1,0,unknown,no,0,0,1,Low,0,0,0.0629278
3228,27,unemployed,single,tertiary,3060,no,no,cellular,jan,1,-1,0,unknown,no,0,0,0,Medium,0,0,0.086568534
3229,60,admin.,divorced,secondary,4519,no,no,cellular,feb,1,-1,0,unknown,no,0,0,0,Medium,0,0,0.29737183
3230,60,retired,married,secondary,3932,yes,no,unknown,may,2,-1,0,unknown,no,0,0,1,Medium,0,0,0.042676266
3231,32,blue-collar,married,secondary,10142,yes,no,cellular,nov,1,-1,0,unknown,no,0,0,1,High,0,0,0.051128704
3232,29,services,single,secondary,37,no,yes,cellular,jul,2,-1,0,unknown,no,0,0,1,Low,0,0,0.09005626
3233,40,management,single,tertiary,-222,yes,no,unknown,jun,1,-1,0,unknown,no,0,0,1,Negative,0,0,0.034062523
3234,51,management,married,tertiary,0,no,no,unknown,jun,1,-1,0,unknown,yes,1,0,0,Negative,1,0,0.02667402
3235,51,blue-collar,married,primary,1491,yes,no,unknown,may,3,-1,0,unknown,no,0,0,1,Medium,0,0,0.017714074
3236,49,management,married,secondary,338,no,no,cellular,aug,3,-1,0,unknown,no,0,0,0,Low,0,0,0.038707726
3237,32,management,single,tertiary,769,no,no,cellular,aug,2,-1,0,unknown,yes,1,0,0,Low,1,0,0.029222725
3238,57,management,married,primary,1052,yes,no,unknown,may,4,-1,0,unknown,no,0,0,1,Medium,0,0,0.017559363
3239,56,entrepreneur,married,primary,84,no,no,cellular,jan,2,-1,0,unknown,no,0,0,0,Low,0,0,0.018064251
3240,40,blue-collar,married,primary,32,yes,no,cellular,may,1,-1,0,unknown,no,0,0,1,Low,0,0,0.036266997
3241,33,blue-collar,married,secondary,328,yes,no,telephone,jul,9,-1,0,unknown,no,0,0,1,Low,0,0,0.032454327
3242,54,blue-collar,married,secondary,983,no,no,cellular,aug,6,-1,0,unknown,no,0,0,0,Low,0,0,0.055869643
3243,31,technician,married,secondary,-720,yes,no,unknown,jun,16,-1,0,unknown,no,0,0,1,Negative,0,0,0.006263361
3244,31,admin.,single,secondary,554,yes,no,cellular,feb,1,-1,0,unknown,no,0,0,1,Low,0,0,0.041768663
3245,51,self-employed,divorced,secondary,7848,no,no,cellular,nov,1,-1,0,unknown,no,0,0,0,High,0,0,0.061409872
3246,42,admin.,married,primary,1547,yes,yes,unknown,may,3,-1,0,unknown,no,0,0,1,Medium,0,0,0.019182375
3247,39,technician,single,tertiary,1043,no,no,cellular,aug,10,-1,0,unknown,no,0,0,0,Medium,0,0,0.14671943
3248,36,blue-collar,married,primary,6085,yes,no,unknown,jun,6,-1,0,unknown,no,0,0,1,High,0,0,0.017375713
3249,31,admin.,divorced,secondary,1352,yes,no,unknown,may,2,-1,0,unknown,no,0,0,1,Medium,0,0,0.03916687
3250,49,blue-collar,married,primary,408,no,no,cellular,aug,4,-1,0,unknown,yes,1,0,0,Low,1,0,0.08810044
3251,37,blue-collar,married,secondary,223,yes,no,cellular,jul,2,-1,0,unknown,no,0,0,1,Low,0,0,0.059560638
3252,28,admin.,single,secondary,-181,yes,yes,cellular,may,2,343,4,failure,no,0,1,1,Negative,0,0,0.1574235
3253,34,technician,single,tertiary,2521,no,no,cellular,aug,2,-1,0,unknown,no,0,0,0,Medium,0,0,0.22795433
3254,29,technician,single,tertiary,226,yes,no,cellular,may,1,-1,0,unknown,no,0,0,1,Low,0,0,0.106126264
3255,35,services,married,secondary,109,yes,no,unknown,may,3,-1,0,unknown,no,0,0,1,Low,0,0,0.021849979
3256,60,management,married,secondary,0,no,no,telephone,feb,2,126,6,failure,no,0,1,0,Negative,0,0,0.2753312
3257,25,services,single,secondary,5533,yes,no,cellular,jul,4,-1,0,unknown,no,0,0,1,High,0,0,0.15607102
3258,44,admin.,married,unknown,40,no,yes,unknown,may,2,-1,0,unknown,no,0,0,1,Low,0,0,0.014491433
3259,58,admin.,single,secondary,247,no,yes,unknown,jun,6,-1,0,unknown,no,0,0,1,Low,0,0,0.021066438
3260,31,services,married,secondary,1062,yes,yes,cellular,apr,1,-1,0,unknown,no,0,0,1,Medium,0,0,0.06835536
3261,50,blue-collar,married,primary,383,no,no,telephone,oct,2,-1,0,unknown,no,0,0,0,Low,0,0,0.13549839
3262,33,blue-collar,married,secondary,6227,yes,no,unknown,may,2,-1,0,unknown,no,0,0,1,High,0,0,0.018863244
3263,30,management,single,tertiary,409,yes,no,cellular,aug,4,-1,0,unknown,no,0,0,1,Low,0,0,0.07017278
3264,37,blue-collar,married,secondary,152,yes,no,unknown,may,3,-1,0,unknown,no,0,0,1,Low,0,0,0.040530343
3265,35,management,single,tertiary,2646,no,no,cellular,apr,8,183,2,success,yes,1,1,0,Medium,1,1,0.7192839
3266,52,services,married,secondary,416,yes,no,cellular,feb,2,-1,0,unknown,no,0,0,1,Low,0,0,0.017668845
3267,59,self-employed,married,secondary,201,no,no,cellular,nov,2,-1,0,unknown,no,0,0,0,Low,0,0,0.0393542
3268,31,blue-collar,single,secondary,648,yes,yes,cellular,apr,1,347,1,failure,no,0,1,1,Low,0,0,0.017828638
3269,29,blue-collar,married,primary,50,no,no,cellular,jul,2,-1,0,unknown,no,0,0,0,Low,0,0,0.042304687
3270,54,blue-collar,married,secondary,524,yes,no,unknown,may,1,-1,0,unknown,no,0,0,1,Low,0,0,0.0316282
3271,29,admin.,single,secondary,-37,yes,no,cellular,jul,35,-1,0,unknown,no,0,0,1,Negative,0,0,0.15851055
3272,33,management,married,tertiary,0,yes,no,cellular,jul,3,-1,0,unknown,no,0,0,1,Negative,0,0,0.021687973
3273,28,management,single,tertiary,6551,no,no,cellular,sep,1,-1,0,unknown,yes,1,0,0,High,1,1,0.5933103
3274,38,services,married,secondary,173,yes,no,unknown,may,2,-1,0,unknown,no,0,0,1,Low,0,0,0.020515721
3275,51,blue-collar,married,primary,-283,yes,no,unknown,may,4,-1,0,unknown,no,0,0,1,Negative,0,0,0.003103883
3276,35,technician,married,secondary,294,yes,no,cellular,sep,6,79,11,failure,no,0,1,1,Low,0,0,0.03173411
3277,35,management,married,tertiary,854,no,yes,cellular,aug,20,-1,0,unknown,no,0,0,1,Low,0,0,0.011880568
3278,39,blue-collar,single,secondary,4619,no,no,cellular,nov,1,-1,0,unknown,no,0,0,0,Medium,0,0,0.08802647
3279,31,blue-collar,married,secondary,-617,yes,no,unknown,jun,2,-1,0,unknown,no,0,0,1,Negative,0,0,0.049590405
3280,42,admin.,married,secondary,176,no,no,cellular,jul,2,-1,0,unknown,no,0,0,0,Low,0,0,0.016930953
3281,29,admin.,married,secondary,300,yes,no,cellular,apr,3,-1,0,unknown,no,0,0,1,Low,0,0,0.07117772
3282,26,technician,single,tertiary,192,yes,no,unknown,may,1,-1,0,unknown,no,0,0,1,Low,0,0,0.020730067
3283,34,management,married,tertiary,46,yes,no,unknown,may,4,-1,0,unknown,no,0,0,1,Low,0,0,0.022464873
3284,41,management,married,tertiary,27696,no,no,cellular,apr,1,-1,0,unknown,no,0,0,0,High,0,0,0.49248123
3285,60,admin.,married,secondary,1541,no,no,cellular,jul,3,-1,0,unknown,no,0,0,0,Medium,0,0,0.09928256
3286,31,housemaid,married,secondary,12,yes,no,cellular,jul,3,-1,0,unknown,no,0,0,1,Low,0,0,0.056237333
3287,40,blue-collar,married,secondary,503,yes,yes,cellular,may,2,-1,0,unknown,no,0,0,1,Low,0,0,0.07438044
3288,38,services,married,secondary,0,yes,yes,cellular,may,2,304,2,failure,no,0,1,1,Negative,0,0,0.030470714
3289,48,services,divorced,secondary,201,yes,no,cellular,may,3,371,2,failure,no,0,1,1,Low,0,0,0.08062403
3290,31,services,single,secondary,1709,no,yes,telephone,jan,3,-1,0,unknown,yes,1,0,1,Medium,1,0,0.040034384
3291,35,housemaid,single,unknown,4378,no,no,unknown,jun,3,-1,0,unknown,no,0,0,0,Medium,0,0,0.058992714
3292,63,retired,married,unknown,1849,no,no,cellular,sep,2,-1,0,unknown,no,0,0,0,Medium,0,0,0.31762046
3293,34,admin.,single,secondary,407,no,no,cellular,jan,1,-1,0,unknown,no,0,0,0,Low,0,0,0.043924447
3294,43,self-employed,married,primary,0,yes,no,telephone,oct,1,-1,0,unknown,no,0,0,1,Negative,0,1,0.754308
3295,53,management,married,unknown,527,yes,no,cellular,jul,3,-1,0,unknown,no,0,0,1,Low,0,0,0.08539035
3296,50,management,married,tertiary,2296,no,no,cellular,aug,2,-1,0,unknown,no,0,0,0,Medium,0,0,0.080273695
3297,35,blue-collar,married,secondary,-659,yes,yes,unknown,may,2,-1,0,unknown,no,0,0,1,Negative,0,0,0.0054973504
3298,38,blue-collar,single,tertiary,18,no,no,unknown,jun,5,-1,0,unknown,no,0,0,0,Low,0,0,0.03382085
3299,33,technician,married,secondary,3470,no,no,cellular,aug,2,-1,0,unknown,no,0,0,0,Medium,0,0,0.08652378
3300,39,technician,single,tertiary,25,yes,no,cellular,dec,1,210,2,success,yes,1,1,1,Low,1,0,0.076830745
3301,30,unemployed,single,tertiary,306,no,no,cellular,feb,6,256,14,failure,no,0,1,0,Low,0,0,0.03171003
3302,43,blue-collar,married,primary,-635,yes,no,unknown,may,9,-1,0,unknown,no,0,0,1,Negative,0,0,0.0048165154
3303,36,management,single,tertiary,0,no,no,cellular,aug,2,-1,0,unknown,no,0,0,0,Negative,0,0,0.08826855
3304,31,management,single,tertiary,9629,no,no,cellular,mar,1,174,4,failure,no,0,1,0,High,0,0,0.38946903
3305,33,services,divorced,secondary,2,yes,no,unknown,may,1,-1,0,unknown,no,0,0,1,Low,0,0,0.10703711
3306,35,blue-collar,single,secondary,218,yes,no,cellular,apr,4,-1,0,unknown,no,0,0,1,Low,0,0,0.07588414
3307,38,admin.,married,secondary,-247,yes,no,unknown,may,4,-1,0,unknown,no,0,0,1,Negative,0,0,0.006001667
3308,40,blue-collar,married,secondary,877,yes,no,unknown,may,6,-1,0,unknown,no,0,0,1,Low,0,0,0.027368382
3309,33,technician,single,unknown,135,yes,no,cellular,may,1,-1,0,unknown,no,0,0,1,Low,0,0,0.13192984
3310,42,admin.,single,secondary,1143,yes,yes,telephone,nov,1,-1,0,unknown,no,0,0,1,Medium,0,0,0.05386194
3311,38,unknown,married,unknown,653,no,no,telephone,aug,18,-1,0,unknown,no,0,0,0,Low,0,0,0.0055085714
3312,45,technician,married,primary,6535,no,no,cellular,jul,2,-1,0,unknown,no,0,0,0,High,0,0,0.06299629
3313,27,management,single,tertiary,648,yes,yes,unknown,jun,1,-1,0,unknown,no,0,0,1,Low,0,0,0.044456348
3314,52,technician,divorced,secondary,-558,no,no,cellular,aug,5,-1,0,unknown,no,0,0,0,Negative,0,0,0.054309018
3315,30,services,single,secondary,438,yes,no,cellular,nov,1,-1,0,unknown,no,0,0,1,Low,0,0,0.09849487
3316,44,management,single,tertiary,483,no,no,cellular,mar,2,199,6,success,yes,1,1,0,Low,1,1,0.80857825
3317,34,technician,married,secondary,0,no,yes,cellular,jul,1,-1,0,unknown,no,0,0,1,Negative,0,0,0.050109785
3318,32,blue-collar,single,secondary,1067,yes,no,unknown,may,2,-1,0,unknown,no,0,0,1,Medium,0,0,0.070182115
3319,33,student,single,unknown,242,no,no,telephone,jul,2,-1,0,unknown,no,0,0,0,Low,0,0,0.046645176
3320,48,blue-collar,married,primary,1080,yes,no,cellular,may,2,-1,0,unknown,no,0,0,1,Medium,0,0,0.067523345
3321,28,management,single,tertiary,2380,no,no,cellular,sep,2,-1,0,unknown,no,0,0,0,Medium,0,1,0.69583005
3322,65,retired,married,tertiary,162,no,no,cellular,feb,2,-1,0,unknown,no,0,0,0,Low,0,0,0.24482954
3323,33,management,married,tertiary,271,yes,no,cellular,aug,2,-1,0,unknown,yes,1,0,1,Low,1,0,0.086112365
3324,41,technician,single,secondary,650,yes,no,cellular,nov,3,-1,0,unknown,yes,1,0,1,Low,1,0,0.10273788
3325,42,blue-collar,married,secondary,-150,yes,no,cellular,apr,3,-1,0,unknown,no,0,0,1,Negative,0,0,0.015922388
3326,36,admin.,married,secondary,39,yes,no,cellular,apr,2,-1,0,unknown,no,0,0,1,Low,0,0,0.103446275
3327,58,management,divorced,tertiary,26831,no,no,cellular,feb,18,-1,0,unknown,no,0,0,0,High,0,0,0.11818339
3328,56,services,married,secondary,705,yes,no,unknown,may,2,-1,0,unknown,no,0,0,1,Low,0,0,0.015611578
3329,39,services,single,secondary,0,no,no,unknown,jun,1,-1,0,unknown,no,0,0,0,Negative,0,0,0.037624214
3330,32,technician,married,tertiary,2976,yes,no,cellular,aug,5,-1,0,unknown,no,0,0,1,Medium,0,0,0.23445365
3331,36,services,married,primary,413,yes,no,telephone,nov,1,-1,0,unknown,no,0,0,1,Low,0,0,0.026834996
3332,54,housemaid,married,primary,167,yes,no,cellular,jul,2,-1,0,unknown,no,0,0,1,Low,0,0,0.021263711
3333,66,retired,divorced,unknown,53,no,no,cellular,jul,4,-1,0,unknown,yes,1,0,0,Low,1,0,0.15011685
3334,32,technician,single,tertiary,47,yes,no,cellular,jul,3,-1,0,unknown,no,0,0,1,Low,0,0,0.1517117
3335,56,blue-collar,married,secondary,385,no,no,cellular,aug,3,-1,0,unknown,no,0,0,0,Low,0,0,0.04809758
3336,32,self-employed,divorced,primary,0,yes,no,cellular,apr,2,-1,0,unknown,no,0,0,1,Negative,0,0,0.16139732
3337,41,entrepreneur,married,primary,406,no,no,unknown,jun,1,-1,0,unknown,no,0,0,0,Low,0,0,0.033691917
3338,37,management,single,tertiary,7179,yes,no,unknown,jun,8,-1,0,unknown,no,0,0,1,High,0,0,0.05983867
3339,55,management,married,unknown,179,no,no,unknown,jun,1,-1,0,unknown,no,0,0,0,Low,0,0,0.026247585
3340,44,technician,married,secondary,266,yes,no,cellular,jul,1,-1,0,unknown,no,0,0,1,Low,0,0,0.057471424
3341,37,technician,married,secondary,183,yes,no,unknown,may,2,-1,0,unknown,no,0,0,1,Low,0,0,0.020625554
3342,33,blue-collar,married,primary,332,yes,no,unknown,may,2,-1,0,unknown,no,0,0,1,Low,0,0,0.020020148
3343,33,services,single,secondary,406,yes,no,cellular,feb,1,275,1,failure,no,0,1,1,Low,0,0,0.025977377
3344,49,self-employed,married,tertiary,147,no,yes,cellular,feb,1,189,4,failure,no,0,1,1,Low,0,0,0.03722332
3345,56,self-employed,married,secondary,123,no,no,unknown,may,1,-1,0,unknown,no,0,0,0,Low,0,0,0.018126966
3346,44,management,married,tertiary,58,yes,no,cellular,jul,3,-1,0,unknown,no,0,0,1,Low,0,0,0.055047017
3347,35,self-employed,married,tertiary,980,no,no,cellular,aug,2,336,6,failure,no,0,1,0,Low,0,0,0.044796254
3348,59,technician,divorced,secondary,-296,no,yes,cellular,jan,1,-1,0,unknown,no,0,0,1,Negative,0,0,0.09777587
3349,35,blue-collar,married,secondary,594,yes,no,unknown,jun,2,-1,0,unknown,no,0,0,1,Low,0,0,0.050317667
3350,41,admin.,divorced,secondary,6046,yes,yes,telephone,sep,2,-1,0,unknown,yes,1,0,1,High,1,0,0.24982452
3351,68,retired,married,secondary,3588,no,no,telephone,apr,1,-1,0,unknown,no,0,0,0,Medium,0,0,0.29045764
3352,50,management,married,tertiary,5124,yes,no,cellular,aug,2,-1,0,unknown,no,0,0,1,High,0,0,0.076221086
3353,36,blue-collar,married,secondary,0,yes,no,unknown,may,1,-1,0,unknown,no,0,0,1,Negative,0,0,0.014191573
3354,52,management,single,tertiary,824,no,no,cellular,may,1,354,2,failure,no,0,1,0,Low,0,0,0.05151548
3355,37,entrepreneur,married,primary,62,no,no,cellular,jul,2,-1,0,unknown,no,0,0,0,Low,0,0,0.041635193
3356,34,technician,married,primary,1301,no,no,cellular,feb,1,-1,0,unknown,no,0,0,0,Medium,0,0,0.09959747
3357,32,management,single,tertiary,509,no,yes,cellular,nov,2,-1,0,unknown,no,0,0,1,Low,0,0,0.05582672
3358,30,management,single,tertiary,4319,yes,no,cellular,nov,1,-1,0,unknown,no,0,0,1,Medium,0,0,0.22276291
3359,39,unemployed,married,tertiary,529,yes,yes,cellular,nov,1,-1,0,unknown,no,0,0,1,Low,0,0,0.053596098
3360,61,blue-collar,married,primary,734,yes,no,unknown,may,1,-1,0,unknown,no,0,0,1,Low,0,0,0.04136519
3361,40,housemaid,married,primary,4904,yes,no,cellular,may,1,356,1,failure,no,0,1,1,Medium,0,0,0.017106768
3362,33,technician,single,secondary,296,yes,no,unknown,may,1,-1,0,unknown,no,0,0,1,Low,0,0,0.061490834
3363,25,technician,married,secondary,-559,yes,no,cellular,jul,3,-1,0,unknown,no,0,0,1,Negative,0,0,0.042369097
3364,50,blue-collar,married,secondary,326,no,no,cellular,aug,9,-1,0,unknown,no,0,0,0,Low,0,0,0.032134622
3365,53,blue-collar,married,primary,896,yes,no,unknown,may,1,-1,0,unknown,no,0,0,1,Low,0,0,0.02942254
3366,38,blue-collar,married,secondary,1434,no,no,unknown,jun,4,-1,0,unknown,no,0,0,0,Medium,0,0,0.07952602
3367,26,technician,single,tertiary,1066,no,no,cellular,apr,1,-1,0,unknown,yes,1,0,0,Medium,1,0,0.38671744
3368,33,blue-collar,married,secondary,596,yes,no,cellular,nov,1,127,3,failure,no,0,1,1,Low,0,0,0.026677903
3369,30,blue-collar,married,secondary,501,yes,yes,cellular,nov,1,177,1,failure,yes,1,1,1,Low,1,0,0.03892084
3370,29,technician,married,secondary,-28,no,no,cellular,jul,1,-1,0,unknown,no,0,0,0,Negative,0,0,0.079313524
3371,40,admin.,divorced,secondary,274,yes,yes,cellular,jul,4,-1,0,unknown,no,0,0,1,Low,0,0,0.07548105
3372,43,admin.,married,secondary,132,no,no,cellular,may,2,71,1,success,yes,1,1,0,Low,1,0,0.45422208
3373,57,unknown,single,secondary,316,no,no,unknown,jun,7,-1,0,unknown,no,0,0,0,Low,0,0,0.01997266
3374,42,management,divorced,tertiary,-259,no,yes,cellular,jan,1,-1,0,unknown,no,0,0,1,Negative,0,0,0.015845457
3375,50,blue-collar,married,secondary,173,yes,no,cellular,may,5,342,15,other,no,0,1,1,Low,0,0,0.012550179
3376,49,technician,married,secondary,3657,yes,no,unknown,may,4,-1,0,unknown,no,0,0,1,Medium,0,0,0.04075138
3377,39,management,married,secondary,0,yes,no,cellular,jul,21,-1,0,unknown,no,0,0,1,Negative,0,0,0.007626557
3378,29,management,single,tertiary,4210,yes,no,cellular,may,1,-1,0,unknown,no,0,0,1,Medium,0,0,0.24167158
3379,32,services,divorced,secondary,264,no,no,cellular,jul,1,-1,0,unknown,no,0,0,0,Low,0,0,0.18845545
3380,59,management,married,tertiary,1857,no,no,cellular,aug,4,-1,0,unknown,no,0,0,0,Medium,0,0,0.086130284
3381,47,services,married,secondary,344,yes,no,unknown,jun,1,-1,0,unknown,no,0,0,1,Low,0,0,0.038821716
3382,45,management,married,tertiary,1363,yes,no,unknown,may,5,-1,0,unknown,no,0,0,1,Medium,0,0,0.029674383
3383,36,management,married,tertiary,2987,yes,no,cellular,aug,1,-1,0,unknown,yes,1,0,1,Medium,1,0,0.10119965
3384,52,admin.,divorced,secondary,121,yes,no,cellular,jul,2,-1,0,unknown,no,0,0,1,Low,0,0,0.05532084
3385,27,blue-collar,single,primary,1,no,no,cellular,feb,6,-1,0,unknown,no,0,0,0,Low,0,0,0.05115549
3386,35,services,married,secondary,0,yes,no,cellular,jul,1,-1,0,unknown,no,0,0,1,Negative,0,0,0.04426704
3387,44,management,married,tertiary,1850,yes,no,cellular,may,1,-1,0,unknown,no,0,0,1,Medium,0,0,0.0900303
3388,31,self-employed,married,primary,1074,yes,no,unknown,may,2,-1,0,unknown,no,0,0,1,Medium,0,0,0.02851328
3389,25,blue-collar,single,secondary,192,no,no,telephone,jul,2,-1,0,unknown,no,0,0,0,Low,0,0,0.19009688
3390,51,retired,married,secondary,0,no,no,cellular,aug,4,-1,0,unknown,no,0,0,0,Negative,0,0,0.10316687
3391,33,technician,married,secondary,1630,yes,no,unknown,may,1,-1,0,unknown,no,0,0,1,Medium,0,0,0.03215073
3392,41,technician,single,secondary,1147,yes,no,unknown,jun,10,-1,0,unknown,no,0,0,1,Medium,0,0,0.049640004
3393,41,unemployed,married,primary,557,yes,no,cellular,nov,1,173,1,failure,no,0,1,1,Low,0,0,0.016803646
3394,32,admin.,single,tertiary,89,no,no,telephone,jan,1,-1,0,unknown,no,0,0,0,Low,0,0,0.008523488
3395,38,admin.,single,tertiary,4,yes,yes,cellular,nov,3,-1,0,unknown,no,0,0,1,Low,0,0,0.043624256
3396,53,admin.,married,secondary,8892,yes,no,cellular,nov,1,-1,0,unknown,no,0,0,1,High,0,0,0.0424336
3397,31,services,married,secondary,440,yes,no,unknown,jun,3,-1,0,unknown,no,0,0,1,Low,0,0,0.07263502
3398,45,technician,married,secondary,1477,yes,no,cellular,nov,1,132,1,failure,no,0,1,1,Medium,0,0,0.02063836
3399,26,entrepreneur,married,secondary,321,yes,yes,cellular,jul,2,-1,0,unknown,no,0,0,1,Low,0,0,0.05638077
3400,53,blue-collar,married,primary,38,no,yes,cellular,jul,5,-1,0,unknown,no,0,0,1,Low,0,0,0.06889028
3401,50,unemployed,married,primary,210,no,no,unknown,jun,2,-1,0,unknown,no,0,0,0,Low,0,0,0.039454155
3402,33,unknown,married,secondary,2727,no,no,cellular,aug,3,-1,0,unknown,no,0,0,0,Medium,0,0,0.07078141
3403,27,blue-collar,single,primary,497,yes,no,cellular,apr,2,272,1,other,no,0,1,1,Low,0,0,0.054077934
3404,33,technician,single,secondary,1769,yes,no,cellular,nov,1,182,1,failure,no,0,1,1,Medium,0,0,0.0148670785
3405,48,management,divorced,tertiary,266,yes,no,cellular,apr,2,343,1,failure,no,0,1,1,Low,0,0,0.024099456
3406,31,management,married,tertiary,1402,no,no,cellular,nov,2,-1,0,unknown,no,0,0,0,Medium,0,0,0.081615366
3407,33,admin.,single,secondary,2554,yes,no,telephone,apr,3,249,15,failure,no,0,1,1,Medium,0,0,0.3206586
3408,52,management,married,tertiary,0,yes,no,cellular,feb,1,249,1,failure,no,0,1,1,Negative,0,0,0.03975635
3409,49,blue-collar,married,primary,490,yes,no,telephone,may,5,364,2,failure,no,0,1,1,Low,0,0,0.00927652
3410,22,management,single,tertiary,104,no,yes,cellular,apr,3,-1,0,unknown,yes,1,0,1,Low,1,0,0.20729634
3411,25,technician,single,secondary,505,no,yes,cellular,nov,2,-1,0,unknown,yes,1,0,1,Low,1,0,0.16176337
3412,46,blue-collar,married,primary,123,no,no,cellular,aug,2,-1,0,unknown,no,0,0,0,Low,0,0,0.03335653
3413,26,services,single,tertiary,12,no,no,cellular,dec,4,186,6,success,no,0,1,0,Low,0,1,0.8957226
3414,32,management,single,tertiary,0,no,no,cellular,aug,1,-1,0,unknown,no,0,0,0,Negative,0,0,0.055662584
3415,56,admin.,married,secondary,11,no,no,unknown,may,3,-1,0,unknown,no,0,0,0,Low,0,0,0.013590106
3416,39,blue-collar,single,primary,-360,yes,no,unknown,jun,2,-1,0,unknown,no,0,0,1,Negative,0,0,0.033004165
3417,32,management,single,tertiary,312,no,no,cellular,may,2,98,2,success,yes,1,1,0,Low,1,1,0.52987325
3418,36,management,married,tertiary,406,no,no,cellular,aug,2,-1,0,unknown,no,0,0,0,Low,0,0,0.09146865
3419,53,blue-collar,married,primary,95,yes,no,unknown,may,3,-1,0,unknown,no,0,0,1,Low,0,0,0.009453817
3420,25,management,single,tertiary,6246,no,no,cellular,jun,3,-1,0,unknown,no,0,0,0,High,0,0,0.47991526
3421,41,housemaid,married,secondary,876,no,no,unknown,jun,1,-1,0,unknown,no,0,0,0,Low,0,0,0.020258859
3422,54,management,married,primary,3859,no,yes,cellular,nov,3,-1,0,unknown,no,0,0,1,Medium,0,0,0.031089965
3423,40,admin.,divorced,secondary,2679,yes,yes,cellular,may,1,350,1,failure,no,0,1,1,Medium,0,0,0.06603975
3424,29,services,single,secondary,79,yes,no,cellular,may,1,334,3,other,no,0,1,1,Low,0,0,0.07449095
3425,49,entrepreneur,single,secondary,259,no,no,cellular,may,1,-1,0,unknown,no,0,0,0,Low,0,0,0.23781699
3426,29,services,single,secondary,262,yes,no,unknown,may,1,-1,0,unknown,no,0,0,1,Low,0,0,0.027731633
3427,29,management,single,tertiary,29,no,no,cellular,feb,1,-1,0,unknown,no,0,0,0,Low,0,0,0.02503106
3428,46,services,married,secondary,379,no,no,unknown,jun,2,-1,0,unknown,no,0,0,0,Low,0,0,0.03217944
3429,48,management,married,tertiary,2351,no,no,cellular,sep,1,105,3,success,yes,1,1,0,Medium,1,1,0.77036864
3430,28,blue-collar,single,secondary,-403,no,yes,cellular,jul,2,-1,0,unknown,no,0,0,1,Negative,0,0,0.040797796
3431,66,housemaid,married,primary,40,no,no,telephone,oct,2,-1,0,unknown,yes,1,0,0,Low,1,0,0.13727358
3432,24,management,single,tertiary,1085,no,yes,cellular,may,6,-1,0,unknown,no,0,0,1,Medium,0,0,0.122083314
3433,60,retired,divorced,tertiary,380,no,no,cellular,jul,1,-1,0,unknown,no,0,0,0,Low,0,0,0.23311542
3434,49,admin.,married,secondary,0,no,no,cellular,aug,4,-1,0,unknown,no,0,0,0,Negative,0,0,0.03844774
3435,39,blue-collar,married,primary,108,no,no,cellular,nov,1,-1,0,unknown,no,0,0,0,Low,0,0,0.07582748
3436,55,management,single,tertiary,430,no,no,cellular,aug,4,-1,0,unknown,no,0,0,0,Low,0,0,0.030814812
3437,52,management,married,tertiary,751,no,no,cellular,may,4,371,5,failure,no,0,1,0,Low,0,0,0.4398463
3438,51,blue-collar,married,secondary,-92,yes,no,unknown,jun,4,-1,0,unknown,no,0,0,1,Negative,0,0,0.0093372585
3439,35,unemployed,married,primary,494,yes,no,unknown,may,4,-1,0,unknown,no,0,0,1,Low,0,0,0.061019987
3440,51,blue-collar,married,secondary,2918,no,no,cellular,aug,2,-1,0,unknown,no,0,0,0,Medium,0,0,0.1509138
3441,34,blue-collar,single,secondary,13408,no,no,cellular,apr,2,-1,0,unknown,no,0,0,0,High,0,0,0.3338606
3442,40,self-employed,married,secondary,2,no,no,cellular,aug,3,-1,0,unknown,no,0,0,0,Low,0,0,0.07696664
3443,46,blue-collar,married,unknown,209,no,no,cellular,aug,2,-1,0,unknown,no,0,0,0,Low,0,0,0.05963947
3444,32,technician,single,secondary,321,yes,no,cellular,aug,2,-1,0,unknown,no,0,0,1,Low,0,0,0.087862946
3445,29,technician,married,tertiary,676,no,no,cellular,jul,4,-1,0,unknown,no,0,0,0,Low,0,0,0.0724859
3446,58,unemployed,married,primary,3884,no,no,unknown,jul,8,-1,0,unknown,no,0,0,0,Medium,0,0,0.008744554
3447,57,blue-collar,married,primary,133,no,yes,cellular,jul,4,-1,0,unknown,no,0,0,1,Low,0,0,0.04151326
3448,43,management,married,tertiary,175,yes,no,cellular,apr,4,337,1,other,no,0,1,1,Low,0,0,0.012223674
3449,36,retired,single,secondary,101,yes,yes,unknown,may,1,-1,0,unknown,no,0,0,1,Low,0,0,0.05623927
3450,46,admin.,divorced,secondary,99,no,no,unknown,jul,1,-1,0,unknown,no,0,0,0,Low,0,0,0.037768226
3451,46,blue-collar,married,secondary,1147,yes,no,cellular,apr,1,-1,0,unknown,yes,1,0,1,Medium,1,0,0.08889132
3452,40,technician,single,tertiary,1646,yes,no,cellular,feb,1,242,2,failure,yes,1,1,1,Medium,1,0,0.040546704
3453,45,blue-collar,single,primary,-183,no,yes,cellular,jul,4,-1,0,unknown,no,0,0,1,Negative,0,0,0.28609493
3454,30,technician,married,secondary,274,yes,yes,cellular,aug,2,-1,0,unknown,no,0,0,1,Low,0,0,0.042442027
3455,30,services,married,secondary,1222,yes,no,cellular,may,1,-1,0,unknown,no,0,0,1,Medium,0,0,0.11016457
3456,34,blue-collar,married,secondary,1412,yes,yes,cellular,nov,1,175,2,failure,no,0,1,1,Medium,0,0,0.012924104
3457,33,blue-collar,married,secondary,529,yes,no,unknown,may,3,-1,0,unknown,no,0,0,1,Low,0,0,0.02414148
3458,37,management,married,tertiary,-666,yes,no,cellular,nov,2,-1,0,unknown,no,0,0,1,Negative,0,0,0.011482981
3459,29,blue-collar,married,secondary,210,no,yes,cellular,jul,1,-1,0,unknown,no,0,0,1,Low,0,0,0.0653212
3460,35,technician,married,secondary,1546,yes,no,cellular,may,1,174,4,failure,no,0,1,1,Medium,0,0,0.13575648
3461,50,technician,married,secondary,2497,yes,no,cellular,nov,1,176,1,failure,no,0,1,1,Medium,0,0,0.034572933
3462,66,retired,married,secondary,2048,no,no,cellular,aug,1,-1,0,unknown,yes,1,0,0,Medium,1,0,0.23919415
3463,58,technician,married,secondary,4717,yes,no,cellular,nov,1,-1,0,unknown,no,0,0,1,Medium,0,0,0.06952458
3464,36,management,married,tertiary,171,no,no,cellular,aug,2,-1,0,unknown,no,0,0,0,Low,0,0,0.09103077
3465,50,blue-collar,married,primary,490,yes,no,unknown,may,3,-1,0,unknown,no,0,0,1,Low,0,0,0.020847844
3466,29,management,single,tertiary,1673,no,no,cellular,aug,2,159,3,other,no,0,1,0,Medium,0,0,0.30484456
3467,37,technician,single,tertiary,1309,no,no,unknown,jun,2,-1,0,unknown,no,0,0,0,Medium,0,0,0.082699694
3468,39,technician,married,secondary,1427,yes,no,unknown,may,1,-1,0,unknown,no,0,0,1,Medium,0,0,0.0275211
3469,35,technician,married,secondary,13,no,no,cellular,aug,2,-1,0,unknown,no,0,0,0,Low,0,0,0.031460583
3470,35,blue-collar,single,secondary,113,no,no,cellular,jul,1,-1,0,unknown,no,0,0,0,Low,0,0,0.15274036
3471,39,admin.,married,tertiary,259,yes,no,unknown,may,1,-1,0,unknown,no,0,0,1,Low,0,0,0.028627947
3472,36,admin.,married,secondary,0,yes,no,cellular,jul,7,-1,0,unknown,no,0,0,1,Negative,0,0,0.11116563
3473,54,admin.,married,secondary,0,yes,no,cellular,jan,1,-1,0,unknown,no,0,0,1,Negative,0,0,0.010455654
3474,38,technician,single,secondary,2990,yes,no,unknown,jun,2,-1,0,unknown,no,0,0,1,Medium,0,0,0.04533623
3475,29,management,single,tertiary,7578,no,no,cellular,may,3,-1,0,unknown,no,0,0,0,High,0,0,0.33569768
3476,39,blue-collar,married,secondary,164,yes,no,telephone,may,6,373,2,failure,no,0,1,1,Low,0,0,0.030706042
3477,25,blue-collar,single,secondary,0,yes,no,cellular,jul,1,-1,0,unknown,no,0,0,1,Negative,0,0,0.12723258
3478,43,technician,married,secondary,1824,yes,no,unknown,may,1,-1,0,unknown,no,0,0,1,Medium,0,0,0.019494817
3479,27,blue-collar,single,primary,1,yes,no,cellular,jul,6,-1,0,unknown,no,0,0,1,Low,0,0,0.06292504
3480,64,retired,married,secondary,2031,no,no,cellular,nov,5,-1,0,unknown,no,0,0,0,Medium,0,0,0.30347794
3481,56,blue-collar,divorced,primary,3021,no,no,unknown,jun,2,-1,0,unknown,no,0,0,0,Medium,0,0,0.046752907
3482,51,admin.,married,primary,2281,yes,yes,unknown,jun,1,-1,0,unknown,no,0,0,1,Medium,0,0,0.022553198
3483,30,technician,single,secondary,518,yes,no,unknown,jun,1,-1,0,unknown,no,0,0,1,Low,0,0,0.08621241
3484,30,technician,single,secondary,1359,yes,no,unknown,may,1,-1,0,unknown,no,0,0,1,Medium,0,0,0.087980546
3485,31,blue-collar,single,secondary,573,yes,no,telephone,feb,1,269,2,failure,no,0,1,1,Low,0,0,0.010001387
3486,42,management,married,tertiary,2463,no,no,cellular,oct,2,-1,0,unknown,no,0,0,0,Medium,0,1,0.5247312
3487,33,blue-collar,single,tertiary,700,no,no,cellular,apr,1,80,2,success,yes,1,1,0,Low,1,1,0.8823011
3488,49,blue-collar,married,secondary,1219,yes,no,cellular,aug,5,-1,0,unknown,no,0,0,1,Medium,0,0,0.03282472
3489,51,management,married,tertiary,0,yes,yes,cellular,aug,1,84,1,other,no,0,1,1,Negative,0,0,0.046774473
3490,51,entrepreneur,single,tertiary,0,no,no,cellular,jan,1,-1,0,unknown,no,0,0,0,Negative,0,0,0.07204633
3491,53,blue-collar,married,primary,1100,yes,no,unknown,jun,2,-1,0,unknown,no,0,0,1,Medium,0,0,0.023738425
3492,57,blue-collar,married,unknown,807,yes,no,unknown,may,2,-1,0,unknown,no,0,0,1,Low,0,0,0.017672272
3493,64,management,married,tertiary,6251,no,no,telephone,feb,7,-1,0,unknown,no,0,0,0,High,0,0,0.41135323
3494,36,admin.,divorced,tertiary,289,yes,yes,cellular,aug,3,280,4,failure,no,0,1,1,Low,0,0,0.30401382
3495,70,retired,married,primary,2346,no,no,cellular,aug,3,194,2,success,no,0,1,0,Medium,0,0,0.3247262
3496,57,blue-collar,married,secondary,258,yes,no,unknown,may,4,-1,0,unknown,no,0,0,1,Low,0,0,0.016623287
3497,36,admin.,divorced,secondary,-37,yes,no,unknown,may,1,-1,0,unknown,no,0,0,1,Negative,0,0,0.060082752
3498,47,admin.,married,secondary,0,no,no,unknown,jun,2,-1,0,unknown,no,0,0,0,Negative,0,0,0.02703373
3499,31,management,married,secondary,1368,yes,no,cellular,aug,4,-1,0,unknown,no,0,0,1,Medium,0,0,0.07491695
3500,31,management,married,tertiary,351,no,no,cellular,aug,3,-1,0,unknown,no,0,0,0,Low,0,0,0.045601565
3501,48,technician,married,secondary,1449,yes,yes,cellular,jan,1,-1,0,unknown,no,0,0,1,Medium,0,0,0.05959755
3502,42,admin.,married,secondary,323,yes,yes,unknown,may,2,-1,0,unknown,no,0,0,1,Low,0,0,0.025447931
3503,27,blue-collar,single,secondary,294,yes,yes,unknown,may,2,-1,0,unknown,yes,1,0,1,Low,1,0,0.019951703
3504,30,admin.,married,secondary,373,yes,no,cellular,jan,2,228,4,other,no,0,1,1,Low,0,0,0.01220972
3505,26,blue-collar,married,primary,40,no,yes,cellular,jul,3,-1,0,unknown,no,0,0,1,Low,0,0,0.024254601
3506,36,blue-collar,divorced,primary,102,no,no,cellular,feb,2,-1,0,unknown,no,0,0,0,Low,0,0,0.1166212
3507,31,services,married,secondary,28,yes,no,unknown,may,1,-1,0,unknown,no,0,0,1,Low,0,0,0.023299482
3508,55,management,married,tertiary,6770,no,no,cellular,apr,1,-1,0,unknown,no,0,0,0,High,0,0,0.31279352
3509,54,unemployed,married,primary,1251,no,no,cellular,nov,1,-1,0,unknown,no,0,0,0,Medium,0,0,0.06953778
3510,49,unknown,married,unknown,301,no,no,cellular,aug,2,-1,0,unknown,no,0,0,0,Low,0,0,0.07565984
3511,45,technician,single,unknown,7108,yes,yes,cellular,nov,1,172,3,failure,no,0,1,1,High,0,0,0.0654512
3512,42,management,single,tertiary,759,no,yes,cellular,aug,6,-1,0,unknown,no,0,0,1,Low,0,0,0.08916524
3513,46,admin.,divorced,secondary,0,yes,no,cellular,feb,1,-1,0,unknown,no,0,0,1,Negative,0,0,0.05422462
3514,56,services,married,secondary,9,no,yes,cellular,aug,2,-1,0,unknown,no,0,0,1,Low,0,0,0.027492095
3515,54,housemaid,married,unknown,0,no,no,cellular,apr,5,145,3,other,no,0,1,0,Negative,0,0,0.09889478
3516,59,management,divorced,tertiary,893,yes,no,cellular,apr,4,-1,0,unknown,no,0,0,1,Low,0,0,0.10287717
3517,36,admin.,single,secondary,16,no,no,unknown,jun,2,-1,0,unknown,no,0,0,0,Low,0,0,0.021546876
3518,57,management,married,tertiary,1341,yes,no,unknown,may,2,-1,0,unknown,no,0,0,1,Medium,0,0,0.020270713
3519,28,admin.,single,secondary,392,yes,yes,cellular,feb,2,259,2,failure,no,0,1,1,Low,0,0,0.07418745
3520,38,entrepreneur,single,tertiary,243,no,yes,unknown,may,1,-1,0,unknown,no,0,0,1,Low,0,0,0.04061178
3521,38,services,single,primary,393,yes,no,cellular,may,1,-1,0,unknown,no,0,0,1,Low,0,0,0.13681741
3522,24,admin.,single,tertiary,-61,no,no,cellular,mar,4,-1,0,unknown,yes,1,0,0,Negative,1,0,0.19016801
3523,60,retired,married,primary,37,no,no,cellular,jun,3,-1,0,unknown,no,0,0,0,Low,0,0,0.41542825
3524,44,blue-collar,divorced,secondary,-184,yes,no,cellular,nov,2,154,3,other,no,0,1,1,Negative,0,0,0.04723677
3525,32,entrepreneur,married,unknown,227,yes,no,unknown,may,1,-1,0,unknown,no,0,0,1,Low,0,0,0.022067178
3526,20,student,married,unknown,292,no,no,cellular,may,1,-1,0,unknown,no,0,0,0,Low,0,0,0.103063986
3527,40,services,married,secondary,-626,yes,no,unknown,may,2,-1,0,unknown,no,0,0,1,Negative,0,0,0.014481827
3528,40,self-employed,single,tertiary,1693,yes,no,cellular,nov,1,-1,0,unknown,no,0,0,1,Medium,0,0,0.07544361
3529,31,management,single,tertiary,98,no,no,cellular,aug,2,-1,0,unknown,no,0,0,0,Low,0,0,0.102050535
3530,43,management,married,unknown,275,no,no,cellular,apr,2,339,2,failure,no,0,1,0,Low,0,0,0.05632042
3531,20,student,single,tertiary,556,yes,no,unknown,may,10,-1,0,unknown,no,0,0,1,Low,0,0,0.051046968
3532,40,management,single,secondary,10378,yes,no,cellular,nov,3,-1,0,unknown,no,0,0,1,High,0,0,0.07558314
3533,76,retired,married,secondary,820,no,no,telephone,apr,4,-1,0,unknown,yes,1,0,0,Low,1,0,0.19234726
3534,31,entrepreneur,single,tertiary,37,yes,no,unknown,may,1,-1,0,unknown,no,0,0,1,Low,0,0,0.04328531
3535,55,blue-collar,married,primary,1086,yes,no,cellular,aug,2,-1,0,unknown,no,0,0,1,Medium,0,0,0.07050245
3536,40,management,single,secondary,269,no,no,unknown,jun,1,-1,0,unknown,no,0,0,0,Low,0,0,0.055688646
3537,37,management,married,tertiary,165,no,no,cellular,aug,1,83,1,other,no,0,1,0,Low,0,0,0.15961756
3538,56,retired,married,unknown,230,no,no,cellular,sep,1,92,2,failure,no,0,1,0,Low,0,0,0.47219563
3539,32,unemployed,married,tertiary,283,yes,no,cellular,jul,2,-1,0,unknown,no,0,0,1,Low,0,0,0.054915383
3540,39,housemaid,married,secondary,4136,yes,no,unknown,jun,3,-1,0,unknown,no,0,0,1,Medium,0,0,0.024707753
3541,40,services,married,secondary,-342,yes,no,unknown,may,1,-1,0,unknown,no,0,0,1,Negative,0,0,0.0099236015
3542,42,management,single,tertiary,270,yes,no,cellular,jul,5,-1,0,unknown,no,0,0,1,Low,0,0,0.05883515
3543,40,entrepreneur,married,secondary,-125,no,yes,cellular,jul,5,-1,0,unknown,no,0,0,1,Negative,0,0,0.035357688
3544,68,retired,single,primary,363,no,no,cellular,jan,1,-1,0,unknown,no,0,0,0,Low,0,0,0.16292141
3545,36,services,single,secondary,616,yes,yes,unknown,may,3,-1,0,unknown,no,0,0,1,Low,0,0,0.04475849
3546,44,management,married,tertiary,430,no,no,cellular,may,2,171,2,failure,no,0,1,0,Low,0,0,0.06976733
3547,56,blue-collar,married,primary,136,no,no,cellular,aug,1,-1,0,unknown,no,0,0,0,Low,0,0,0.09478116
3548,52,blue-collar,married,secondary,185,yes,no,unknown,jun,3,-1,0,unknown,no,0,0,1,Low,0,0,0.019887205
3549,33,admin.,single,secondary,598,yes,no,unknown,may,1,-1,0,unknown,no,0,0,1,Low,0,0,0.06761021
3550,33,self-employed,married,tertiary,0,yes,no,cellular,nov,2,-1,0,unknown,no,0,0,1,Negative,0,0,0.048995122
3551,31,technician,married,tertiary,1496,yes,no,cellular,aug,2,-1,0,unknown,no,0,0,1,Medium,0,0,0.05712429
3552,47,management,married,tertiary,902,no,no,cellular,aug,3,-1,0,unknown,no,0,0,0,Low,0,0,0.10242586
3553,63,management,married,unknown,2352,no,no,telephone,may,7,-1,0,unknown,yes,1,0,0,Medium,1,0,0.20282939
3554,31,technician,single,tertiary,454,no,no,cellular,feb,3,-1,0,unknown,no,0,0,0,Low,0,0,0.10292121
3555,46,technician,divorced,tertiary,147,yes,no,cellular,may,1,-1,0,unknown,no,0,0,1,Low,0,0,0.12512557
3556,48,housemaid,married,primary,627,yes,no,unknown,may,5,-1,0,unknown,no,0,0,1,Low,0,0,0.008492463
3557,37,admin.,single,secondary,31,yes,no,cellular,may,9,-1,0,unknown,no,0,0,1,Low,0,0,0.010295242
3558,35,management,single,tertiary,-353,yes,no,cellular,jul,1,-1,0,unknown,no,0,0,1,Negative,0,0,0.025322424
3559,59,services,married,primary,4295,no,no,telephone,jul,3,-1,0,unknown,no,0,0,0,Medium,0,0,0.07189839
3560,34,management,single,tertiary,0,no,no,cellular,feb,3,-1,0,unknown,no,0,0,0,Negative,0,0,0.100140825
3561,42,management,single,tertiary,525,no,no,cellular,aug,2,-1,0,unknown,no,0,0,0,Low,0,0,0.12816764
3562,59,technician,married,secondary,283,no,no,cellular,aug,4,-1,0,unknown,no,0,0,0,Low,0,0,0.05596608
3563,49,entrepreneur,single,secondary,5802,no,no,cellular,aug,3,104,2,success,no,0,1,0,High,0,1,0.52836317
3564,43,admin.,single,secondary,6,no,no,unknown,may,1,-1,0,unknown,no,0,0,0,Low,0,0,0.017160762
3565,51,technician,married,secondary,130,no,no,cellular,aug,3,-1,0,unknown,no,0,0,0,Low,0,0,0.06139136
3566,56,self-employed,married,tertiary,349,yes,no,telephone,may,4,-1,0,unknown,no,0,0,1,Low,0,0,0.013937506
3567,47,unemployed,married,secondary,49,yes,no,cellular,jul,7,-1,0,unknown,no,0,0,1,Low,0,0,0.029522303
3568,38,entrepreneur,divorced,tertiary,7929,no,no,cellular,jul,3,-1,0,unknown,no,0,0,0,High,0,0,0.19071707
3569,44,technician,married,secondary,339,yes,yes,telephone,aug,3,-1,0,unknown,no,0,0,1,Low,0,0,0.03491564
3570,47,technician,married,secondary,-59,yes,yes,cellular,may,1,343,2,failure,no,0,1,1,Negative,0,0,0.04212547
3571,25,blue-collar,single,secondary,150,yes,no,unknown,jun,2,-1,0,unknown,no,0,0,1,Low,0,0,0.23540965
3572,31,housemaid,married,primary,-184,yes,no,cellular,jul,1,-1,0,unknown,no,0,0,1,Negative,0,0,0.036574937
3573,54,housemaid,married,primary,5048,no,no,unknown,jun,1,-1,0,unknown,no,0,0,0,High,0,0,0.014113805
3574,77,retired,married,tertiary,0,no,no,cellular,sep,4,-1,0,unknown,no,0,0,0,Negative,0,0,0.20993324
3575,41,blue-collar,married,primary,438,no,no,cellular,feb,1,-1,0,unknown,no,0,0,0,Low,0,0,0.08296982
3576,40,technician,single,tertiary,539,no,no,cellular,aug,2,-1,0,unknown,no,0,0,0,Low,0,0,0.12221675
3577,38,management,single,tertiary,6742,no,no,cellular,nov,2,-1,0,unknown,no,0,0,0,High,0,0,0.09960993
3578,31,entrepreneur,single,tertiary,-405,yes,yes,cellular,nov,1,100,2,success,no,0,1,1,Negative,0,0,0.49087545
3579,32,technician,married,secondary,91,yes,no,cellular,may,1,-1,0,unknown,no,0,0,1,Low,0,0,0.09250364
3580,42,management,married,tertiary,17,no,no,cellular,aug,6,-1,0,unknown,no,0,0,0,Low,0,0,0.0934088
3581,35,blue-collar,divorced,secondary,0,no,no,cellular,jul,2,-1,0,unknown,no,0,0,0,Negative,0,0,0.15768489
3582,54,management,married,tertiary,810,no,no,cellular,aug,1,-1,0,unknown,no,0,0,0,Low,0,0,0.18123546
3583,28,admin.,married,secondary,934,yes,no,unknown,jul,2,-1,0,unknown,no,0,0,1,Low,0,0,0.0829192
3584,57,housemaid,married,primary,0,no,no,unknown,jun,2,-1,0,unknown,no,0,0,0,Negative,0,0,0.023005305
3585,34,management,single,tertiary,2347,no,yes,cellular,nov,1,-1,0,unknown,no,0,0,1,Medium,0,0,0.04932276
3586,41,technician,single,secondary,1508,no,yes,cellular,jan,2,-1,0,unknown,no,0,0,1,Medium,0,0,0.055864096
3587,34,admin.,married,secondary,613,yes,no,cellular,jun,1,-1,0,unknown,no,0,0,1,Low,0,0,0.3519286
3588,47,blue-collar,married,secondary,-614,yes,no,unknown,may,2,-1,0,unknown,no,0,0,1,Negative,0,0,0.010677994
3589,63,retired,married,tertiary,4692,yes,no,cellular,jul,1,181,2,failure,no,0,1,1,Medium,0,1,0.6691036
3590,34,services,married,secondary,2956,no,no,cellular,aug,2,-1,0,unknown,yes,1,0,0,Medium,1,0,0.13573508
3591,32,admin.,single,secondary,-15,no,no,unknown,may,2,-1,0,unknown,no,0,0,0,Negative,0,0,0.0338562
3592,49,blue-collar,married,unknown,1944,no,no,unknown,jun,1,-1,0,unknown,no,0,0,0,Medium,0,0,0.02940448
3593,37,management,married,tertiary,0,yes,no,cellular,feb,1,-1,0,unknown,no,0,0,1,Negative,0,0,0.072442956
3594,56,blue-collar,married,unknown,0,no,no,cellular,aug,3,-1,0,unknown,no,0,0,0,Negative,0,0,0.035944685
3595,42,entrepreneur,married,tertiary,5345,no,no,unknown,jun,3,-1,0,unknown,yes,1,0,0,High,1,0,0.06333014
3596,54,management,single,tertiary,2081,no,no,cellular,oct,2,108,1,failure,no,0,1,0,Medium,0,0,0.13036081
3597,33,housemaid,single,secondary,191,no,no,cellular,feb,2,-1,0,unknown,no,0,0,0,Low,0,0,0.15605217
3598,48,management,married,secondary,-876,no,yes,cellular,jul,16,-1,0,unknown,no,0,0,1,Negative,0,0,0.00750153
3599,32,technician,married,secondary,524,no,no,cellular,nov,1,106,1,failure,no,0,1,0,Low,0,0,0.024317702
3600,50,entrepreneur,married,tertiary,5420,yes,no,cellular,nov,1,-1,0,unknown,no,0,0,1,High,0,0,0.055609964
3601,49,blue-collar,married,secondary,1838,yes,no,cellular,jul,1,-1,0,unknown,no,0,0,1,Medium,0,0,0.085642695
3602,35,blue-collar,married,secondary,63,yes,no,cellular,apr,1,-1,0,unknown,no,0,0,1,Low,0,0,0.107085206
3603,31,blue-collar,married,secondary,203,yes,no,unknown,may,2,-1,0,unknown,no,0,0,1,Low,0,0,0.017669316
3604,34,services,divorced,secondary,221,yes,no,unknown,may,1,-1,0,unknown,no,0,0,1,Low,0,0,0.063039124
3605,29,self-employed,single,tertiary,300,no,no,cellular,feb,1,-1,0,unknown,no,0,0,0,Low,0,0,0.0994366
3606,42,blue-collar,married,secondary,1386,yes,no,cellular,jul,5,-1,0,unknown,no,0,0,1,Medium,0,0,0.049670484
3607,63,housemaid,married,secondary,2,no,no,cellular,feb,2,93,1,success,no,0,1,0,Low,0,1,0.766961
3608,21,student,single,secondary,546,no,no,unknown,apr,1,-1,0,unknown,no,0,0,0,Low,0,0,0.24580555
3609,33,blue-collar,married,primary,141,yes,no,unknown,may,2,-1,0,unknown,no,0,0,1,Low,0,0,0.030006709
3610,54,unknown,married,unknown,390,no,no,cellular,aug,5,-1,0,unknown,no,0,0,0,Low,0,0,0.06364122
3611,34,management,married,tertiary,-123,yes,no,cellular,jul,3,-1,0,unknown,no,0,0,1,Negative,0,0,0.02819832
3612,33,management,single,tertiary,3655,no,no,cellular,aug,20,-1,0,unknown,no,0,0,0,Medium,0,0,0.031891037
3613,40,services,married,secondary,949,yes,no,cellular,may,3,287,8,failure,no,0,1,1,Low,0,0,0.22541924
3614,56,retired,divorced,tertiary,13094,no,no,cellular,may,1,-1,0,unknown,yes,1,0,0,High,1,0,0.21552126
3615,33,admin.,married,secondary,220,yes,no,unknown,may,1,-1,0,unknown,no,0,0,1,Low,0,0,0.025405115
3616,37,management,single,tertiary,254,no,no,cellular,oct,1,-1,0,unknown,no,0,0,0,Low,0,0,0.32221457
3617,52,technician,married,secondary,0,yes,no,cellular,mar,1,-1,0,unknown,no,0,0,1,Negative,0,1,0.54439086
3618,50,technician,divorced,secondary,148,yes,no,cellular,apr,2,-1,0,unknown,no,0,0,1,Low,0,0,0.064479165
3619,50,admin.,married,secondary,1114,yes,yes,unknown,may,2,-1,0,unknown,no,0,0,1,Medium,0,0,0.013369041
3620,34,management,married,tertiary,-422,yes,no,cellular,jan,3,-1,0,unknown,no,0,0,1,Negative,0,0,0.0301956
3621,32,blue-collar,married,secondary,358,no,no,unknown,may,1,-1,0,unknown,no,0,0,0,Low,0,0,0.026179275
3622,30,technician,married,secondary,384,no,no,cellular,aug,3,-1,0,unknown,no,0,0,0,Low,0,0,0.049291875
3623,35,blue-collar,married,secondary,74,no,no,cellular,jul,2,-1,0,unknown,no,0,0,0,Low,0,0,0.05120869
3624,28,management,single,tertiary,278,no,yes,cellular,jan,1,-1,0,unknown,no,0,0,1,Low,0,0,0.017401442
3625,48,technician,married,secondary,-938,yes,no,cellular,may,1,344,2,failure,no,0,1,1,Negative,0,0,0.10764781
3626,44,technician,divorced,secondary,2179,no,no,cellular,aug,10,-1,0,unknown,no,0,0,0,Medium,0,0,0.05900297
3627,26,blue-collar,single,unknown,477,yes,no,unknown,jun,1,-1,0,unknown,no,0,0,1,Low,0,0,0.117825314
3628,41,management,married,tertiary,328,yes,no,cellular,jul,12,-1,0,unknown,no,0,0,1,Low,0,0,0.020294102
3629,32,technician,single,secondary,12,no,no,cellular,aug,2,-1,0,unknown,no,0,0,0,Low,0,0,0.038655233
3630,59,retired,married,secondary,-48,yes,no,unknown,may,1,-1,0,unknown,no,0,0,1,Negative,0,0,0.028708695
3631,44,admin.,divorced,secondary,163,yes,no,cellular,jul,2,-1,0,unknown,yes,1,0,1,Low,1,0,0.11288413
3632,43,blue-collar,married,primary,223,yes,no,cellular,feb,2,204,2,other,no,0,1,1,Low,0,0,0.025210813
3633,57,management,married,tertiary,-24,yes,no,telephone,nov,1,-1,0,unknown,no,0,0,1,Negative,0,0,0.029160954
3634,34,management,married,secondary,0,no,no,cellular,feb,1,-1,0,unknown,no,0,0,0,Negative,0,0,0.042816065
3635,36,admin.,married,secondary,1733,no,yes,cellular,jul,3,-1,0,unknown,no,0,0,1,Medium,0,0,0.081508905
3636,43,management,married,tertiary,690,yes,no,cellular,aug,3,-1,0,unknown,no,0,0,1,Low,0,0,0.08215661
3637,37,technician,married,secondary,28,no,no,cellular,aug,2,-1,0,unknown,no,0,0,0,Low,0,0,0.034252368
3638,38,services,married,secondary,823,yes,no,unknown,jun,5,-1,0,unknown,no,0,0,1,Low,0,0,0.086003356
3639,59,retired,single,secondary,30,yes,no,unknown,may,1,-1,0,unknown,no,0,0,1,Low,0,0,0.01832477
3640,37,self-employed,married,secondary,160,no,no,unknown,jun,1,-1,0,unknown,no,0,0,0,Low,0,0,0.045901366
3641,59,admin.,married,secondary,1455,yes,no,cellular,jan,2,191,1,failure,no,0,1,1,Medium,0,0,0.0057026916
3642,46,services,married,secondary,451,yes,yes,cellular,may,4,-1,0,unknown,no,0,0,1,Low,0,0,0.05241114
3643,45,services,single,secondary,303,yes,no,cellular,apr,3,-1,0,unknown,no,0,0,1,Low,0,0,0.08380293
3644,54,blue-collar,married,primary,-239,yes,no,unknown,may,1,-1,0,unknown,no,0,0,1,Negative,0,0,0.016099233
3645,34,technician,single,secondary,318,no,yes,cellular,jul,5,-1,0,unknown,no,0,0,1,Low,0,0,0.06925413
3646,38,unemployed,married,secondary,0,yes,yes,cellular,jan,1,-1,0,unknown,no,0,0,1,Negative,0,0,0.036979143
3647,32,technician,single,tertiary,1710,yes,no,cellular,may,1,175,3,other,no,0,1,1,Medium,0,0,0.08826335
3648,42,blue-collar,married,secondary,698,no,no,unknown,jun,2,-1,0,unknown,no,0,0,0,Low,0,0,0.0456441
3649,34,technician,married,secondary,1641,yes,no,cellular,apr,1,-1,0,unknown,no,0,0,1,Medium,0,0,0.074915946
3650,35,blue-collar,married,tertiary,2999,no,no,unknown,jun,6,-1,0,unknown,yes,1,0,0,Medium,1,0,0.06802604
3651,36,blue-collar,married,secondary,402,no,yes,cellular,nov,2,154,1,failure,no,0,1,1,Low,0,0,0.012896097
3652,29,technician,single,secondary,590,no,no,cellular,aug,1,94,1,success,yes,1,1,0,Low,1,0,0.37519205
3653,42,blue-collar,single,unknown,2835,yes,no,telephone,may,4,350,1,failure,no,0,1,1,Medium,0,0,0.096883155
3654,41,unemployed,divorced,secondary,142,yes,no,cellular,jul,3,-1,0,unknown,no,0,0,1,Low,0,0,0.11786189
3655,35,unemployed,single,secondary,9,yes,no,cellular,may,2,364,2,failure,no,0,1,1,Low,0,0,0.09128566
3656,41,blue-collar,married,secondary,5517,yes,no,cellular,jul,1,-1,0,unknown,yes,1,0,1,High,1,0,0.06952095
3657,51,technician,married,secondary,18,no,yes,cellular,jul,6,-1,0,unknown,no,0,0,1,Low,0,0,0.02805227
3658,46,technician,married,tertiary,16,no,no,cellular,jul,3,-1,0,unknown,no,0,0,0,Low,0,0,0.11937925
3659,31,blue-collar,married,secondary,990,yes,yes,cellular,may,1,-1,0,unknown,no,0,0,1,Low,0,0,0.06275933
3660,49,blue-collar,married,primary,3028,yes,no,cellular,may,2,259,3,other,no,0,1,1,Medium,0,0,0.057386696
3661,54,management,married,tertiary,1624,no,no,cellular,may,3,182,10,success,yes,1,1,0,Medium,1,1,0.84383863
3662,25,student,single,secondary,41,yes,no,telephone,aug,2,93,2,failure,no,0,1,1,Low,0,0,0.045643415
3663,42,admin.,married,secondary,1535,yes,no,cellular,aug,1,108,2,failure,no,0,1,1,Medium,0,0,0.06059739
3664,29,blue-collar,single,secondary,1296,yes,yes,cellular,jan,1,240,1,other,no,0,1,1,Medium,0,0,0.0078118183
3665,50,technician,divorced,secondary,380,yes,no,cellular,jan,1,-1,0,unknown,no,0,0,1,Low,0,0,0.024549544
3666,38,blue-collar,married,primary,2240,yes,no,cellular,nov,1,183,1,failure,no,0,1,1,Medium,0,0,0.024549913
3667,32,technician,single,secondary,0,yes,no,unknown,may,1,-1,0,unknown,no,0,0,1,Negative,0,0,0.022369834
3668,40,technician,single,tertiary,1175,no,no,cellular,apr,1,-1,0,unknown,yes,1,0,0,Medium,1,0,0.389909
3669,32,technician,married,secondary,3067,yes,no,unknown,may,2,-1,0,unknown,no,0,0,1,Medium,0,0,0.031926896
3670,43,technician,married,secondary,1358,no,no,cellular,mar,3,-1,0,unknown,yes,1,0,0,Medium,1,1,0.64188576
3671,25,management,single,tertiary,808,no,no,cellular,sep,2,114,2,failure,yes,1,1,0,Low,1,0,0.19650999
3672,33,admin.,married,tertiary,55,yes,no,cellular,jul,1,-1,0,unknown,no,0,0,1,Low,0,0,0.05681667
3673,39,admin.,divorced,secondary,32,no,yes,unknown,jun,10,-1,0,unknown,no,0,0,1,Low,0,0,0.012778627
3674,54,technician,divorced,secondary,320,no,no,cellular,aug,4,-1,0,unknown,no,0,0,0,Low,0,0,0.1298576
3675,26,technician,single,tertiary,515,no,no,cellular,may,1,-1,0,unknown,yes,1,0,0,Low,1,0,0.22324197
3676,35,technician,single,tertiary,0,no,no,cellular,jan,7,-1,0,unknown,yes,1,0,0,Negative,1,0,0.12716827
3677,55,services,divorced,secondary,91,no,no,unknown,may,1,-1,0,unknown,no,0,0,0,Low,0,0,0.011220792
3678,27,management,single,secondary,145,yes,no,cellular,feb,3,-1,0,unknown,no,0,0,1,Low,0,0,0.049565814
3679,29,technician,single,tertiary,673,yes,no,cellular,feb,3,-1,0,unknown,yes,1,0,1,Low,1,0,0.1627
3680,45,admin.,single,unknown,13,yes,no,unknown,may,1,-1,0,unknown,no,0,0,1,Low,0,0,0.010028576
3681,54,blue-collar,single,secondary,105,yes,no,cellular,apr,1,326,3,failure,no,0,1,1,Low,0,0,0.037748586
3682,42,admin.,married,secondary,679,yes,no,unknown,may,2,-1,0,unknown,no,0,0,1,Low,0,0,0.021085728
3683,39,technician,married,unknown,195,no,no,cellular,feb,2,-1,0,unknown,no,0,0,0,Low,0,0,0.0971857
3684,36,unemployed,single,secondary,490,yes,yes,unknown,jun,3,-1,0,unknown,no,0,0,1,Low,0,0,0.09114384
3685,41,entrepreneur,married,tertiary,102,no,no,unknown,may,1,-1,0,unknown,no,0,0,0,Low,0,0,0.03849524
3686,46,admin.,married,primary,-335,yes,no,unknown,jun,1,-1,0,unknown,no,0,0,1,Negative,0,0,0.011629583
3687,43,management,divorced,tertiary,666,no,no,cellular,aug,3,-1,0,unknown,no,0,0,0,Low,0,0,0.09707461
3688,31,blue-collar,single,primary,985,yes,no,unknown,may,2,-1,0,unknown,no,0,0,1,Low,0,0,0.041613113
3689,68,retired,married,secondary,1443,no,no,telephone,dec,2,257,1,success,yes,1,1,0,Medium,1,1,0.6883238
3690,39,retired,divorced,primary,284,no,no,telephone,jul,8,-1,0,unknown,no,0,0,0,Low,0,0,0.052509416
3691,53,self-employed,married,tertiary,2013,no,no,cellular,aug,14,-1,0,unknown,no,0,0,0,Medium,0,0,0.033381715
3692,33,services,married,secondary,107,yes,yes,cellular,may,6,-1,0,unknown,no,0,0,1,Low,0,0,0.052145638
3693,30,services,single,secondary,114,no,yes,cellular,jul,10,-1,0,unknown,no,0,0,1,Low,0,0,0.094177395
3694,51,blue-collar,married,secondary,502,no,no,unknown,jun,2,-1,0,unknown,no,0,0,0,Low,0,0,0.030948404
3695,28,services,divorced,secondary,6,yes,yes,cellular,may,2,278,23,other,no,0,1,1,Low,0,0,0.057872873
3696,35,management,single,secondary,1189,no,yes,cellular,aug,2,-1,0,unknown,no,0,0,1,Medium,0,0,0.12162237
3697,50,management,married,tertiary,4,no,no,cellular,aug,2,-1,0,unknown,no,0,0,0,Low,0,0,0.07112176
3698,50,admin.,married,secondary,-185,no,no,cellular,feb,1,-1,0,unknown,no,0,0,0,Negative,0,0,0.026343493
3699,42,admin.,single,unknown,-138,yes,no,unknown,may,1,-1,0,unknown,no,0,0,1,Negative,0,0,0.007181419
3700,33,management,married,tertiary,685,no,no,cellular,aug,2,-1,0,unknown,no,0,0,0,Low,0,0,0.10839319
3701,34,unemployed,married,tertiary,181,yes,no,cellular,feb,1,-1,0,unknown,no,0,0,1,Low,0,0,0.035278007
3702,53,blue-collar,married,secondary,483,yes,no,cellular,feb,3,-1,0,unknown,no,0,0,1,Low,0,0,0.069024965
3703,35,blue-collar,married,secondary,2737,yes,no,cellular,may,3,-1,0,unknown,no,0,0,1,Medium,0,0,0.14276445
3704,27,management,single,tertiary,541,yes,no,unknown,may,1,-1,0,unknown,no,0,0,1,Low,0,0,0.03284724
3705,26,blue-collar,single,secondary,5005,no,yes,cellular,apr,1,-1,0,unknown,yes,1,0,1,High,1,0,0.12898333
3706,46,technician,married,secondary,2045,yes,no,cellular,nov,2,-1,0,unknown,no,0,0,1,Medium,0,0,0.10171967
3707,51,housemaid,divorced,primary,336,no,no,unknown,jun,1,-1,0,unknown,no,0,0,0,Low,0,0,0.036792602
3708,34,technician,married,secondary,6324,yes,no,cellular,jul,4,-1,0,unknown,no,0,0,1,High,0,0,0.03896832
3709,37,services,divorced,secondary,532,yes,no,unknown,jun,1,-1,0,unknown,no,0,0,1,Low,0,0,0.057830147
3710,55,housemaid,divorced,primary,0,no,no,unknown,jun,8,-1,0,unknown,no,0,0,0,Negative,0,0,0.016970834
3711,59,retired,married,secondary,1066,yes,no,cellular,jan,2,-1,0,unknown,no,0,0,1,Medium,0,0,0.03627205
3712,25,services,single,unknown,-501,yes,yes,unknown,jun,3,-1,0,unknown,no,0,0,1,Negative,0,0,0.076348074
3713,65,retired,married,primary,3629,no,no,cellular,apr,1,-1,0,unknown,yes,1,0,0,Medium,1,1,0.53566986
3714,45,admin.,single,primary,1811,no,no,telephone,jul,7,-1,0,unknown,no,0,0,0,Medium,0,0,0.13743255
3715,51,services,divorced,secondary,-69,yes,no,unknown,may,3,-1,0,unknown,no,0,0,1,Negative,0,0,0.008369167
3716,57,management,married,tertiary,224,yes,no,cellular,jul,4,-1,0,unknown,no,0,0,1,Low,0,0,0.03202874
3717,31,technician,single,secondary,591,yes,yes,cellular,may,5,-1,0,unknown,no,0,0,1,Low,0,0,0.06369304
3718,35,technician,single,tertiary,632,no,no,cellular,aug,1,-1,0,unknown,no,0,0,0,Low,0,0,0.12227014
3719,30,technician,married,tertiary,88,no,no,unknown,jun,1,-1,0,unknown,no,0,0,0,Low,0,0,0.036973607
3720,33,technician,single,secondary,810,yes,no,unknown,may,1,-1,0,unknown,no,0,0,1,Low,0,0,0.03700507
3721,31,technician,single,secondary,4040,yes,no,unknown,jun,2,-1,0,unknown,no,0,0,1,Medium,0,0,0.028193736
3722,37,blue-collar,married,secondary,183,yes,no,unknown,may,4,-1,0,unknown,no,0,0,1,Low,0,0,0.02200276
3723,39,blue-collar,divorced,primary,3,no,yes,unknown,jul,1,-1,0,unknown,no,0,0,1,Low,0,0,0.031079622
3724,29,blue-collar,single,secondary,1166,yes,no,unknown,may,1,-1,0,unknown,no,0,0,1,Medium,0,0,0.0635991
3725,33,management,married,tertiary,296,no,no,cellular,aug,4,-1,0,unknown,no,0,0,0,Low,0,0,0.10753399
3726,41,management,divorced,tertiary,3426,no,no,cellular,oct,1,119,5,success,no,0,1,0,Medium,0,0,0.14364801
3727,39,blue-collar,married,primary,34,yes,no,unknown,may,1,-1,0,unknown,no,0,0,1,Low,0,0,0.0094470065
3728,39,entrepreneur,married,primary,238,yes,yes,cellular,nov,1,-1,0,unknown,no,0,0,1,Low,0,0,0.060488213
3729,58,entrepreneur,married,tertiary,7198,yes,no,unknown,may,5,-1,0,unknown,no,0,0,1,High,0,0,0.016524868
3730,32,blue-collar,married,secondary,25,yes,no,cellular,may,2,345,3,other,no,0,1,1,Low,0,0,0.029076388
3731,33,management,single,tertiary,637,no,no,cellular,aug,2,-1,0,unknown,no,0,0,0,Low,0,0,0.1114727
3732,34,blue-collar,married,secondary,840,yes,no,cellular,may,3,-1,0,unknown,no,0,0,1,Low,0,0,0.1670572
3733,33,blue-collar,married,secondary,0,yes,no,cellular,may,4,-1,0,unknown,no,0,0,1,Negative,0,0,0.05326865
3734,57,management,divorced,tertiary,0,no,yes,cellular,nov,2,-1,0,unknown,no,0,0,1,Negative,0,0,0.039557498
3735,40,blue-collar,married,secondary,1225,yes,no,unknown,may,5,-1,0,unknown,no,0,0,1,Medium,0,0,0.049152233
3736,33,admin.,married,secondary,2228,yes,no,unknown,may,1,-1,0,unknown,no,0,0,1,Medium,0,0,0.022815391
3737,37,blue-collar,married,secondary,0,yes,no,cellular,nov,1,113,5,other,no,0,1,1,Negative,0,0,0.02597137
3738,35,blue-collar,single,secondary,3623,no,no,telephone,oct,1,-1,0,unknown,yes,1,0,0,Medium,1,0,0.22865711
3739,52,admin.,married,secondary,0,no,no,cellular,apr,2,275,1,failure,no,0,1,0,Negative,0,0,0.18167229
3740,45,services,married,primary,323,no,no,cellular,aug,1,-1,0,unknown,no,0,0,0,Low,0,0,0.14869098
3741,29,management,single,tertiary,1895,no,no,cellular,jul,6,-1,0,unknown,no,0,0,0,Medium,0,0,0.13405323
3742,51,blue-collar,divorced,primary,83,yes,no,unknown,may,4,-1,0,unknown,no,0,0,1,Low,0,0,0.030564854
3743,60,self-employed,married,primary,362,no,yes,cellular,jan,1,183,6,success,no,0,1,1,Low,0,1,0.9619219
3744,42,unemployed,married,secondary,202,no,no,unknown,jun,1,-1,0,unknown,no,0,0,0,Low,0,0,0.03833592
3745,35,technician,married,secondary,19,yes,no,unknown,may,2,-1,0,unknown,no,0,0,1,Low,0,0,0.014523112
3746,58,technician,married,tertiary,12322,no,no,telephone,jun,2,-1,0,unknown,no,0,0,0,High,0,0,0.28367364
3747,52,management,married,tertiary,1065,yes,yes,unknown,may,1,-1,0,unknown,no,0,0,1,Medium,0,0,0.0163878
3748,39,housemaid,married,primary,34,yes,no,cellular,jul,3,-1,0,unknown,no,0,0,1,Low,0,0,0.023395706
3749,55,admin.,married,secondary,8304,no,no,cellular,jun,1,-1,0,unknown,yes,1,0,0,High,1,0,0.3528699
3750,60,retired,married,secondary,-240,no,no,cellular,aug,6,-1,0,unknown,no,0,0,0,Negative,0,0,0.29244083
3751,29,blue-collar,single,secondary,-138,yes,yes,unknown,may,5,-1,0,unknown,no,0,0,1,Negative,0,0,0.017335525
3752,32,management,single,tertiary,191,no,no,cellular,jul,4,-1,0,unknown,no,0,0,0,Low,0,0,0.17122096
3753,29,management,single,secondary,0,yes,yes,unknown,may,2,-1,0,unknown,no,0,0,1,Negative,0,0,0.017201077
3754,34,blue-collar,married,secondary,298,yes,no,unknown,may,1,-1,0,unknown,no,0,0,1,Low,0,0,0.049597427
3755,37,management,married,tertiary,3288,no,no,cellular,aug,2,-1,0,unknown,no,0,0,0,Medium,0,0,0.10960483
3756,34,unemployed,single,secondary,1965,no,no,telephone,may,1,-1,0,unknown,yes,1,0,0,Medium,1,0,0.07655925
3757,28,management,single,secondary,62,no,no,cellular,jul,3,-1,0,unknown,no,0,0,0,Low,0,0,0.13570331
3758,31,blue-collar,married,secondary,42,yes,no,unknown,may,3,-1,0,unknown,no,0,0,1,Low,0,0,0.03162883
3759,51,blue-collar,married,secondary,955,no,yes,cellular,dec,3,-1,0,unknown,yes,1,0,1,Low,1,0,0.39957947
3760,29,admin.,divorced,tertiary,0,no,yes,cellular,jul,3,-1,0,unknown,yes,1,0,1,Negative,1,0,0.08759705
3761,33,technician,married,tertiary,575,yes,no,cellular,nov,1,-1,0,unknown,no,0,0,1,Low,0,0,0.070270196
3762,40,entrepreneur,married,primary,3676,yes,yes,unknown,may,1,-1,0,unknown,no,0,0,1,Medium,0,0,0.025264181
3763,45,housemaid,married,secondary,360,no,no,cellular,nov,1,-1,0,unknown,yes,1,0,0,Low,1,0,0.2912425
3764,29,blue-collar,married,primary,-303,yes,yes,unknown,jun,3,-1,0,unknown,no,0,0,1,Negative,0,0,0.010408536
3765,37,management,married,tertiary,57,no,no,cellular,apr,2,84,1,success,no,0,1,0,Low,0,1,0.79594487
3766,30,blue-collar,divorced,primary,-258,yes,no,cellular,may,2,-1,0,unknown,no,0,0,1,Negative,0,0,0.21312068
3767,46,entrepreneur,married,tertiary,406,yes,no,telephone,jul,4,-1,0,unknown,no,0,0,1,Low,0,0,0.04783355
3768,34,technician,married,secondary,-287,yes,yes,unknown,may,1,-1,0,unknown,no,0,0,1,Negative,0,0,0.004263578
3769,31,blue-collar,married,secondary,1030,yes,no,cellular,jul,5,-1,0,unknown,no,0,0,1,Medium,0,0,0.025943803
3770,28,admin.,married,secondary,252,yes,no,unknown,may,1,-1,0,unknown,no,0,0,1,Low,0,0,0.021466644
3771,43,management,married,tertiary,2767,yes,no,cellular,nov,1,186,7,failure,no,0,1,1,Medium,0,0,0.043610025
3772,51,services,married,unknown,7175,no,no,cellular,aug,14,-1,0,unknown,no,0,0,0,High,0,0,0.020239636
3773,36,technician,married,secondary,644,no,no,unknown,jul,1,-1,0,unknown,no,0,0,0,Low,0,0,0.029554466
3774,36,blue-collar,single,secondary,2390,yes,no,unknown,may,12,-1,0,unknown,no,0,0,1,Medium,0,0,0.024746794
3775,61,admin.,divorced,tertiary,89,no,no,cellular,nov,2,95,2,other,no,0,1,0,Low,0,0,0.23084332
3776,51,entrepreneur,married,secondary,-799,no,yes,cellular,jul,3,-1,0,unknown,yes,1,0,1,Negative,1,0,0.044832464
3777,27,blue-collar,single,secondary,3675,no,no,unknown,may,2,-1,0,unknown,no,0,0,0,Medium,0,0,0.14559175
3778,34,technician,married,secondary,904,no,no,cellular,feb,3,-1,0,unknown,no,0,0,0,Low,0,0,0.12183684
3779,25,services,single,secondary,-141,yes,no,cellular,may,2,348,2,failure,no,0,1,1,Negative,0,0,0.026242882
3780,37,technician,married,secondary,1578,no,yes,cellular,aug,6,-1,0,unknown,no,0,0,1,Medium,0,0,0.026302753
3781,32,management,single,tertiary,1493,yes,no,unknown,may,11,-1,0,unknown,no,0,0,1,Medium,0,0,0.05420738
3782,34,self-employed,single,tertiary,9962,no,no,cellular,aug,1,-1,0,unknown,yes,1,0,0,High,1,0,0.11324703
3783,79,retired,married,primary,429,no,no,telephone,jul,2,-1,0,unknown,yes,1,0,0,Low,1,0,0.32119063
3784,38,blue-collar,single,secondary,2422,yes,no,cellular,apr,2,-1,0,unknown,no,0,0,1,Medium,0,0,0.16184653
3785,24,technician,married,secondary,556,yes,no,cellular,aug,2,-1,0,unknown,yes,1,0,1,Low,1,0,0.07141055
3786,47,unemployed,married,secondary,0,no,no,cellular,nov,2,-1,0,unknown,no,0,0,0,Negative,0,0,0.05007777
3787,40,blue-collar,divorced,secondary,-333,yes,no,unknown,may,2,-1,0,unknown,no,0,0,1,Negative,0,0,0.022737026
3788,36,management,married,tertiary,591,yes,no,cellular,aug,5,-1,0,unknown,no,0,0,1,Low,0,0,0.032741193
3789,44,blue-collar,married,secondary,6491,yes,no,unknown,may,1,-1,0,unknown,no,0,0,1,High,0,0,0.017856523
3790,30,self-employed,single,tertiary,432,yes,no,cellular,feb,1,-1,0,unknown,yes,1,0,1,Low,1,0,0.017158309
3791,37,unemployed,married,primary,7005,yes,no,unknown,may,1,-1,0,unknown,no,0,0,1,High,0,0,0.004734742
3792,40,unemployed,married,secondary,219,yes,no,cellular,nov,2,196,1,failure,no,0,1,1,Low,0,0,0.039702818
3793,30,management,divorced,tertiary,726,yes,no,cellular,may,1,-1,0,unknown,no,0,0,1,Low,0,0,0.15973178
3794,34,services,married,secondary,205,yes,no,unknown,may,1,-1,0,unknown,no,0,0,1,Low,0,0,0.00762336
3795,34,services,married,tertiary,277,yes,no,cellular,apr,4,-1,0,unknown,no,0,0,1,Low,0,0,0.04817831
3796,24,admin.,married,secondary,0,yes,no,cellular,apr,1,-1,0,unknown,no,0,0,1,Negative,0,0,0.123087324
3797,37,admin.,married,secondary,1283,yes,no,unknown,may,1,-1,0,unknown,no,0,0,1,Medium,0,0,0.025648925
3798,36,technician,married,tertiary,1731,yes,no,cellular,jun,3,-1,0,unknown,no,0,0,1,Medium,0,0,0.424441
3799,56,blue-collar,married,primary,379,no,no,cellular,aug,5,-1,0,unknown,no,0,0,0,Low,0,0,0.050401993
3800,31,technician,single,secondary,198,no,no,cellular,jan,4,-1,0,unknown,no,0,0,0,Low,0,0,0.08027866
3801,27,management,married,tertiary,802,no,no,cellular,sep,1,-1,0,unknown,yes,1,0,0,Low,1,0,0.36718827
3802,42,self-employed,single,secondary,924,no,no,cellular,feb,1,-1,0,unknown,no,0,0,0,Low,0,0,0.10155324
3803,28,blue-collar,single,secondary,402,yes,no,cellular,may,1,-1,0,unknown,no,0,0,1,Low,0,0,0.1442198
3804,44,services,married,secondary,1864,yes,no,telephone,may,1,-1,0,unknown,no,0,0,1,Medium,0,0,0.058740333
3805,45,technician,married,tertiary,4647,no,no,cellular,jul,3,-1,0,unknown,no,0,0,0,Medium,0,0,0.10344815
3806,40,management,married,primary,738,yes,yes,cellular,apr,2,258,3,failure,no,0,1,1,Low,0,0,0.02262969
3807,38,entrepreneur,divorced,tertiary,504,yes,no,unknown,may,3,-1,0,unknown,no,0,0,1,Low,0,0,0.05756087
3808,47,blue-collar,divorced,primary,7,no,yes,unknown,jun,7,-1,0,unknown,no,0,0,1,Low,0,0,0.057306066
3809,49,technician,married,tertiary,1235,no,no,cellular,aug,3,-1,0,unknown,yes,1,0,0,Medium,1,0,0.116349794
3810,60,management,married,primary,252,yes,yes,cellular,apr,2,147,3,failure,no,0,1,1,Low,0,0,0.05457184
3811,30,technician,married,secondary,1011,yes,no,unknown,may,1,-1,0,unknown,no,0,0,1,Medium,0,0,0.055931576
3812,20,student,single,unknown,457,no,no,cellular,jun,1,-1,0,unknown,no,0,0,0,Low,0,1,0.534077
3813,70,technician,married,secondary,3020,no,no,telephone,apr,1,-1,0,unknown,no,0,0,0,Medium,0,1,0.6615936
3814,33,management,married,tertiary,7154,no,no,cellular,aug,4,129,4,other,no,0,1,0,High,0,0,0.17987324
3815,38,management,married,unknown,1257,no,no,cellular,nov,6,-1,0,unknown,no,0,0,0,Medium,0,0,0.055315536
3816,34,services,single,secondary,-374,yes,no,cellular,may,1,-1,0,unknown,yes,1,0,1,Negative,1,0,0.15567558
3817,45,technician,married,secondary,-149,yes,no,cellular,jul,2,-1,0,unknown,no,0,0,1,Negative,0,0,0.009348742
3818,54,technician,divorced,secondary,0,yes,yes,cellular,feb,2,203,5,failure,no,0,1,1,Negative,0,0,0.03833286
3819,43,unemployed,single,tertiary,408,no,no,cellular,jul,8,-1,0,unknown,no,0,0,0,Low,0,0,0.15760604
3820,53,housemaid,married,primary,104,no,yes,unknown,jun,1,-1,0,unknown,yes,1,0,1,Low,1,0,0.034805525
3821,37,admin.,single,secondary,176,yes,no,cellular,may,2,-1,0,unknown,no,0,0,1,Low,0,0,0.050988805
3822,34,technician,single,tertiary,2733,no,no,cellular,jul,1,-1,0,unknown,yes,1,0,0,Medium,1,0,0.34162685
3823,38,technician,single,secondary,12926,yes,no,cellular,apr,2,307,1,failure,no,0,1,1,High,0,0,0.22915708
3824,36,services,married,secondary,247,yes,no,unknown,may,1,-1,0,unknown,no,0,0,1,Low,0,0,0.027965758
3825,31,entrepreneur,single,tertiary,1454,no,no,cellular,nov,1,-1,0,unknown,no,0,0,0,Medium,0,0,0.0630581
3826,49,housemaid,married,secondary,114,no,no,cellular,jul,2,-1,0,unknown,no,0,0,0,Low,0,0,0.046400513
3827,42,self-employed,married,secondary,487,yes,no,telephone,aug,4,-1,0,unknown,no,0,0,1,Low,0,0,0.04894214
3828,31,technician,married,secondary,-463,yes,no,unknown,may,1,-1,0,unknown,no,0,0,1,Negative,0,0,0.0053752316
3829,49,entrepreneur,married,tertiary,384,no,no,unknown,jun,1,-1,0,unknown,no,0,0,0,Low,0,0,0.056225337
3830,32,services,married,secondary,0,yes,no,telephone,jul,1,-1,0,unknown,no,0,0,1,Negative,0,0,0.059764728
3831,52,management,divorced,tertiary,907,yes,no,unknown,jun,2,-1,0,unknown,no,0,0,1,Low,0,0,0.06162342
3832,63,retired,married,secondary,23047,no,no,cellular,jun,1,139,2,other,no,0,1,0,High,0,0,0.3357675
3833,43,technician,divorced,tertiary,1088,no,no,cellular,aug,3,-1,0,unknown,no,0,0,0,Medium,0,0,0.1267449
3834,30,student,single,secondary,314,no,no,cellular,jun,1,204,6,success,no,0,1,0,Low,0,1,0.78483725
3835,44,management,divorced,tertiary,2058,no,yes,cellular,nov,1,-1,0,unknown,no,0,0,1,Medium,0,0,0.09428504
3836,45,services,married,secondary,4971,no,no,cellular,aug,9,-1,0,unknown,no,0,0,0,Medium,0,0,0.02541914
3837,25,admin.,single,secondary,1,yes,yes,unknown,may,12,-1,0,unknown,no,0,0,1,Low,0,0,0.012624699
3838,33,entrepreneur,single,secondary,-1,yes,no,cellular,nov,2,-1,0,unknown,no,0,0,1,Negative,0,0,0.049060356
3839,58,technician,married,secondary,1476,yes,no,cellular,apr,1,-1,0,unknown,no,0,0,1,Medium,0,0,0.093091436
3840,35,technician,single,secondary,70,yes,no,cellular,oct,2,188,2,other,no,0,1,1,Low,0,0,0.3138087
3841,55,management,divorced,tertiary,2037,no,no,cellular,nov,2,273,1,failure,yes,1,1,0,Medium,1,0,0.107827015
3842,32,blue-collar,married,secondary,1520,yes,no,cellular,nov,1,-1,0,unknown,no,0,0,1,Medium,0,0,0.06361575
3843,28,admin.,married,secondary,330,no,no,cellular,dec,1,188,3,other,yes,1,1,0,Low,1,0,0.25025925
3844,46,blue-collar,married,unknown,83,no,no,unknown,jun,5,-1,0,unknown,no,0,0,0,Low,0,0,0.03358732
3845,38,blue-collar,married,secondary,205,yes,no,unknown,jun,1,-1,0,unknown,no,0,0,1,Low,0,0,0.029961163
3846,44,management,married,tertiary,2400,yes,no,unknown,may,1,-1,0,unknown,no,0,0,1,Medium,0,0,0.023764659
3847,31,management,single,tertiary,0,no,no,cellular,aug,2,-1,0,unknown,no,0,0,0,Negative,0,0,0.0366527
3848,34,blue-collar,single,secondary,3043,yes,yes,cellular,nov,1,-1,0,unknown,yes,1,0,1,Medium,1,0,0.05483454
3849,29,admin.,single,secondary,200,yes,no,cellular,may,1,-1,0,unknown,no,0,0,1,Low,0,0,0.12965049
3850,48,unemployed,married,secondary,926,no,no,cellular,feb,4,185,6,success,yes,1,1,0,Low,1,1,0.9370147
3851,38,technician,divorced,tertiary,1425,yes,no,cellular,jul,4,-1,0,unknown,no,0,0,1,Medium,0,0,0.17346765
3852,32,blue-collar,married,primary,1261,yes,no,unknown,may,1,-1,0,unknown,no,0,0,1,Medium,0,0,0.035630185
3853,49,technician,married,secondary,550,yes,no,unknown,jun,2,-1,0,unknown,no,0,0,1,Low,0,0,0.031712662
3854,38,technician,single,tertiary,1727,no,no,telephone,aug,2,185,6,other,no,0,1,0,Medium,0,0,0.3022928
3855,48,technician,married,secondary,0,no,no,unknown,may,1,-1,0,unknown,yes,1,0,0,Negative,1,0,0.022205386
3856,52,blue-collar,married,secondary,310,yes,no,unknown,may,4,-1,0,unknown,no,0,0,1,Low,0,0,0.014930939
3857,57,retired,married,secondary,4365,no,no,cellular,aug,1,-1,0,unknown,no,0,0,0,Medium,0,0,0.26318267
3858,32,management,single,tertiary,0,no,no,cellular,aug,2,-1,0,unknown,no,0,0,0,Negative,0,0,0.03935192
3859,47,services,married,secondary,3216,yes,no,unknown,may,2,-1,0,unknown,no,0,0,1,Medium,0,0,0.03749253
3860,26,self-employed,single,tertiary,560,no,no,telephone,may,2,-1,0,unknown,no,0,0,0,Low,0,0,0.18075906
3861,43,blue-collar,single,secondary,421,yes,no,unknown,may,3,-1,0,unknown,no,0,0,1,Low,0,0,0.0527374
3862,31,management,single,secondary,99,yes,yes,cellular,nov,1,-1,0,unknown,no,0,0,1,Low,0,0,0.048876464
3863,26,student,single,secondary,782,no,no,cellular,jan,1,-1,0,unknown,no,0,0,0,Low,0,0,0.063544855
3864,27,housemaid,single,secondary,-319,no,yes,cellular,jul,2,-1,0,unknown,no,0,0,1,Negative,0,0,0.009941481
3865,27,admin.,single,secondary,261,yes,yes,cellular,jun,4,-1,0,unknown,yes,1,0,1,Low,1,0,0.2907283
3866,30,admin.,married,secondary,3750,yes,no,cellular,nov,1,-1,0,unknown,no,0,0,1,Medium,0,0,0.15149
3867,32,blue-collar,single,secondary,3658,yes,yes,cellular,nov,4,-1,0,unknown,no,0,0,1,Medium,0,0,0.02992963
3868,32,management,single,tertiary,819,yes,no,cellular,apr,2,-1,0,unknown,yes,1,0,1,Low,1,0,0.062304024
3869,41,housemaid,divorced,secondary,637,yes,yes,unknown,jun,4,-1,0,unknown,no,0,0,1,Low,0,0,0.026802279
3870,64,retired,married,tertiary,846,no,no,cellular,feb,1,181,3,failure,yes,1,1,0,Low,1,0,0.35713664
3871,48,services,single,secondary,3778,yes,no,unknown,jun,6,-1,0,unknown,no,0,0,1,Medium,0,0,0.03183196
3872,43,management,single,secondary,-228,yes,yes,unknown,may,2,-1,0,unknown,no,0,0,1,Negative,0,0,0.033804968
3873,41,self-employed,single,tertiary,1616,no,no,telephone,jan,1,184,7,success,no,0,1,0,Medium,0,0,0.46020028
3874,41,technician,married,secondary,112,yes,no,cellular,jul,1,-1,0,unknown,no,0,0,1,Low,0,0,0.053434268
3875,39,management,married,tertiary,2271,yes,no,unknown,may,2,-1,0,unknown,no,0,0,1,Medium,0,0,0.029444959
3876,37,technician,single,tertiary,453,no,no,cellular,aug,4,-1,0,unknown,no,0,0,0,Low,0,0,0.07432416
3877,46,blue-collar,married,primary,2558,yes,no,telephone,nov,1,167,1,other,no,0,1,1,Medium,0,0,0.08268649
3878,30,unemployed,married,secondary,19,no,no,cellular,nov,5,-1,0,unknown,no,0,0,0,Low,0,0,0.06516032
3879,64,unemployed,divorced,secondary,588,no,no,cellular,mar,1,-1,0,unknown,yes,1,0,0,Low,1,1,0.68871254
3880,57,entrepreneur,married,tertiary,0,no,no,telephone,jun,15,-1,0,unknown,no,0,0,0,Negative,0,0,0.051829405
3881,57,housemaid,married,primary,501,yes,yes,cellular,feb,7,188,2,failure,no,0,1,1,Low,0,0,0.0057310723
3882,32,services,single,tertiary,143,yes,yes,cellular,jul,3,-1,0,unknown,no,0,0,1,Low,0,0,0.12825225
3883,34,management,divorced,tertiary,0,yes,no,cellular,aug,7,-1,0,unknown,no,0,0,1,Negative,0,0,0.031411134
3884,23,student,single,primary,1235,no,no,cellular,sep,2,91,3,failure,no,0,1,0,Medium,0,0,0.24133073
3885,30,self-employed,single,tertiary,0,yes,no,cellular,may,1,301,1,failure,no,0,1,1,Negative,0,0,0.2292473
3886,47,technician,married,tertiary,-512,yes,yes,unknown,may,2,-1,0,unknown,no,0,0,1,Negative,0,0,0.0065578152
3887,56,admin.,married,secondary,33,yes,no,cellular,aug,2,-1,0,unknown,no,0,0,1,Low,0,0,0.025633672
3888,44,technician,divorced,secondary,316,yes,no,cellular,jul,3,-1,0,unknown,no,0,0,1,Low,0,0,0.10972051
3889,57,admin.,married,secondary,567,yes,no,cellular,feb,2,265,3,other,no,0,1,1,Low,0,0,0.022088226
3890,52,admin.,married,secondary,693,no,no,unknown,jun,1,-1,0,unknown,no,0,0,0,Low,0,0,0.027683243
3891,33,management,married,tertiary,158,no,no,cellular,feb,2,-1,0,unknown,yes,1,0,0,Low,1,0,0.13942847
3892,47,services,married,secondary,439,yes,no,cellular,aug,12,-1,0,unknown,no,0,0,1,Low,0,0,0.014194308
3893,48,housemaid,divorced,secondary,-621,no,yes,cellular,jul,3,-1,0,unknown,no,0,0,1,Negative,0,0,0.042999946
3894,34,unemployed,single,secondary,15,no,no,cellular,jan,1,-1,0,unknown,yes,1,0,0,Low,1,0,0.2858181
3895,47,unknown,married,unknown,750,no,no,unknown,jun,1,-1,0,unknown,no,0,0,0,Low,0,0,0.0048219836
3896,35,technician,married,tertiary,1654,no,no,cellular,aug,2,-1,0,unknown,no,0,0,0,Medium,0,0,0.08842005
3897,34,blue-collar,married,unknown,1117,yes,no,unknown,may,1,-1,0,unknown,no,0,0,1,Medium,0,0,0.03351901
3898,31,services,single,secondary,203,yes,no,unknown,may,3,-1,0,unknown,no,0,0,1,Low,0,0,0.031459894
3899,47,management,married,tertiary,5049,no,no,cellular,aug,7,-1,0,unknown,no,0,0,0,High,0,0,0.04438022
3900,34,blue-collar,married,secondary,243,yes,no,unknown,may,1,-1,0,unknown,no,0,0,1,Low,0,0,0.016437827
3901,38,blue-collar,married,secondary,468,yes,no,unknown,may,2,-1,0,unknown,no,0,0,1,Low,0,0,0.02901988
3902,39,self-employed,married,tertiary,5,yes,no,cellular,nov,2,131,1,other,no,0,1,1,Low,0,0,0.026642976
3903,36,blue-collar,married,secondary,218,yes,no,cellular,may,6,-1,0,unknown,yes,1,0,1,Low,1,0,0.046747446
3904,34,management,married,tertiary,63,no,no,cellular,aug,2,-1,0,unknown,no,0,0,0,Low,0,0,0.09739365
3905,40,admin.,single,unknown,358,yes,no,unknown,jun,1,-1,0,unknown,no,0,0,1,Low,0,0,0.028482
3906,44,blue-collar,married,secondary,233,no,yes,cellular,jul,3,-1,0,unknown,no,0,0,1,Low,0,0,0.054966163
3907,26,services,divorced,primary,2,yes,yes,cellular,jul,16,-1,0,unknown,no,0,0,1,Low,0,0,0.10378326
3908,56,management,divorced,tertiary,4266,yes,no,unknown,jun,4,-1,0,unknown,yes,1,0,1,Medium,1,0,0.045205362
3909,38,technician,married,secondary,1,yes,no,cellular,nov,5,199,1,success,no,0,1,1,Low,0,0,0.11077687
3910,31,management,single,tertiary,448,yes,no,cellular,aug,2,-1,0,unknown,no,0,0,1,Low,0,0,0.069927014
3911,39,blue-collar,married,secondary,1102,yes,no,cellular,may,1,357,3,failure,no,0,1,1,Medium,0,0,0.0427885
3912,33,management,single,tertiary,605,no,no,cellular,aug,3,-1,0,unknown,no,0,0,0,Low,0,0,0.090033494
3913,28,management,single,tertiary,202,yes,no,unknown,may,3,-1,0,unknown,no,0,0,1,Low,0,0,0.021603065
3914,55,technician,married,secondary,-308,no,no,cellular,feb,1,-1,0,unknown,yes,1,0,0,Negative,1,0,0.036007274
3915,28,management,divorced,secondary,-76,no,yes,cellular,jul,2,-1,0,unknown,no,0,0,1,Negative,0,0,0.06727054
3916,38,management,married,tertiary,-70,yes,no,cellular,jan,1,2,3,other,no,0,1,1,Negative,0,0,0.029935418
3917,53,blue-collar,married,secondary,-162,yes,no,cellular,jul,6,-1,0,unknown,no,0,0,1,Negative,0,0,0.017777309
3918,47,self-employed,married,tertiary,192,no,no,telephone,jul,6,-1,0,unknown,no,0,0,0,Low,0,0,0.12606618
3919,48,housemaid,married,tertiary,5473,no,no,cellular,feb,2,184,2,success,yes,1,1,0,High,1,1,0.95234746
3920,56,blue-collar,married,secondary,1686,no,no,telephone,apr,2,-1,0,unknown,no,0,0,0,Medium,0,0,0.16365656
3921,47,unknown,married,unknown,28,no,no,unknown,may,2,-1,0,unknown,no,0,0,0,Low,0,0,0.0018302553
3922,27,technician,married,secondary,2183,yes,yes,unknown,may,1,-1,0,unknown,yes,1,0,1,Medium,1,0,0.011489559
3923,42,management,single,tertiary,0,no,no,cellular,sep,1,-1,0,unknown,no,0,0,0,Negative,0,0,0.3667024
3924,30,self-employed,single,tertiary,3343,no,no,cellular,jun,1,-1,0,unknown,yes,1,0,0,Medium,1,0,0.13610564
3925,24,admin.,single,tertiary,0,yes,no,cellular,sep,1,103,2,success,no,0,1,1,Negative,0,1,0.5702726
3926,40,technician,married,tertiary,1641,yes,no,cellular,apr,1,-1,0,unknown,no,0,0,1,Medium,0,0,0.08414872
3927,33,unemployed,married,secondary,-144,no,no,cellular,jul,3,-1,0,unknown,yes,1,0,0,Negative,1,0,0.008496404
3928,37,blue-collar,single,secondary,277,yes,no,unknown,jun,6,-1,0,unknown,no,0,0,1,Low,0,0,0.040492877
3929,49,entrepreneur,married,primary,5380,yes,no,unknown,jun,4,-1,0,unknown,no,0,0,1,High,0,0,0.044494182
3930,44,technician,single,secondary,59,yes,no,cellular,may,4,341,19,failure,no,0,1,1,Low,0,0,0.027267778
3931,36,blue-collar,married,secondary,-406,yes,yes,unknown,may,3,-1,0,unknown,no,0,0,1,Negative,0,0,0.013522611
3932,55,management,married,tertiary,1267,yes,no,unknown,may,2,-1,0,unknown,no,0,0,1,Medium,0,0,0.02268208
3933,54,services,divorced,tertiary,413,no,no,cellular,jul,9,-1,0,unknown,no,0,0,0,Low,0,0,0.05792609
3934,53,blue-collar,married,primary,241,yes,no,cellular,apr,1,325,2,failure,no,0,1,1,Low,0,0,0.025792908
3935,33,housemaid,married,primary,813,no,no,telephone,aug,2,-1,0,unknown,no,0,0,0,Low,0,0,0.015490466
3936,50,management,married,tertiary,8205,yes,no,telephone,oct,3,508,1,other,no,0,1,1,High,0,1,0.75437474
3937,42,technician,single,secondary,-853,yes,no,cellular,may,1,-1,0,unknown,no,0,0,1,Negative,0,0,0.40718603
3938,47,blue-collar,married,secondary,327,yes,no,cellular,apr,1,-1,0,unknown,no,0,0,1,Low,0,0,0.10257415
3939,28,blue-collar,single,secondary,0,no,yes,cellular,jul,1,-1,0,unknown,no,0,0,1,Negative,0,0,0.21239854
3940,31,technician,single,tertiary,53,no,no,cellular,jan,2,-1,0,unknown,no,0,0,0,Low,0,0,0.04694264
3941,35,services,single,secondary,1742,yes,no,cellular,jul,2,-1,0,unknown,no,0,0,1,Medium,0,0,0.062802315
3942,31,blue-collar,married,secondary,1407,yes,no,cellular,may,3,-1,0,unknown,no,0,0,1,Medium,0,0,0.09776323
3943,34,management,divorced,tertiary,36,no,no,telephone,aug,7,-1,0,unknown,no,0,0,0,Low,0,0,0.024740823
3944,51,admin.,married,secondary,91,no,no,cellular,aug,2,-1,0,unknown,no,0,0,0,Low,0,0,0.030315207
3945,49,blue-collar,divorced,secondary,1869,no,yes,unknown,jun,1,-1,0,unknown,no,0,0,1,Medium,0,0,0.036542017
3946,29,technician,married,secondary,23,yes,no,cellular,jun,1,55,2,failure,yes,1,1,1,Low,1,0,0.07836217
3947,39,entrepreneur,married,secondary,10200,yes,no,cellular,apr,4,-1,0,unknown,no,0,0,1,High,0,0,0.15475345
3948,45,blue-collar,divorced,secondary,9,yes,no,unknown,may,6,-1,0,unknown,no,0,0,1,Low,0,0,0.028158858
3949,40,management,divorced,tertiary,9541,no,no,cellular,nov,2,189,1,failure,no,0,1,0,High,0,0,0.1272608
3950,35,unemployed,single,secondary,947,yes,no,unknown,may,2,-1,0,unknown,no,0,0,1,Low,0,0,0.07041223
3951,38,technician,married,secondary,114,no,no,cellular,jul,3,-1,0,unknown,no,0,0,0,Low,0,0,0.1126879
3952,31,technician,single,secondary,1626,no,no,cellular,may,2,286,3,failure,no,0,1,0,Medium,0,0,0.09284242
3953,56,services,married,secondary,-229,no,yes,cellular,jul,10,-1,0,unknown,no,0,0,1,Negative,0,0,0.041703038
3954,27,technician,single,secondary,63,no,no,cellular,feb,1,-1,0,unknown,no,0,0,0,Low,0,0,0.074495345
3955,42,blue-collar,married,secondary,429,yes,no,cellular,may,1,370,1,failure,no,0,1,1,Low,0,0,0.015829768
3956,33,management,married,tertiary,335,no,no,cellular,may,2,-1,0,unknown,no,0,0,0,Low,0,0,0.24888225
3957,27,student,single,tertiary,1134,no,no,cellular,oct,1,183,4,success,yes,1,1,0,Medium,1,1,0.85649896
3958,44,technician,divorced,secondary,14,no,no,cellular,nov,1,92,1,success,yes,1,1,0,Low,1,1,0.90307766
3959,36,management,divorced,tertiary,20,no,yes,unknown,jun,5,-1,0,unknown,no,0,0,1,Low,0,0,0.02656054
3960,49,services,married,secondary,254,yes,no,unknown,may,1,-1,0,unknown,no,0,0,1,Low,0,0,0.017348249
3961,31,blue-collar,single,primary,817,yes,no,cellular,apr,1,-1,0,unknown,no,0,0,1,Low,0,0,0.067846
3962,53,services,married,secondary,-2,yes,yes,cellular,apr,2,-1,0,unknown,no,0,0,1,Negative,0,0,0.06573839
3963,26,blue-collar,single,secondary,396,yes,no,unknown,may,1,-1,0,unknown,no,0,0,1,Low,0,0,0.077385254
3964,55,entrepreneur,divorced,tertiary,903,yes,no,telephone,may,3,-1,0,unknown,no,0,0,1,Low,0,0,0.07840722
3965,53,entrepreneur,married,tertiary,0,no,no,cellular,nov,2,-1,0,unknown,no,0,0,0,Negative,0,0,0.054462846
3966,45,technician,married,tertiary,31630,no,no,cellular,apr,1,-1,0,unknown,no,0,0,0,High,0,1,0.5484384
3967,53,management,married,secondary,4601,yes,no,unknown,jun,4,-1,0,unknown,no,0,0,1,Medium,0,0,0.019044213
3968,54,management,married,secondary,1987,no,no,cellular,jul,3,-1,0,unknown,no,0,0,0,Medium,0,0,0.12692757
3969,31,technician,married,tertiary,1186,no,yes,telephone,jul,16,-1,0,unknown,no,0,0,1,Medium,0,0,0.009104542
3970,44,blue-collar,single,primary,0,yes,no,cellular,jul,1,-1,0,unknown,no,0,0,1,Negative,0,0,0.04915442
3971,44,management,single,tertiary,1356,no,yes,cellular,nov,2,134,2,other,no,0,1,1,Medium,0,0,0.031160718
3972,29,admin.,married,secondary,792,yes,no,cellular,may,2,-1,0,unknown,no,0,0,1,Low,0,0,0.070015356
3973,58,retired,married,secondary,630,no,no,unknown,jun,2,-1,0,unknown,no,0,0,0,Low,0,0,0.031008078
3974,40,management,married,tertiary,-1737,yes,yes,cellular,jul,4,-1,0,unknown,no,0,0,1,Negative,0,0,0.0027542647
3975,34,blue-collar,married,unknown,245,yes,no,unknown,may,1,-1,0,unknown,no,0,0,1,Low,0,0,0.013585651
3976,39,housemaid,married,primary,4899,no,no,unknown,jun,2,-1,0,unknown,no,0,0,0,Medium,0,0,0.01043741
3977,43,blue-collar,married,primary,8,no,no,telephone,jul,5,-1,0,unknown,no,0,0,0,Low,0,0,0.02241174
3978,58,retired,single,secondary,-158,yes,no,cellular,feb,1,8,1,other,no,0,1,1,Negative,0,0,0.036915433
3979,41,unemployed,divorced,primary,487,no,no,cellular,nov,1,200,1,failure,no,0,1,0,Low,0,0,0.17600448
3980,45,admin.,married,secondary,251,yes,no,cellular,may,2,259,2,failure,no,0,1,1,Low,0,0,0.04277993
3981,62,retired,married,secondary,569,no,no,cellular,aug,1,1,8,success,yes,1,1,0,Low,1,1,0.73378444
3982,37,management,married,tertiary,0,yes,no,telephone,jul,8,-1,0,unknown,no,0,0,1,Negative,0,0,0.027829165
3983,30,technician,single,secondary,1532,no,no,cellular,sep,1,489,6,failure,no,0,1,0,Medium,0,1,0.83321095
3984,36,services,married,secondary,11462,yes,no,cellular,nov,1,-1,0,unknown,yes,1,0,1,High,1,0,0.08776881
3985,46,blue-collar,married,primary,2499,yes,no,unknown,may,3,-1,0,unknown,no,0,0,1,Medium,0,0,0.06188598
3986,44,unemployed,single,tertiary,810,no,no,cellular,aug,1,-1,0,unknown,no,0,0,0,Low,0,0,0.2638865
3987,40,admin.,single,secondary,963,yes,no,cellular,apr,1,-1,0,unknown,no,0,0,1,Low,0,0,0.06796413
3988,55,blue-collar,married,secondary,2854,yes,no,cellular,may,1,-1,0,unknown,no,0,0,1,Medium,0,0,0.07791321
3989,42,services,divorced,unknown,-291,yes,no,cellular,jul,2,-1,0,unknown,no,0,0,1,Negative,0,0,0.17318672
3990,53,technician,single,secondary,6164,yes,no,cellular,nov,1,-1,0,unknown,no,0,0,1,High,0,0,0.09509432
3991,49,blue-collar,married,primary,239,no,no,cellular,aug,3,-1,0,unknown,no,0,0,0,Low,0,0,0.04720708
3992,37,blue-collar,married,primary,204,yes,no,unknown,may,4,-1,0,unknown,no,0,0,1,Low,0,0,0.013447783
3993,42,entrepreneur,married,tertiary,2249,yes,no,telephone,apr,2,136,6,failure,no,0,1,1,Medium,0,0,0.28924522
3994,58,housemaid,married,tertiary,2858,no,no,cellular,jul,6,-1,0,unknown,no,0,0,0,Medium,0,1,0.5097515
3995,30,admin.,single,tertiary,218,no,no,unknown,jul,2,-1,0,unknown,no,0,0,0,Low,0,0,0.08124938
3996,53,services,married,secondary,341,no,no,cellular,apr,2,-1,0,unknown,yes,1,0,0,Low,1,0,0.3870618
3997,38,admin.,married,secondary,-33,no,no,cellular,jan,1,-1,0,unknown,no,0,0,0,Negative,0,0,0.023990422
3998,35,technician,married,secondary,1067,no,yes,cellular,aug,6,-1,0,unknown,no,0,0,1,Medium,0,0,0.10371325
3999,71,retired,married,secondary,1696,no,no,cellular,oct,1,-1,0,unknown,yes,1,0,0,Medium,1,0,0.32346174
4000,40,self-employed,married,primary,422,yes,no,unknown,may,3,-1,0,unknown,no,0,0,1,Low,0,0,0.020358486
4001,31,student,single,tertiary,64,no,no,cellular,sep,1,105,2,success,no,0,1,0,Low,0,1,0.8522648
4002,35,self-employed,married,tertiary,0,no,no,cellular,jul,1,-1,0,unknown,no,0,0,0,Negative,0,0,0.097906746
4003,28,admin.,single,tertiary,313,no,yes,cellular,jul,2,326,4,failure,no,0,1,1,Low,0,0,0.067045175
4004,58,management,married,tertiary,714,yes,no,unknown,may,6,-1,0,unknown,no,0,0,1,Low,0,0,0.013318811
4005,50,blue-collar,married,secondary,170,yes,yes,unknown,may,13,-1,0,unknown,no,0,0,1,Low,0,0,0.0031063983
4006,44,blue-collar,married,secondary,167,yes,no,cellular,may,2,373,1,failure,no,0,1,1,Low,0,0,0.31278926
4007,49,self-employed,divorced,secondary,6116,yes,no,cellular,nov,1,-1,0,unknown,no,0,0,1,High,0,0,0.098755844
4008,46,housemaid,divorced,secondary,154,no,no,unknown,jun,1,-1,0,unknown,no,0,0,0,Low,0,0,0.018369269
4009,30,management,married,tertiary,1908,no,no,cellular,aug,1,-1,0,unknown,no,0,0,0,Medium,0,0,0.15669206
4010,62,retired,married,secondary,13,no,no,telephone,aug,1,-1,0,unknown,no,0,0,0,Low,0,0,0.09627647
4011,66,retired,married,tertiary,1948,no,no,cellular,oct,2,269,2,failure,yes,1,1,0,Medium,1,0,0.32168943
4012,34,services,married,secondary,2825,yes,no,cellular,may,1,-1,0,unknown,no,0,0,1,Medium,0,0,0.16205606
4013,29,technician,single,secondary,286,no,no,telephone,feb,2,-1,0,unknown,no,0,0,0,Low,0,0,0.08919355
4014,72,retired,married,primary,3856,no,no,cellular,dec,4,115,1,other,yes,1,1,0,Medium,1,1,0.51013386
4015,51,technician,married,tertiary,2506,no,no,cellular,nov,3,-1,0,unknown,no,0,0,0,Medium,0,0,0.14210795
4016,32,technician,married,tertiary,432,yes,no,cellular,nov,2,195,1,other,no,0,1,1,Low,0,0,0.097846285
4017,32,management,single,tertiary,4291,no,no,cellular,aug,9,-1,0,unknown,yes,1,0,0,Medium,1,0,0.056980476
4018,37,management,married,tertiary,0,yes,no,unknown,jun,13,-1,0,unknown,no,0,0,1,Negative,0,0,0.013204257
4019,51,services,married,primary,-553,yes,no,unknown,jun,8,-1,0,unknown,no,0,0,1,Negative,0,0,0.020402754
4020,35,services,single,secondary,2467,no,no,cellular,nov,5,-1,0,unknown,no,0,0,0,Medium,0,0,0.07572967
4021,48,admin.,divorced,secondary,238,yes,no,unknown,may,2,-1,0,unknown,no,0,0,1,Low,0,0,0.029087143
4022,55,retired,married,tertiary,101,yes,no,cellular,jul,1,-1,0,unknown,no,0,0,1,Low,0,0,0.035779353
4023,34,management,single,tertiary,250,no,no,cellular,aug,2,-1,0,unknown,no,0,0,0,Low,0,0,0.07291584
4024,43,technician,married,secondary,-496,yes,no,unknown,may,2,-1,0,unknown,no,0,0,1,Negative,0,0,0.0046705995
4025,20,student,single,secondary,602,yes,no,cellular,may,4,-1,0,unknown,no,0,0,1,Low,0,0,0.055564977
4026,58,retired,married,primary,1,no,no,cellular,aug,4,-1,0,unknown,no,0,0,0,Low,0,0,0.030919742
4027,41,blue-collar,married,primary,1428,yes,yes,cellular,may,1,-1,0,unknown,no,0,0,1,Medium,0,0,0.067999475
4028,49,services,divorced,secondary,0,yes,yes,unknown,may,1,-1,0,unknown,no,0,0,1,Negative,0,0,0.019060958
4029,34,self-employed,single,tertiary,72,yes,no,unknown,jun,1,-1,0,unknown,no,0,0,1,Low,0,0,0.024827605
4030,53,technician,married,tertiary,6072,no,yes,unknown,jun,4,-1,0,unknown,no,0,0,1,High,0,0,0.039100483
4031,28,blue-collar,married,primary,32,yes,no,unknown,may,1,-1,0,unknown,no,0,0,1,Low,0,0,0.012855789
4032,27,services,married,secondary,511,yes,no,unknown,jun,5,-1,0,unknown,no,0,0,1,Low,0,0,0.082183294
4033,30,admin.,single,secondary,873,no,no,cellular,oct,1,216,2,failure,no,0,1,0,Low,0,0,0.3299823
4034,29,management,married,tertiary,198,yes,no,cellular,aug,1,1,1,failure,no,0,1,1,Low,0,0,0.06556385
4035,50,housemaid,married,primary,5296,no,no,cellular,nov,7,-1,0,unknown,no,0,0,0,High,0,0,0.03628877
4036,49,technician,divorced,tertiary,596,yes,no,telephone,sep,1,-1,0,unknown,yes,1,0,1,Low,1,0,0.22957675
4037,49,entrepreneur,married,primary,199,no,no,unknown,may,2,-1,0,unknown,no,0,0,0,Low,0,0,0.018334517
4038,41,unemployed,married,tertiary,0,no,no,cellular,jan,1,-1,0,unknown,no,0,0,0,Negative,0,0,0.0742759
4039,48,management,divorced,primary,432,yes,no,unknown,may,2,-1,0,unknown,no,0,0,1,Low,0,0,0.022856263
4040,52,blue-collar,married,primary,924,no,no,cellular,aug,4,-1,0,unknown,no,0,0,0,Low,0,0,0.05226865
4041,37,technician,married,secondary,95,no,no,cellular,feb,3,-1,0,unknown,no,0,0,0,Low,0,0,0.07410963
4042,49,admin.,married,secondary,82,yes,no,unknown,may,1,-1,0,unknown,no,0,0,1,Low,0,0,0.021109505
4043,50,management,single,tertiary,0,no,no,cellular,aug,4,-1,0,unknown,no,0,0,0,Negative,0,0,0.041115932
4044,33,management,single,secondary,99,yes,no,unknown,may,11,-1,0,unknown,no,0,0,1,Low,0,0,0.009256575
4045,40,admin.,divorced,secondary,-541,yes,yes,unknown,may,4,-1,0,unknown,no,0,0,1,Negative,0,0,0.0099367
4046,39,admin.,single,secondary,-25,yes,no,unknown,may,1,-1,0,unknown,no,0,0,1,Negative,0,0,0.017696286
4047,46,technician,married,secondary,198,yes,no,cellular,jan,1,2,6,other,no,0,1,1,Low,0,0,0.11240417
4048,50,admin.,single,secondary,167,no,yes,cellular,jul,3,-1,0,unknown,no,0,0,1,Low,0,0,0.050424002
4049,36,management,divorced,tertiary,14930,no,no,cellular,jul,1,-1,0,unknown,no,0,0,0,High,0,0,0.14457577
4050,62,unemployed,married,secondary,780,no,no,cellular,aug,2,-1,0,unknown,yes,1,0,0,Low,1,0,0.09039683
4051,38,management,married,tertiary,1198,yes,no,cellular,sep,3,213,1,failure,no,0,1,1,Medium,0,0,0.24165748
4052,46,admin.,married,secondary,120,yes,no,unknown,may,11,-1,0,unknown,no,0,0,1,Low,0,0,0.011282456
4053,55,blue-collar,married,primary,3297,yes,yes,telephone,apr,1,-1,0,unknown,no,0,0,1,Medium,0,0,0.087127484
4054,76,retired,married,primary,3324,no,no,cellular,aug,2,192,1,failure,yes,1,1,0,Medium,1,0,0.1159911
4055,27,blue-collar,married,secondary,818,yes,no,unknown,jun,5,-1,0,unknown,no,0,0,1,Low,0,0,0.13918005
4056,31,blue-collar,married,secondary,136,no,no,cellular,may,2,267,1,failure,yes,1,1,0,Low,1,0,0.114822
4057,41,blue-collar,married,primary,1356,yes,no,cellular,may,2,-1,0,unknown,no,0,0,1,Medium,0,0,0.101948835
4058,39,technician,married,secondary,186,no,no,cellular,feb,1,-1,0,unknown,no,0,0,0,Low,0,0,0.0994089
4059,58,self-employed,married,tertiary,2596,no,no,telephone,nov,2,-1,0,unknown,no,0,0,0,Medium,0,0,0.06238161
4060,44,blue-collar,married,secondary,215,no,yes,cellular,jul,5,-1,0,unknown,no,0,0,1,Low,0,0,0.032641053
4061,42,blue-collar,married,unknown,1323,yes,no,unknown,may,1,-1,0,unknown,no,0,0,1,Medium,0,0,0.0484965
4062,33,student,single,secondary,706,yes,no,cellular,feb,2,-1,0,unknown,no,0,0,1,Low,0,0,0.079099715
4063,32,services,single,secondary,406,yes,no,unknown,may,1,-1,0,unknown,no,0,0,1,Low,0,0,0.029992959
4064,33,services,married,secondary,0,yes,no,cellular,jan,1,-1,0,unknown,no,0,0,1,Negative,0,0,0.01114795
4065,56,retired,divorced,secondary,-166,no,yes,cellular,aug,2,-1,0,unknown,no,0,0,1,Negative,0,0,0.043159354
4066,44,blue-collar,married,secondary,1671,no,no,unknown,jun,1,-1,0,unknown,no,0,0,0,Medium,0,0,0.043237783
4067,54,admin.,married,secondary,276,yes,yes,cellular,apr,1,-1,0,unknown,no,0,0,1,Low,0,0,0.2073125
4068,27,management,single,tertiary,406,no,no,cellular,feb,9,-1,0,unknown,no,0,0,0,Low,0,0,0.121552214
4069,26,blue-collar,married,primary,133,no,yes,cellular,jul,3,-1,0,unknown,no,0,0,1,Low,0,0,0.10518002
4070,54,blue-collar,divorced,secondary,154,yes,no,unknown,may,12,-1,0,unknown,no,0,0,1,Low,0,0,0.058642257
4071,31,management,single,tertiary,4718,yes,no,cellular,nov,1,-1,0,unknown,yes,1,0,1,Medium,1,0,0.1355023
4072,48,admin.,married,secondary,156,no,no,cellular,aug,1,-1,0,unknown,yes,1,0,0,Low,1,0,0.14539485
4073,41,entrepreneur,married,tertiary,373,no,no,unknown,jun,3,-1,0,unknown,no,0,0,0,Low,0,0,0.06069468
4074,46,management,married,secondary,790,yes,no,cellular,apr,1,-1,0,unknown,no,0,0,1,Low,0,0,0.080482
4075,35,blue-collar,married,secondary,0,yes,no,cellular,may,1,360,2,failure,no,0,1,1,Negative,0,0,0.016120775
4076,43,management,divorced,tertiary,580,yes,no,cellular,may,1,284,2,failure,yes,1,1,1,Low,1,0,0.039448366
4077,40,services,married,secondary,0,no,no,unknown,jun,2,-1,0,unknown,no,0,0,0,Negative,0,0,0.032723937
4078,35,admin.,married,secondary,76,no,yes,unknown,jun,1,-1,0,unknown,no,0,0,1,Low,0,0,0.039557446
4079,34,entrepreneur,married,secondary,-868,yes,no,unknown,jun,2,-1,0,unknown,no,0,0,1,Negative,0,0,0.03217628
4080,58,management,divorced,tertiary,1573,yes,yes,cellular,nov,1,-1,0,unknown,no,0,0,1,Medium,0,0,0.13619533
4081,60,retired,married,secondary,1690,no,no,unknown,jun,4,-1,0,unknown,yes,1,0,0,Medium,1,0,0.03765414
4082,31,blue-collar,married,primary,856,yes,no,unknown,may,3,-1,0,unknown,no,0,0,1,Low,0,0,0.10652467
4083,43,services,married,secondary,0,no,no,unknown,jun,1,-1,0,unknown,no,0,0,0,Negative,0,0,0.033455603
4084,76,retired,married,tertiary,2991,no,no,cellular,jan,1,95,2,success,no,0,1,0,Medium,0,1,0.5161991
4085,35,blue-collar,married,secondary,-151,yes,no,cellular,feb,2,-1,0,unknown,no,0,0,1,Negative,0,0,0.017338783
4086,39,housemaid,married,primary,0,yes,no,telephone,jul,6,-1,0,unknown,no,0,0,1,Negative,0,0,0.033191863
4087,33,entrepreneur,married,secondary,137,yes,no,cellular,jul,3,-1,0,unknown,no,0,0,1,Low,0,0,0.07394553
4088,47,unemployed,married,primary,324,no,no,cellular,nov,2,-1,0,unknown,yes,1,0,0,Low,1,0,0.10012003
4089,36,technician,married,secondary,3,no,no,cellular,aug,4,-1,0,unknown,no,0,0,0,Low,0,0,0.037440356
4090,30,management,married,tertiary,105,no,no,cellular,aug,2,-1,0,unknown,no,0,0,0,Low,0,0,0.072790675
4091,57,unknown,married,unknown,2266,no,no,unknown,jun,5,-1,0,unknown,no,0,0,0,Medium,0,0,0.013598335
4092,50,retired,divorced,secondary,4861,no,no,unknown,jun,3,-1,0,unknown,no,0,0,0,Medium,0,0,0.017908555
4093,30,technician,married,secondary,6843,no,no,cellular,aug,1,-1,0,unknown,no,0,0,0,High,0,0,0.16463763
4094,38,admin.,married,tertiary,1980,no,no,cellular,aug,2,-1,0,unknown,no,0,0,0,Medium,0,0,0.12449238
4095,31,management,single,tertiary,6495,no,no,cellular,may,2,35,3,failure,no,0,1,0,High,0,0,0.17722815
4096,33,services,divorced,secondary,339,yes,no,unknown,may,4,-1,0,unknown,no,0,0,1,Low,0,0,0.045186326
4097,51,admin.,married,tertiary,1463,yes,no,telephone,jul,1,-1,0,unknown,no,0,0,1,Medium,0,0,0.048555344
4098,38,admin.,divorced,secondary,673,yes,no,cellular,may,1,170,3,other,no,0,1,1,Low,0,0,0.047315247
4099,35,services,married,secondary,347,yes,no,cellular,may,4,-1,0,unknown,no,0,0,1,Low,0,0,0.080662705
4100,30,technician,single,tertiary,699,yes,no,cellular,aug,4,-1,0,unknown,no,0,0,1,Low,0,0,0.11094321
4101,40,entrepreneur,married,secondary,780,yes,no,unknown,jun,1,-1,0,unknown,no,0,0,1,Low,0,0,0.016547993
4102,30,management,single,secondary,8101,yes,no,cellular,nov,1,-1,0,unknown,no,0,0,1,High,0,0,0.26500696
4103,31,admin.,married,tertiary,608,yes,no,cellular,apr,2,-1,0,unknown,no,0,0,1,Low,0,1,0.50297844
4104,36,technician,single,tertiary,97,no,no,cellular,aug,17,-1,0,unknown,no,0,0,0,Low,0,0,0.009106319
4105,33,technician,single,secondary,1429,yes,no,cellular,aug,8,-1,0,unknown,yes,1,0,1,Medium,1,0,0.04171135
4106,49,technician,married,secondary,412,no,no,cellular,aug,8,-1,0,unknown,yes,1,0,0,Low,1,0,0.014865583
4107,54,self-employed,married,tertiary,542,no,no,telephone,feb,5,-1,0,unknown,no,0,0,0,Low,0,0,0.0147988405
4108,32,technician,married,secondary,221,yes,no,unknown,may,4,-1,0,unknown,no,0,0,1,Low,0,0,0.017848864
4109,31,blue-collar,married,secondary,79,yes,yes,cellular,jul,11,-1,0,unknown,no,0,0,1,Low,0,0,0.07805536
4110,45,technician,married,primary,3388,no,no,unknown,jun,7,-1,0,unknown,no,0,0,0,Medium,0,0,0.01925808
4111,41,management,married,tertiary,285,yes,no,cellular,aug,4,147,4,failure,no,0,1,1,Low,0,0,0.31599656
4112,55,blue-collar,divorced,primary,215,no,no,unknown,jun,1,-1,0,unknown,no,0,0,0,Low,0,0,0.037344206
4113,39,technician,single,secondary,1435,no,no,cellular,jun,1,296,19,other,yes,1,1,0,Medium,1,0,0.33056614
4114,33,technician,married,secondary,162,yes,yes,cellular,jul,2,-1,0,unknown,no,0,0,1,Low,0,0,0.0656636
4115,25,admin.,married,unknown,349,yes,no,cellular,jul,8,-1,0,unknown,yes,1,0,1,Low,1,0,0.13562928
4116,38,self-employed,married,secondary,215,yes,no,cellular,may,2,175,2,failure,no,0,1,1,Low,0,0,0.022185382
4117,39,services,divorced,secondary,282,yes,no,cellular,jul,1,-1,0,unknown,no,0,0,1,Low,0,0,0.15233818
4118,42,blue-collar,married,secondary,314,yes,yes,unknown,may,2,-1,0,unknown,no,0,0,1,Low,0,0,0.039841942
4119,52,services,married,secondary,1645,no,no,cellular,aug,1,-1,0,unknown,no,0,0,0,Medium,0,0,0.10878053
4120,37,technician,married,secondary,710,yes,no,unknown,may,3,-1,0,unknown,no,0,0,1,Low,0,0,0.019507999
4121,41,blue-collar,married,secondary,1236,yes,no,cellular,may,3,-1,0,unknown,yes,1,0,1,Medium,1,0,0.12526348
4122,38,technician,married,secondary,6728,no,no,cellular,nov,1,96,4,success,yes,1,1,0,High,1,0,0.38322148
4123,46,management,divorced,secondary,177,no,no,cellular,aug,2,-1,0,unknown,no,0,0,0,Low,0,0,0.048515227
4124,27,unemployed,married,secondary,1228,no,no,cellular,jul,2,-1,0,unknown,no,0,0,0,Medium,0,0,0.119140066
4125,45,technician,single,tertiary,302,yes,no,cellular,nov,2,154,4,failure,no,0,1,1,Low,0,0,0.037484657
4126,45,retired,divorced,secondary,187,yes,no,cellular,may,2,-1,0,unknown,no,0,0,1,Low,0,0,0.035677303
4127,40,blue-collar,married,secondary,952,no,yes,unknown,jun,1,-1,0,unknown,no,0,0,1,Low,0,0,0.07521893
4128,45,entrepreneur,married,tertiary,169,no,no,cellular,aug,4,-1,0,unknown,no,0,0,0,Low,0,0,0.058474462
4129,47,admin.,married,secondary,769,yes,no,cellular,may,1,265,2,failure,no,0,1,1,Low,0,0,0.043440744
4130,41,blue-collar,married,primary,-204,yes,yes,unknown,jun,1,-1,0,unknown,no,0,0,1,Negative,0,0,0.01984842
4131,53,blue-collar,married,secondary,20,no,no,cellular,aug,7,-1,0,unknown,no,0,0,0,Low,0,0,0.025417993
4132,34,management,married,tertiary,5878,no,no,cellular,jan,7,98,3,success,no,0,1,0,High,0,0,0.24966612
4133,53,retired,married,secondary,4968,no,no,cellular,may,1,87,2,failure,no,0,1,0,Medium,0,0,0.15104704
4134,30,technician,married,tertiary,239,no,no,telephone,oct,1,-1,0,unknown,no,0,0,0,Low,0,1,0.67319936
4135,38,entrepreneur,married,primary,-21,yes,no,cellular,jul,2,-1,0,unknown,no,0,0,1,Negative,0,0,0.029298674
4136,43,management,married,tertiary,15423,yes,yes,cellular,nov,2,-1,0,unknown,no,0,0,1,High,0,0,0.039171435
4137,35,technician,single,secondary,7530,no,no,cellular,nov,1,-1,0,unknown,no,0,0,0,High,0,0,0.0994375
4138,46,retired,married,primary,0,no,no,unknown,may,2,-1,0,unknown,no,0,0,0,Negative,0,0,0.014226685
4139,60,management,married,unknown,6313,no,no,unknown,jun,2,-1,0,unknown,no,0,0,0,High,0,0,0.019824097
4140,59,retired,married,primary,255,no,yes,cellular,aug,6,-1,0,unknown,no,0,0,1,Low,0,0,0.02995868
4141,52,blue-collar,married,secondary,543,yes,no,cellular,apr,2,-1,0,unknown,no,0,0,1,Low,0,0,0.07889202
4142,32,management,married,primary,5,yes,no,cellular,apr,2,-1,0,unknown,no,0,0,1,Low,0,0,0.09531101
4143,26,technician,single,tertiary,4130,no,no,cellular,jan,2,-1,0,unknown,no,0,0,0,Medium,0,0,0.32660332
4144,29,technician,single,tertiary,101,no,no,unknown,jul,4,-1,0,unknown,no,0,0,0,Low,0,0,0.26659483
4145,48,admin.,divorced,secondary,-513,yes,no,cellular,may,4,362,1,other,no,0,1,1,Negative,0,0,0.066803776
4146,39,admin.,divorced,secondary,458,no,no,cellular,nov,2,-1,0,unknown,no,0,0,0,Low,0,0,0.08178374
4147,40,entrepreneur,married,secondary,2252,no,no,unknown,jun,1,-1,0,unknown,no,0,0,0,Medium,0,0,0.025504867
4148,60,blue-collar,married,primary,109,no,no,unknown,jun,5,-1,0,unknown,no,0,0,0,Low,0,0,0.0152766295
4149,36,unemployed,single,tertiary,221,no,no,cellular,feb,4,-1,0,unknown,no,0,0,0,Low,0,0,0.11361926
4150,36,technician,single,secondary,12,no,no,cellular,aug,2,-1,0,unknown,yes,1,0,0,Low,1,0,0.058874153
4151,56,retired,married,tertiary,87,no,no,cellular,jul,2,-1,0,unknown,no,0,0,0,Low,0,0,0.067424975
4152,39,management,single,tertiary,202,yes,no,cellular,may,1,301,1,other,no,0,1,1,Low,0,0,0.09933377
4153,25,technician,single,secondary,582,no,yes,cellular,feb,1,-1,0,unknown,no,0,0,1,Low,0,0,0.15980403
4154,28,admin.,single,secondary,261,yes,yes,cellular,jul,7,182,9,success,no,0,1,1,Low,0,1,0.5490251
4155,33,management,single,tertiary,259,no,no,cellular,apr,6,-1,0,unknown,no,0,0,0,Low,0,0,0.21905354
4156,35,blue-collar,married,secondary,331,yes,no,unknown,jun,3,-1,0,unknown,no,0,0,1,Low,0,0,0.06655863
4157,51,technician,married,secondary,1327,no,no,cellular,jul,2,-1,0,unknown,no,0,0,0,Medium,0,0,0.08665709
4158,39,blue-collar,single,secondary,217,yes,no,unknown,may,1,-1,0,unknown,no,0,0,1,Low,0,0,0.027590098
4159,55,entrepreneur,married,primary,38,no,yes,unknown,jun,1,-1,0,unknown,no,0,0,1,Low,0,0,0.05590576
4160,32,technician,single,tertiary,5514,no,no,cellular,apr,1,182,1,success,yes,1,1,0,High,1,1,0.78841954
4161,60,retired,married,secondary,1141,no,yes,cellular,jul,2,-1,0,unknown,no,0,0,1,Medium,0,0,0.072397724
4162,36,blue-collar,married,secondary,2454,yes,no,cellular,apr,1,-1,0,unknown,no,0,0,1,Medium,0,0,0.09912622
4163,54,management,married,tertiary,0,no,no,cellular,aug,3,-1,0,unknown,no,0,0,0,Negative,0,0,0.106086336
4164,33,blue-collar,married,secondary,19,yes,no,cellular,feb,1,271,1,other,no,0,1,1,Low,0,0,0.02377232
4165,50,blue-collar,married,secondary,1400,yes,no,cellular,may,1,-1,0,unknown,no,0,0,1,Medium,0,0,0.08125799
4166,39,blue-collar,married,primary,541,yes,no,cellular,feb,2,258,1,other,no,0,1,1,Low,0,0,0.008654158
4167,48,blue-collar,married,primary,134,yes,no,unknown,may,2,-1,0,unknown,no,0,0,1,Low,0,0,0.018879404
4168,31,technician,single,tertiary,25,no,no,cellular,aug,16,-1,0,unknown,no,0,0,0,Low,0,0,0.012190555
4169,40,management,married,tertiary,2168,yes,yes,cellular,nov,1,-1,0,unknown,no,0,0,1,Medium,0,0,0.047561966
4170,37,services,married,secondary,4151,yes,yes,cellular,jul,4,-1,0,unknown,yes,1,0,1,Medium,1,0,0.025426606
4171,33,blue-collar,married,secondary,5,yes,no,unknown,may,2,-1,0,unknown,no,0,0,1,Low,0,0,0.017837156
4172,59,blue-collar,divorced,unknown,124,yes,no,unknown,may,1,-1,0,unknown,no,0,0,1,Low,0,0,0.017745247
4173,30,technician,single,secondary,3,no,no,cellular,aug,2,-1,0,unknown,no,0,0,0,Low,0,0,0.034379903
4174,40,admin.,married,secondary,2100,yes,yes,unknown,may,2,-1,0,unknown,no,0,0,1,Medium,0,0,0.019218208
4175,35,blue-collar,married,secondary,-613,yes,no,unknown,may,1,-1,0,unknown,no,0,0,1,Negative,0,0,0.019245043
4176,87,retired,married,primary,2190,no,no,telephone,jan,2,-1,0,unknown,yes,1,0,0,Medium,1,0,0.42798558
4177,39,admin.,married,secondary,272,yes,yes,cellular,jan,1,234,2,failure,no,0,1,1,Low,0,0,0.0054408954
4178,35,management,single,tertiary,0,no,no,cellular,aug,2,-1,0,unknown,no,0,0,0,Negative,0,0,0.023001876
4179,66,unemployed,single,primary,1323,no,no,telephone,feb,11,-1,0,unknown,no,0,0,0,Medium,0,0,0.07832812
4180,47,entrepreneur,married,tertiary,0,yes,no,cellular,may,1,-1,0,unknown,no,0,0,1,Negative,0,0,0.08651861
4181,34,management,married,tertiary,997,yes,yes,cellular,nov,1,-1,0,unknown,no,0,0,1,Low,0,0,0.038896356
4182,33,technician,single,tertiary,123,no,no,cellular,aug,1,-1,0,unknown,no,0,0,0,Low,0,0,0.1260384
4183,39,admin.,married,secondary,159,no,no,cellular,nov,1,-1,0,unknown,no,0,0,0,Low,0,0,0.07133216
4184,58,self-employed,married,tertiary,794,no,yes,telephone,jul,9,-1,0,unknown,no,0,0,1,Low,0,0,0.039914716
4185,29,admin.,single,secondary,854,no,no,cellular,jul,5,95,1,other,no,0,1,0,Low,0,0,0.29019102
4186,34,technician,married,tertiary,297,yes,no,cellular,jan,2,-1,0,unknown,no,0,0,1,Low,0,0,0.014094352
4187,56,admin.,single,secondary,791,yes,no,cellular,may,2,-1,0,unknown,no,0,0,1,Low,0,0,0.09416106
4188,30,management,single,secondary,293,yes,no,cellular,feb,1,253,2,failure,no,0,1,1,Low,0,0,0.030928124
4189,30,blue-collar,single,primary,546,yes,no,unknown,may,1,-1,0,unknown,no,0,0,1,Low,0,0,0.10281496
4190,45,entrepreneur,married,primary,58,yes,no,telephone,may,3,371,3,failure,no,0,1,1,Low,0,0,0.055211686
4191,33,blue-collar,married,primary,142,yes,no,cellular,may,5,-1,0,unknown,no,0,0,1,Low,0,0,0.09792574
4192,32,blue-collar,married,secondary,456,no,no,cellular,may,1,-1,0,unknown,no,0,0,0,Low,0,0,0.19868736
4193,48,blue-collar,married,primary,683,yes,no,cellular,feb,5,209,12,failure,no,0,1,1,Low,0,0,0.009473087
4194,28,management,single,tertiary,466,yes,no,cellular,jul,2,-1,0,unknown,no,0,0,1,Low,0,0,0.09293045
4195,38,technician,divorced,secondary,410,no,no,cellular,aug,6,-1,0,unknown,no,0,0,0,Low,0,0,0.061808858
4196,54,technician,married,secondary,65,no,no,cellular,feb,1,91,3,failure,no,0,1,0,Low,0,1,0.52209854
4197,74,retired,married,tertiary,20422,no,no,cellular,aug,2,-1,0,unknown,no,0,0,0,High,0,0,0.018546304
4198,33,management,single,tertiary,5437,no,no,cellular,feb,1,-1,0,unknown,no,0,0,0,High,0,0,0.14759634
4199,56,management,married,secondary,0,no,no,telephone,nov,1,-1,0,unknown,no,0,0,0,Negative,0,0,0.027869083
4200,37,blue-collar,married,primary,5,yes,no,unknown,may,2,-1,0,unknown,no,0,0,1,Low,0,0,0.014640792
4201,39,services,single,secondary,600,no,no,cellular,apr,1,-1,0,unknown,no,0,0,0,Low,0,0,0.22711085
4202,34,technician,married,tertiary,1611,yes,no,cellular,may,2,-1,0,unknown,no,0,0,1,Medium,0,0,0.061696097
4203,40,admin.,married,secondary,2591,yes,yes,cellular,apr,1,266,2,other,no,0,1,1,Medium,0,0,0.07884519
4204,25,student,single,unknown,2503,no,no,cellular,feb,2,-1,0,unknown,no,0,0,0,Medium,0,1,0.9264331
4205,32,management,married,tertiary,8929,no,no,cellular,mar,1,-1,0,unknown,yes,1,0,0,High,1,0,0.4835883
4206,36,entrepreneur,married,tertiary,1169,yes,no,unknown,may,2,-1,0,unknown,no,0,0,1,Medium,0,0,0.0330569
4207,31,blue-collar,married,secondary,66,no,no,unknown,may,1,-1,0,unknown,no,0,0,0,Low,0,0,0.02376977
4208,36,admin.,married,tertiary,1145,yes,no,cellular,sep,1,239,2,failure,no,0,1,1,Medium,0,0,0.08398682
4209,32,self-employed,married,secondary,8,yes,yes,cellular,may,2,-1,0,unknown,no,0,0,1,Low,0,0,0.051735632
4210,35,housemaid,married,secondary,495,no,no,cellular,aug,4,-1,0,unknown,no,0,0,0,Low,0,0,0.056934677
4211,54,management,divorced,tertiary,1295,yes,no,cellular,jul,10,-1,0,unknown,no,0,0,1,Medium,0,0,0.045557667
4212,59,technician,married,secondary,371,yes,no,unknown,may,3,-1,0,unknown,no,0,0,1,Low,0,0,0.020286934
4213,58,retired,married,primary,269,yes,no,unknown,may,2,-1,0,unknown,no,0,0,1,Low,0,0,0.024487736
4214,54,technician,married,tertiary,337,yes,no,unknown,may,2,-1,0,unknown,no,0,0,1,Low,0,0,0.012130531
4215,24,technician,married,secondary,556,yes,no,cellular,feb,1,94,4,success,yes,1,1,1,Low,1,1,0.650741
4216,51,technician,single,secondary,-463,yes,no,cellular,may,1,343,3,failure,no,0,1,1,Negative,0,0,0.046355087
4217,50,unemployed,divorced,secondary,717,yes,no,cellular,jan,1,-1,0,unknown,no,0,0,1,Low,0,0,0.03365478
4218,32,management,married,tertiary,913,yes,no,cellular,nov,3,-1,0,unknown,no,0,0,1,Low,0,0,0.039592676
4219,45,entrepreneur,married,tertiary,2476,no,no,cellular,aug,2,-1,0,unknown,no,0,0,0,Medium,0,0,0.120287694
4220,32,technician,married,tertiary,2688,no,no,cellular,oct,1,57,1,failure,yes,1,1,0,Medium,1,0,0.49101698
4221,30,management,single,tertiary,7788,no,no,cellular,aug,4,-1,0,unknown,no,0,0,0,High,0,0,0.18364088
4222,50,retired,married,primary,14,no,yes,telephone,jul,4,-1,0,unknown,no,0,0,1,Low,0,0,0.009518883
4223,42,blue-collar,married,secondary,443,yes,no,unknown,jun,5,-1,0,unknown,yes,1,0,1,Low,1,0,0.020967491
4224,42,technician,married,secondary,-184,yes,yes,unknown,may,1,-1,0,unknown,no,0,0,1,Negative,0,0,0.02324075
4225,40,management,married,tertiary,700,yes,no,cellular,aug,6,-1,0,unknown,no,0,0,1,Low,0,0,0.046722986
4226,35,management,divorced,tertiary,538,yes,no,unknown,may,4,-1,0,unknown,no,0,0,1,Low,0,0,0.048258755
4227,45,self-employed,married,secondary,629,no,no,cellular,aug,2,-1,0,unknown,no,0,0,0,Low,0,0,0.07089655
4228,38,admin.,married,primary,464,no,yes,unknown,jun,2,-1,0,unknown,no,0,0,1,Low,0,0,0.046858203
4229,34,technician,single,tertiary,2838,yes,no,cellular,may,3,-1,0,unknown,yes,1,0,1,Medium,1,0,0.22383255
4230,47,technician,married,tertiary,-813,yes,yes,cellular,nov,2,158,25,failure,no,0,1,1,Negative,0,0,0.06022055
4231,39,self-employed,married,secondary,31,yes,no,unknown,may,4,-1,0,unknown,no,0,0,1,Low,0,0,0.010137677
4232,55,admin.,married,unknown,2038,no,no,cellular,apr,1,-1,0,unknown,yes,1,0,0,Medium,1,0,0.14064704
4233,35,unemployed,single,primary,68,no,no,cellular,jul,1,-1,0,unknown,yes,1,0,0,Low,1,0,0.39395365
4234,27,technician,single,tertiary,200,no,no,cellular,jun,1,-1,0,unknown,no,0,0,0,Low,0,0,0.48590642
4235,38,services,divorced,primary,92,yes,yes,unknown,may,3,-1,0,unknown,no,0,0,1,Low,0,0,0.020750824
4236,48,unemployed,married,secondary,1724,no,no,telephone,feb,2,-1,0,unknown,no,0,0,0,Medium,0,0,0.12881005
4237,56,blue-collar,married,secondary,3129,no,no,unknown,jun,6,-1,0,unknown,no,0,0,0,Medium,0,0,0.02218716
4238,46,management,married,tertiary,1446,no,no,cellular,may,1,-1,0,unknown,no,0,0,0,Medium,0,0,0.2878059
4239,35,management,single,tertiary,620,yes,no,cellular,apr,2,-1,0,unknown,no,0,0,1,Low,0,0,0.0644505
4240,36,technician,married,secondary,26,no,no,unknown,jun,1,-1,0,unknown,no,0,0,0,Low,0,0,0.036090404
4241,43,technician,married,secondary,38,yes,no,cellular,may,1,-1,0,unknown,no,0,0,1,Low,0,0,0.0923955
4242,44,management,divorced,tertiary,935,no,no,cellular,aug,5,-1,0,unknown,no,0,0,0,Low,0,0,0.16561234
4243,60,retired,married,secondary,0,no,no,cellular,aug,3,-1,0,unknown,no,0,0,0,Negative,0,0,0.21289954
4244,39,self-employed,single,tertiary,0,no,no,unknown,jun,1,-1,0,unknown,no,0,0,0,Negative,0,0,0.05148139
4245,34,technician,married,secondary,149,yes,no,unknown,may,2,-1,0,unknown,no,0,0,1,Low,0,0,0.016167998
4246,30,services,single,secondary,-172,yes,yes,cellular,apr,4,329,2,other,no,0,1,1,Negative,0,0,0.22274368
4247,50,housemaid,divorced,primary,120,yes,no,cellular,jul,1,-1,0,unknown,no,0,0,1,Low,0,0,0.05576155
4248,32,services,single,secondary,85,yes,no,unknown,may,9,-1,0,unknown,no,0,0,1,Low,0,0,0.009718315
4249,36,management,divorced,tertiary,133,yes,no,unknown,may,1,-1,0,unknown,no,0,0,1,Low,0,0,0.0389256
4250,53,management,divorced,tertiary,6649,yes,no,cellular,aug,1,55,1,failure,no,0,1,1,High,0,0,0.08244447
4251,37,services,single,secondary,608,no,no,cellular,may,3,-1,0,unknown,no,0,0,0,Low,0,0,0.25387433
4252,36,technician,single,secondary,7503,yes,no,telephone,may,1,335,1,failure,no,0,1,1,High,0,0,0.030892866
4253,25,self-employed,single,tertiary,42,yes,no,cellular,mar,1,-1,0,unknown,yes,1,0,1,Low,1,0,0.39059556
4254,58,blue-collar,married,secondary,1166,yes,no,unknown,may,1,-1,0,unknown,no,0,0,1,Medium,0,0,0.025673408
4255,35,management,single,tertiary,31,yes,no,cellular,jul,3,-1,0,unknown,no,0,0,1,Low,0,0,0.116434805
4256,57,management,divorced,secondary,23,no,yes,telephone,jul,1,-1,0,unknown,no,0,0,1,Low,0,0,0.020542242
4257,30,management,married,tertiary,196,no,no,cellular,nov,1,101,4,other,no,0,1,0,Low,0,0,0.032893375
4258,32,technician,single,tertiary,654,yes,no,cellular,may,4,-1,0,unknown,yes,1,0,1,Low,1,0,0.18473531
4259,53,retired,married,primary,17,no,yes,unknown,jun,2,-1,0,unknown,no,0,0,1,Low,0,0,0.009283333
4260,39,admin.,single,secondary,2345,yes,no,cellular,may,2,344,2,failure,yes,1,1,1,Medium,1,0,0.043032598
4261,36,blue-collar,married,secondary,79,yes,yes,cellular,jun,2,-1,0,unknown,no,0,0,1,Low,0,0,0.2746739
4262,41,technician,married,tertiary,177,yes,no,telephone,jul,2,-1,0,unknown,no,0,0,1,Low,0,0,0.026180899
4263,36,admin.,married,unknown,2323,no,no,cellular,nov,1,-1,0,unknown,no,0,0,0,Medium,0,0,0.1158711
4264,36,blue-collar,married,secondary,362,yes,no,unknown,may,2,-1,0,unknown,no,0,0,1,Low,0,0,0.035713308
4265,28,services,single,tertiary,128,no,no,cellular,may,1,414,1,failure,yes,1,1,0,Low,1,1,0.77764475
4266,58,unknown,divorced,secondary,3111,yes,no,unknown,may,2,-1,0,unknown,no,0,0,1,Medium,0,0,0.06896039
4267,39,services,married,secondary,861,yes,no,cellular,jul,4,-1,0,unknown,no,0,0,1,Low,0,0,0.035300322
4268,46,blue-collar,married,secondary,5,no,no,cellular,aug,3,-1,0,unknown,no,0,0,0,Low,0,0,0.049862858
4269,34,management,married,tertiary,10031,yes,no,cellular,nov,2,-1,0,unknown,no,0,0,1,High,0,0,0.05047183
4270,40,blue-collar,married,primary,87,yes,no,unknown,may,1,-1,0,unknown,no,0,0,1,Low,0,0,0.019145492
4271,56,retired,married,secondary,-1,yes,no,unknown,jun,1,-1,0,unknown,no,0,0,1,Negative,0,0,0.027069641
4272,35,technician,married,secondary,-131,yes,no,unknown,may,2,-1,0,unknown,no,0,0,1,Negative,0,0,0.004392186
4273,59,blue-collar,married,primary,99,yes,no,cellular,feb,1,261,3,failure,no,0,1,1,Low,0,0,0.025415773
4274,35,blue-collar,married,secondary,205,yes,yes,cellular,may,7,312,1,failure,yes,1,1,1,Low,1,0,0.0063259657
4275,45,technician,divorced,secondary,-14,no,no,cellular,jul,3,-1,0,unknown,no,0,0,0,Negative,0,0,0.13560061
4276,29,blue-collar,married,secondary,2378,yes,yes,cellular,apr,1,276,6,failure,no,0,1,1,Medium,0,0,0.024859708
4277,33,self-employed,single,tertiary,1049,no,no,cellular,may,4,-1,0,unknown,no,0,0,0,Medium,0,0,0.41174853
4278,31,technician,married,secondary,310,yes,no,cellular,apr,2,240,2,failure,no,0,1,1,Low,0,0,0.038240694
4279,57,management,married,tertiary,1741,no,no,cellular,jul,2,-1,0,unknown,no,0,0,0,Medium,0,0,0.077181764
4280,26,blue-collar,single,secondary,-29,yes,no,unknown,may,1,-1,0,unknown,no,0,0,1,Negative,0,0,0.06798176
4281,33,services,married,secondary,288,yes,no,cellular,apr,1,-1,0,unknown,no,0,0,1,Low,0,0,0.05272708
4282,33,admin.,single,secondary,0,yes,no,cellular,nov,2,-1,0,unknown,no,0,0,1,Negative,0,0,0.05101629
4283,35,management,married,tertiary,8,yes,no,unknown,may,4,-1,0,unknown,no,0,0,1,Low,0,0,0.014837083
4284,40,unemployed,married,tertiary,1558,yes,no,unknown,jun,15,-1,0,unknown,no,0,0,1,Medium,0,0,0.015740383
4285,32,blue-collar,divorced,primary,158,yes,no,cellular,feb,4,253,1,failure,no,0,1,1,Low,0,0,0.013627095
4286,38,admin.,married,primary,0,yes,yes,telephone,jul,5,-1,0,unknown,no,0,0,1,Negative,0,0,0.045168668
4287,57,admin.,married,secondary,999,no,no,cellular,aug,1,-1,0,unknown,no,0,0,0,Low,0,0,0.20525116
4288,53,retired,divorced,secondary,84,no,no,cellular,jul,1,-1,0,unknown,no,0,0,0,Low,0,0,0.113243446
4289,34,technician,married,secondary,0,no,no,cellular,jul,1,-1,0,unknown,no,0,0,0,Negative,0,0,0.053925347
4290,54,technician,divorced,secondary,-369,no,no,cellular,jul,4,-1,0,unknown,no,0,0,0,Negative,0,0,0.08516296
4291,41,management,married,tertiary,25,no,no,cellular,nov,2,-1,0,unknown,no,0,0,0,Low,0,0,0.035437524
4292,56,self-employed,married,secondary,14,no,no,cellular,jul,1,-1,0,unknown,no,0,0,0,Low,0,0,0.041799042
4293,33,technician,married,secondary,277,no,no,cellular,aug,2,-1,0,unknown,no,0,0,0,Low,0,0,0.07551875
4294,33,housemaid,single,secondary,1363,no,no,telephone,jun,1,-1,0,unknown,no,0,0,0,Medium,0,0,0.3274888
4295,33,technician,single,tertiary,81,no,no,cellular,jul,1,-1,0,unknown,no,0,0,0,Low,0,0,0.09541038
4296,32,management,married,tertiary,322,no,no,cellular,feb,1,-1,0,unknown,no,0,0,0,Low,0,0,0.18328688
4297,26,admin.,single,secondary,586,yes,yes,unknown,may,1,-1,0,unknown,no,0,0,1,Low,0,0,0.043540142
4298,37,entrepreneur,single,secondary,926,no,no,unknown,jun,2,-1,0,unknown,no,0,0,0,Low,0,0,0.047697447
4299,35,technician,divorced,secondary,0,no,no,cellular,aug,4,-1,0,unknown,no,0,0,0,Negative,0,0,0.045167383
4300,47,services,married,secondary,759,yes,no,telephone,may,1,323,2,failure,no,0,1,1,Low,0,0,0.014549172
4301,55,retired,married,primary,3334,no,no,cellular,aug,4,-1,0,unknown,yes,1,0,0,Medium,1,0,0.17941621
4302,48,management,divorced,tertiary,0,no,no,cellular,oct,2,-1,0,unknown,no,0,0,0,Negative,0,0,0.4604498
4303,27,technician,divorced,secondary,1977,yes,no,cellular,may,1,-1,0,unknown,yes,1,0,1,Medium,1,0,0.14574061
4304,29,technician,single,secondary,1165,no,no,cellular,jun,1,-1,0,unknown,yes,1,0,0,Medium,1,0,0.42899048
4305,20,student,single,secondary,1191,no,no,cellular,sep,2,228,1,failure,no,0,1,0,Medium,0,0,0.32755896
4306,28,management,single,tertiary,1414,yes,no,cellular,jul,1,521,1,failure,yes,1,1,1,Medium,1,0,0.40255156
4307,46,blue-collar,married,secondary,1723,no,no,cellular,jun,2,52,7,failure,yes,1,1,0,Medium,1,0,0.40705472
4308,35,technician,divorced,tertiary,0,yes,no,unknown,may,1,-1,0,unknown,no,0,0,1,Negative,0,0,0.11849395
4309,32,admin.,single,secondary,422,yes,no,unknown,may,2,-1,0,unknown,no,0,0,1,Low,0,0,0.06858061
4310,55,blue-collar,married,secondary,644,no,no,cellular,aug,3,-1,0,unknown,no,0,0,0,Low,0,0,0.05877367
4311,24,technician,single,secondary,-156,yes,no,cellular,may,2,-1,0,unknown,no,0,0,1,Negative,0,0,0.02682305
4312,44,services,married,secondary,744,yes,no,unknown,may,1,-1,0,unknown,no,0,0,1,Low,0,0,0.016701186
4313,31,management,divorced,tertiary,414,no,yes,cellular,jul,1,-1,0,unknown,yes,1,0,1,Low,1,0,0.11197998
4314,39,services,married,secondary,1068,yes,no,cellular,jul,3,-1,0,unknown,no,0,0,1,Medium,0,0,0.11824271
4315,40,management,married,tertiary,87,yes,yes,cellular,nov,1,-1,0,unknown,no,0,0,1,Low,0,0,0.050747924
4316,37,blue-collar,married,primary,5052,yes,no,unknown,jun,3,-1,0,unknown,no,0,0,1,High,0,0,0.030386848
4317,39,blue-collar,single,secondary,519,yes,yes,cellular,may,3,166,15,failure,no,0,1,1,Low,0,0,0.12064365
4318,43,management,married,tertiary,400,yes,no,unknown,may,1,-1,0,unknown,no,0,0,1,Low,0,0,0.017067222
4319,41,technician,single,secondary,-618,yes,yes,cellular,jul,1,-1,0,unknown,no,0,0,1,Negative,0,0,0.10249846
4320,32,technician,divorced,tertiary,31,no,yes,cellular,jul,1,-1,0,unknown,no,0,0,1,Low,0,0,0.06899784
4321,37,management,single,tertiary,2576,yes,no,cellular,may,1,-1,0,unknown,no,0,0,1,Medium,0,0,0.18999904
4322,31,blue-collar,married,secondary,897,yes,no,unknown,may,2,-1,0,unknown,no,0,0,1,Low,0,0,0.037624974
4323,54,technician,married,unknown,2564,no,no,unknown,jun,1,-1,0,unknown,no,0,0,0,Medium,0,0,0.028283209
4324,48,blue-collar,married,secondary,1267,yes,no,telephone,may,4,-1,0,unknown,no,0,0,1,Medium,0,0,0.07721885
4325,30,technician,single,tertiary,178,yes,no,unknown,may,1,-1,0,unknown,no,0,0,1,Low,0,0,0.018381082
4326,56,housemaid,divorced,secondary,977,no,no,cellular,jul,1,-1,0,unknown,no,0,0,0,Low,0,0,0.08950388
4327,38,unemployed,divorced,secondary,258,no,no,unknown,jun,2,-1,0,unknown,no,0,0,0,Low,0,0,0.09791284
4328,25,management,married,tertiary,3,yes,yes,cellular,jul,3,-1,0,unknown,no,0,0,1,Low,0,0,0.05167942
4329,46,blue-collar,married,primary,476,yes,no,unknown,may,4,-1,0,unknown,no,0,0,1,Low,0,0,0.036188964
4330,35,housemaid,married,tertiary,20,yes,yes,cellular,jul,3,-1,0,unknown,no,0,0,1,Low,0,0,0.022668708
4331,55,technician,married,tertiary,255,no,no,cellular,jul,1,-1,0,unknown,no,0,0,0,Low,0,0,0.12074395
4332,37,self-employed,married,tertiary,0,no,no,unknown,jun,1,-1,0,unknown,no,0,0,0,Negative,0,0,0.058243856
4333,39,technician,single,secondary,10236,no,no,unknown,jun,3,-1,0,unknown,no,0,0,0,High,0,0,0.03838131
4334,50,self-employed,married,secondary,2061,yes,yes,cellular,jan,2,244,3,failure,no,0,1,1,Medium,0,0,0.002821173
4335,39,admin.,single,secondary,2040,yes,no,unknown,jun,2,-1,0,unknown,no,0,0,1,Medium,0,0,0.039292756
4336,36,management,divorced,tertiary,1406,yes,no,cellular,aug,4,-1,0,unknown,no,0,0,1,Medium,0,0,0.13670915
4337,31,technician,married,tertiary,19,yes,no,cellular,jul,31,-1,0,unknown,no,0,0,1,Low,0,0,0.0027040269
4338,48,technician,married,secondary,256,yes,no,unknown,may,4,-1,0,unknown,no,0,0,1,Low,0,0,0.017620586
4339,47,admin.,married,secondary,1060,yes,no,unknown,jun,3,-1,0,unknown,no,0,0,1,Medium,0,0,0.09022351
4340,26,admin.,single,secondary,52,no,no,cellular,jan,1,-1,0,unknown,no,0,0,0,Low,0,0,0.05412391
4341,45,admin.,married,secondary,5244,yes,no,unknown,may,16,-1,0,unknown,no,0,0,1,High,0,0,0.06256162
4342,25,technician,single,secondary,325,no,no,cellular,oct,3,-1,0,unknown,yes,1,0,0,Low,1,1,0.654469
4343,29,blue-collar,single,secondary,783,yes,no,unknown,may,1,-1,0,unknown,no,0,0,1,Low,0,0,0.07485014
4344,46,retired,married,primary,1374,no,yes,unknown,may,3,-1,0,unknown,no,0,0,1,Medium,0,0,0.05838699
4345,41,admin.,married,secondary,1395,yes,yes,cellular,may,1,308,2,failure,no,0,1,1,Medium,0,0,0.041983906
4346,62,blue-collar,married,secondary,272,no,no,cellular,aug,1,286,2,failure,yes,1,1,0,Low,1,0,0.27273497
4347,40,housemaid,married,secondary,4136,yes,no,cellular,may,3,173,5,failure,no,0,1,1,Medium,0,0,0.07089943
4348,33,services,single,secondary,0,no,no,cellular,jul,2,-1,0,unknown,no,0,0,0,Negative,0,0,0.06365845
4349,49,management,single,tertiary,354,yes,no,unknown,may,3,-1,0,unknown,no,0,0,1,Low,0,0,0.039975636
4350,33,management,married,tertiary,1412,no,no,cellular,feb,2,-1,0,unknown,no,0,0,0,Medium,0,0,0.16321717
4351,58,admin.,married,secondary,1142,no,no,telephone,feb,3,-1,0,unknown,no,0,0,0,Medium,0,0,0.082548834
4352,47,technician,married,primary,187,yes,no,unknown,may,1,-1,0,unknown,no,0,0,1,Low,0,0,0.015364122
4353,31,technician,single,tertiary,985,yes,no,cellular,apr,1,57,2,failure,yes,1,1,1,Low,1,0,0.047508415
4354,54,blue-collar,married,secondary,285,yes,yes,telephone,jan,1,2,5,other,no,0,1,1,Low,0,0,0.022571074
4355,30,management,single,tertiary,812,no,no,cellular,aug,4,-1,0,unknown,no,0,0,0,Low,0,0,0.0880714
4356,29,technician,single,secondary,281,yes,no,cellular,may,1,-1,0,unknown,no,0,0,1,Low,0,0,0.09507753
4357,32,admin.,married,secondary,2468,yes,yes,cellular,jul,4,-1,0,unknown,no,0,0,1,Medium,0,0,0.024511615
4358,39,entrepreneur,married,tertiary,1654,no,no,cellular,nov,1,-1,0,unknown,no,0,0,0,Medium,0,0,0.0719905
4359,29,management,single,tertiary,572,yes,no,telephone,nov,1,-1,0,unknown,yes,1,0,1,Low,1,0,0.21693142
4360,39,blue-collar,single,secondary,4143,yes,yes,unknown,jun,1,-1,0,unknown,no,0,0,1,Medium,0,0,0.019831385
4361,26,services,single,tertiary,12,no,no,cellular,jun,1,181,10,failure,yes,1,1,0,Low,1,1,0.5842422
4362,35,admin.,single,secondary,-101,yes,no,cellular,apr,1,318,1,other,no,0,1,1,Negative,0,0,0.03667623
4363,26,technician,single,secondary,-266,no,yes,unknown,jun,3,-1,0,unknown,no,0,0,1,Negative,0,0,0.081253484
4364,52,admin.,married,secondary,-732,yes,yes,unknown,may,2,-1,0,unknown,no,0,0,1,Negative,0,0,0.007027503
4365,30,blue-collar,married,primary,935,yes,no,cellular,feb,2,-1,0,unknown,no,0,0,1,Low,0,0,0.07283979
4366,30,services,single,secondary,290,yes,no,unknown,may,1,-1,0,unknown,no,0,0,1,Low,0,0,0.03534185
4367,29,technician,single,tertiary,3,yes,no,unknown,may,1,-1,0,unknown,no,0,0,1,Low,0,0,0.02091359
4368,46,technician,married,secondary,278,yes,no,cellular,jul,1,-1,0,unknown,no,0,0,1,Low,0,0,0.058201306
4369,56,retired,married,secondary,485,no,no,cellular,jul,2,-1,0,unknown,no,0,0,0,Low,0,0,0.10066868
4370,58,retired,married,unknown,911,no,no,cellular,aug,4,-1,0,unknown,no,0,0,0,Low,0,0,0.037551146
4371,41,services,divorced,tertiary,1583,yes,no,cellular,jul,1,-1,0,unknown,yes,1,0,1,Medium,1,0,0.097039185
4372,34,blue-collar,single,secondary,0,yes,no,cellular,jul,1,-1,0,unknown,no,0,0,1,Negative,0,0,0.08893843
4373,36,self-employed,married,secondary,188,yes,yes,cellular,may,3,333,2,success,yes,1,1,1,Low,1,0,0.16598436
4374,33,blue-collar,married,secondary,2994,yes,no,cellular,nov,1,-1,0,unknown,no,0,0,1,Medium,0,0,0.062139656
4375,47,management,married,tertiary,2261,no,no,cellular,jul,2,-1,0,unknown,no,0,0,0,Medium,0,0,0.10866917
4376,31,technician,single,secondary,1170,yes,no,unknown,jun,2,-1,0,unknown,no,0,0,1,Medium,0,0,0.07654074
4377,30,services,single,secondary,245,no,yes,cellular,jul,2,-1,0,unknown,no,0,0,1,Low,0,0,0.12600419
4378,32,management,single,tertiary,1716,no,no,cellular,nov,4,-1,0,unknown,no,0,0,0,Medium,0,0,0.08298809
4379,53,management,married,secondary,218,yes,no,cellular,may,6,344,12,failure,no,0,1,1,Low,0,0,0.021095252
4380,44,technician,married,secondary,533,yes,no,cellular,nov,1,110,2,failure,no,0,1,1,Low,0,0,0.005754127
4381,51,blue-collar,married,secondary,701,yes,no,unknown,may,3,-1,0,unknown,no,0,0,1,Low,0,0,0.02812948
4382,77,retired,single,primary,300,no,no,cellular,sep,1,-1,0,unknown,no,0,0,0,Low,0,0,0.45337397
4383,46,admin.,married,primary,276,yes,yes,unknown,may,2,-1,0,unknown,no,0,0,1,Low,0,0,0.020010486
4384,35,services,married,secondary,-371,yes,no,unknown,may,2,-1,0,unknown,no,0,0,1,Negative,0,0,0.01980219
4385,41,self-employed,married,secondary,28,yes,no,cellular,may,1,-1,0,unknown,no,0,0,1,Low,0,0,0.08470017
4386,49,housemaid,married,primary,5038,yes,no,telephone,may,1,-1,0,unknown,no,0,0,1,High,0,0,0.04876976
4387,33,services,married,tertiary,570,no,no,cellular,may,1,-1,0,unknown,no,0,0,0,Low,0,0,0.14752172
4388,31,admin.,married,secondary,35,no,no,cellular,aug,2,105,1,success,yes,1,1,0,Low,1,0,0.2101207
4389,49,technician,married,secondary,4785,no,no,unknown,may,4,-1,0,unknown,no,0,0,0,Medium,0,0,0.035244975
4390,39,entrepreneur,married,secondary,0,no,no,cellular,jul,9,-1,0,unknown,no,0,0,0,Negative,0,0,0.062401064
4391,45,admin.,divorced,secondary,59,yes,no,cellular,jul,8,-1,0,unknown,yes,1,0,1,Low,1,0,0.035573054
4392,54,self-employed,married,secondary,3529,no,no,cellular,aug,2,-1,0,unknown,no,0,0,0,Medium,0,0,0.046676185
4393,42,technician,married,unknown,0,no,no,unknown,jun,1,-1,0,unknown,no,0,0,0,Negative,0,0,0.01761635
4394,32,admin.,divorced,tertiary,-127,yes,no,unknown,may,4,-1,0,unknown,no,0,0,1,Negative,0,0,0.020255158
4395,32,management,married,tertiary,1270,no,no,cellular,aug,3,-1,0,unknown,yes,1,0,0,Medium,1,0,0.057273503
4396,34,management,single,tertiary,3821,yes,no,cellular,may,2,-1,0,unknown,yes,1,0,1,Medium,1,0,0.19575277
4397,24,technician,single,unknown,818,yes,yes,unknown,may,3,-1,0,unknown,no,0,0,1,Low,0,0,0.012117493
4398,46,blue-collar,married,primary,1533,no,yes,cellular,aug,4,-1,0,unknown,no,0,0,1,Medium,0,0,0.087480746
4399,39,management,married,tertiary,562,no,no,cellular,sep,2,-1,0,unknown,no,0,0,0,Low,0,0,0.48412907
4400,37,services,married,secondary,47,yes,no,cellular,apr,3,-1,0,unknown,no,0,0,1,Low,0,0,0.06444247
4401,25,services,single,secondary,88,yes,no,cellular,jul,18,-1,0,unknown,no,0,0,1,Low,0,0,0.006709984
4402,55,blue-collar,married,primary,627,yes,no,unknown,may,1,-1,0,unknown,no,0,0,1,Low,0,0,0.017037632
4403,41,management,single,tertiary,4477,no,no,cellular,aug,2,-1,0,unknown,no,0,0,0,Medium,0,0,0.36547208
4404,30,admin.,divorced,primary,1032,yes,no,unknown,may,5,-1,0,unknown,no,0,0,1,Medium,0,0,0.071695395
4405,82,retired,divorced,primary,928,no,no,telephone,sep,2,188,3,other,no,0,1,0,Low,0,1,0.6671307
4406,59,management,single,tertiary,1180,no,no,cellular,jul,3,-1,0,unknown,no,0,0,0,Medium,0,0,0.14318016
4407,36,management,married,tertiary,5367,no,no,cellular,aug,1,455,2,failure,no,0,1,0,High,0,1,0.71369785
4408,40,services,married,secondary,28,no,no,telephone,nov,1,-1,0,unknown,no,0,0,0,Low,0,0,0.045411468
4409,48,blue-collar,married,secondary,149,yes,no,unknown,may,1,-1,0,unknown,no,0,0,1,Low,0,0,0.024662182
4410,37,services,married,secondary,0,yes,no,cellular,jul,1,-1,0,unknown,no,0,0,1,Negative,0,0,0.039199702
4411,35,admin.,married,tertiary,0,yes,no,cellular,jul,7,-1,0,unknown,no,0,0,1,Negative,0,0,0.06285917
4412,35,blue-collar,married,primary,2490,yes,no,cellular,may,1,180,3,failure,no,0,1,1,Medium,0,0,0.076191105
4413,41,technician,married,secondary,2123,no,no,cellular,nov,1,102,2,failure,no,0,1,0,Medium,0,0,0.026424648
4414,31,technician,single,secondary,3500,yes,no,cellular,nov,1,-1,0,unknown,no,0,0,1,Medium,0,0,0.12278331
4415,26,admin.,single,secondary,74,no,yes,cellular,jul,2,-1,0,unknown,no,0,0,1,Low,0,0,0.099198334
4416,34,technician,single,secondary,27446,yes,no,cellular,nov,2,-1,0,unknown,no,0,0,1,High,0,0,0.097615324
4417,38,management,divorced,primary,2064,yes,no,cellular,may,1,-1,0,unknown,no,0,0,1,Medium,0,0,0.085659765
4418,44,management,married,tertiary,2876,no,no,unknown,jun,1,-1,0,unknown,no,0,0,0,Medium,0,0,0.04505512
4419,49,admin.,married,tertiary,-962,yes,no,cellular,aug,2,-1,0,unknown,no,0,0,1,Negative,0,0,0.03484668
4420,33,unemployed,single,secondary,559,yes,no,cellular,feb,6,-1,0,unknown,no,0,0,1,Low,0,0,0.024512397
4421,36,services,married,secondary,3988,yes,yes,cellular,may,1,-1,0,unknown,no,0,0,1,Medium,0,0,0.08538555
4422,41,management,married,tertiary,6204,no,yes,unknown,jun,2,-1,0,unknown,no,0,0,1,High,0,0,0.014618678
4423,50,blue-collar,married,primary,414,yes,no,unknown,may,1,-1,0,unknown,no,0,0,1,Low,0,0,0.016158625
4424,38,admin.,married,primary,-175,yes,no,telephone,jul,9,-1,0,unknown,no,0,0,1,Negative,0,0,0.11495587
4425,31,admin.,single,secondary,476,no,no,cellular,feb,2,-1,0,unknown,no,0,0,0,Low,0,0,0.31467503
4426,39,entrepreneur,married,tertiary,942,yes,no,cellular,aug,3,267,1,other,yes,1,1,1,Low,1,0,0.2664459
4427,44,blue-collar,married,secondary,701,no,yes,cellular,nov,1,141,2,failure,no,0,1,1,Low,0,0,0.11191134
4428,34,technician,married,secondary,883,no,no,cellular,aug,3,-1,0,unknown,no,0,0,0,Low,0,0,0.123406455
4429,38,management,married,tertiary,1198,yes,no,cellular,feb,1,-1,0,unknown,no,0,0,1,Medium,0,0,0.08160107
4430,40,services,married,secondary,10406,no,no,cellular,nov,2,127,4,other,no,0,1,0,High,0,0,0.09000981
4431,29,management,married,tertiary,54,no,no,cellular,jan,3,-1,0,unknown,no,0,0,0,Low,0,0,0.044926815
4432,60,retired,married,secondary,523,no,no,cellular,feb,1,182,3,success,yes,1,1,0,Low,1,1,0.8451494
4433,34,management,married,tertiary,1116,yes,no,cellular,apr,1,262,5,failure,no,0,1,1,Medium,0,0,0.0955197
4434,46,technician,divorced,secondary,1547,yes,no,cellular,feb,4,-1,0,unknown,no,0,0,1,Medium,0,0,0.08026817
4435,38,blue-collar,married,primary,290,yes,no,cellular,apr,1,-1,0,unknown,no,0,0,1,Low,0,0,0.09567799
4436,28,admin.,married,secondary,254,no,yes,cellular,apr,3,-1,0,unknown,no,0,0,1,Low,0,0,0.054438613
4437,51,blue-collar,married,primary,3185,yes,no,cellular,nov,2,-1,0,unknown,no,0,0,1,Medium,0,0,0.0475238
4438,33,technician,married,secondary,58,yes,no,telephone,aug,2,-1,0,unknown,no,0,0,1,Low,0,0,0.0137059055
4439,38,blue-collar,single,secondary,4,yes,no,unknown,jun,1,-1,0,unknown,no,0,0,1,Low,0,0,0.045604568
4440,30,services,single,primary,5746,yes,no,telephone,nov,2,-1,0,unknown,no,0,0,1,High,0,0,0.12119873
4441,24,technician,single,secondary,84,yes,no,unknown,may,1,-1,0,unknown,no,0,0,1,Low,0,0,0.086566836
4442,30,management,single,tertiary,14,no,yes,cellular,jul,1,-1,0,unknown,no,0,0,1,Low,0,0,0.032146245
4443,27,management,single,secondary,589,no,no,cellular,jan,1,-1,0,unknown,no,0,0,0,Low,0,0,0.10556835
4444,36,blue-collar,married,secondary,873,yes,no,unknown,jun,3,-1,0,unknown,no,0,0,1,Low,0,0,0.042350054
4445,50,blue-collar,divorced,primary,1545,yes,no,cellular,nov,1,-1,0,unknown,no,0,0,1,Medium,0,0,0.06341388
4446,41,management,single,secondary,911,no,no,cellular,aug,2,-1,0,unknown,no,0,0,0,Low,0,0,0.14445561
4447,52,admin.,married,secondary,395,yes,no,unknown,may,3,-1,0,unknown,no,0,0,1,Low,0,0,0.017661134
4448,38,admin.,single,secondary,245,yes,yes,cellular,apr,2,345,2,success,no,0,1,1,Low,0,0,0.24572289
4449,38,technician,married,secondary,32,yes,no,unknown,may,1,-1,0,unknown,no,0,0,1,Low,0,0,0.021025566
4450,30,management,single,tertiary,17,no,no,cellular,aug,6,-1,0,unknown,no,0,0,0,Low,0,0,0.035614256
4451,39,blue-collar,married,primary,879,yes,no,unknown,may,2,-1,0,unknown,no,0,0,1,Low,0,0,0.021867825
4452,30,management,married,tertiary,8623,no,no,cellular,apr,3,-1,0,unknown,no,0,0,0,High,0,1,0.5942527
4453,41,blue-collar,divorced,secondary,388,no,no,cellular,aug,2,-1,0,unknown,no,0,0,0,Low,0,0,0.10930141
4454,28,student,single,secondary,378,yes,no,cellular,apr,1,-1,0,unknown,no,0,0,1,Low,0,0,0.093430676
4455,42,management,single,tertiary,4264,yes,no,unknown,may,1,-1,0,unknown,no,0,0,1,Medium,0,0,0.122161336
4456,38,technician,single,tertiary,221,no,no,cellular,aug,3,-1,0,unknown,no,0,0,0,Low,0,0,0.066671975
4457,46,technician,divorced,tertiary,-243,no,yes,cellular,jul,5,-1,0,unknown,no,0,0,1,Negative,0,0,0.23233965
4458,47,management,married,tertiary,618,yes,no,cellular,may,2,359,3,failure,no,0,1,1,Low,0,0,0.023825834
4459,33,management,single,tertiary,1781,no,no,cellular,oct,2,183,1,success,yes,1,1,0,Medium,1,0,0.47714207
4460,26,technician,single,tertiary,75,yes,yes,unknown,may,1,-1,0,unknown,no,0,0,1,Low,0,0,0.02070588
4461,43,services,single,secondary,0,yes,no,cellular,may,4,-1,0,unknown,no,0,0,1,Negative,0,0,0.11354652
4462,31,management,married,tertiary,357,yes,no,cellular,apr,2,228,5,failure,no,0,1,1,Low,0,0,0.14261775
4463,31,technician,married,secondary,1951,yes,no,cellular,jul,2,-1,0,unknown,no,0,0,1,Medium,0,0,0.06507503
4464,31,entrepreneur,single,secondary,159,yes,no,unknown,may,1,-1,0,unknown,no,0,0,1,Low,0,0,0.0648956
4465,30,blue-collar,single,secondary,3950,yes,no,telephone,may,4,370,3,other,no,0,1,1,Medium,0,0,0.028016383
4466,54,management,married,tertiary,-1415,yes,yes,cellular,nov,1,-1,0,unknown,no,0,0,1,Negative,0,0,0.025087146
4467,32,technician,single,tertiary,1190,yes,no,cellular,aug,4,-1,0,unknown,no,0,0,1,Medium,0,0,0.1135661
4468,38,services,married,secondary,5003,no,no,cellular,aug,9,-1,0,unknown,no,0,0,0,High,0,0,0.05575717
4469,25,student,single,unknown,839,no,no,cellular,mar,1,181,2,other,no,0,1,0,Low,0,1,0.5144532
4470,33,technician,single,secondary,151,yes,no,cellular,aug,6,-1,0,unknown,no,0,0,1,Low,0,0,0.032750234
4471,27,admin.,single,tertiary,43,no,no,cellular,feb,3,-1,0,unknown,no,0,0,0,Low,0,0,0.05118849
4472,36,unemployed,divorced,secondary,5,yes,no,cellular,jan,1,2,2,other,no,0,1,1,Low,0,0,0.08026756
4473,47,blue-collar,married,secondary,2128,yes,no,telephone,apr,1,-1,0,unknown,no,0,0,1,Medium,0,0,0.081930205
4474,41,blue-collar,married,secondary,1539,yes,no,cellular,nov,6,130,3,failure,no,0,1,1,Medium,0,0,0.039009307
4475,38,admin.,married,secondary,755,yes,no,cellular,may,1,97,1,success,no,0,1,1,Low,0,0,0.3940218
4476,34,unemployed,single,tertiary,415,no,no,cellular,aug,1,-1,0,unknown,no,0,0,0,Low,0,0,0.28723195
4477,52,retired,divorced,tertiary,3687,yes,yes,unknown,jun,4,-1,0,unknown,yes,1,0,1,Medium,1,0,0.13213103
4478,32,blue-collar,divorced,secondary,739,yes,no,unknown,may,1,-1,0,unknown,no,0,0,1,Low,0,0,0.06290698
4479,36,admin.,single,secondary,0,no,no,unknown,may,1,-1,0,unknown,no,0,0,0,Negative,0,0,0.019266834
4480,25,student,single,secondary,1116,yes,no,cellular,may,2,71,3,failure,no,0,1,1,Medium,0,0,0.09462113
4481,34,technician,married,secondary,272,yes,no,cellular,feb,1,201,2,failure,no,0,1,1,Low,0,0,0.034326065
4482,34,blue-collar,single,secondary,1239,yes,no,cellular,jul,1,-1,0,unknown,no,0,0,1,Medium,0,0,0.11120312
4483,36,management,married,tertiary,2195,no,no,cellular,aug,4,-1,0,unknown,no,0,0,0,Medium,0,0,0.15783964
4484,36,technician,married,secondary,947,yes,no,unknown,may,2,-1,0,unknown,no,0,0,1,Low,0,0,0.02601039
4485,42,unemployed,married,tertiary,576,no,no,cellular,feb,1,-1,0,unknown,yes,1,0,0,Low,1,0,0.39351654
4486,53,blue-collar,married,unknown,2785,yes,no,unknown,may,1,-1,0,unknown,no,0,0,1,Medium,0,0,0.02929925
4487,38,technician,married,tertiary,3234,no,no,cellular,apr,1,141,2,success,no,0,1,0,Medium,0,1,0.61425513
4488,52,blue-collar,married,secondary,0,yes,no,cellular,nov,1,-1,0,unknown,no,0,0,1,Negative,0,0,0.040443707
4489,51,entrepreneur,single,secondary,440,no,no,unknown,jun,1,-1,0,unknown,no,0,0,0,Low,0,0,0.0390374
4490,46,services,married,secondary,327,yes,yes,cellular,apr,2,-1,0,unknown,no,0,0,1,Low,0,0,0.04623325
4491,42,admin.,divorced,secondary,0,yes,yes,unknown,jun,4,-1,0,unknown,no,0,0,1,Negative,0,0,0.05480482
4492,36,blue-collar,divorced,primary,3202,yes,no,cellular,nov,3,183,2,failure,no,0,1,1,Medium,0,0,0.024136653
4493,35,blue-collar,married,primary,0,no,no,cellular,jul,3,-1,0,unknown,no,0,0,0,Negative,0,0,0.042554393
4494,79,retired,married,secondary,4738,no,no,telephone,jul,5,-1,0,unknown,no,0,0,0,Medium,0,1,0.5396188
4495,39,management,single,tertiary,759,yes,no,cellular,jul,5,-1,0,unknown,no,0,0,1,Low,0,0,0.05441011
4496,55,blue-collar,married,unknown,2691,yes,no,cellular,nov,1,104,2,other,no,0,1,1,Medium,0,0,0.02134731
4497,46,management,married,tertiary,74,yes,no,cellular,jul,11,-1,0,unknown,no,0,0,1,Low,0,0,0.04718434
4498,57,retired,married,secondary,1354,no,no,cellular,jul,9,-1,0,unknown,no,0,0,0,Medium,0,0,0.03559675
4499,41,management,divorced,secondary,0,no,no,cellular,aug,2,-1,0,unknown,no,0,0,0,Negative,0,0,0.105573304
4500,26,blue-collar,single,secondary,123,no,yes,cellular,jul,1,-1,0,unknown,no,0,0,1,Low,0,0,0.108695656
4501,29,blue-collar,married,secondary,3310,no,no,cellular,jun,2,117,2,failure,no,0,1,0,Medium,0,0,0.39993134
4502,36,blue-collar,single,secondary,0,yes,no,cellular,feb,2,-1,0,unknown,no,0,0,1,Negative,0,0,0.07277197
4503,33,management,married,tertiary,0,yes,no,cellular,apr,1,-1,0,unknown,no,0,0,1,Negative,0,0,0.13766138
4504,51,blue-collar,married,primary,2995,yes,no,unknown,jun,2,-1,0,unknown,no,0,0,1,Medium,0,0,0.033886418
4505,66,retired,married,primary,388,no,no,cellular,sep,2,-1,0,unknown,no,0,0,0,Low,0,0,0.45410946
4506,37,management,married,tertiary,502,yes,no,cellular,may,1,351,1,failure,no,0,1,1,Low,0,0,0.0152898915
4507,29,services,single,secondary,2,yes,no,cellular,may,4,-1,0,unknown,no,0,0,1,Low,0,0,0.089657865
4508,39,housemaid,divorced,secondary,188,no,no,cellular,jul,1,-1,0,unknown,no,0,0,0,Low,0,0,0.056781664
4509,34,technician,married,secondary,-1490,yes,yes,cellular,may,1,-1,0,unknown,no,0,0,1,Negative,0,0,0.0679873
4510,32,blue-collar,single,primary,528,yes,no,cellular,apr,1,273,1,failure,no,0,1,1,Low,0,0,0.03573933
4511,32,management,single,tertiary,151,no,no,unknown,may,2,-1,0,unknown,no,0,0,0,Low,0,0,0.04013419
4512,55,technician,married,secondary,0,yes,no,unknown,may,2,-1,0,unknown,no,0,0,1,Negative,0,0,0.02162615
4513,66,retired,married,primary,3629,no,no,cellular,feb,1,172,2,other,yes,1,1,0,Medium,1,0,0.05928689
4514,37,entrepreneur,single,secondary,-22,yes,no,cellular,may,1,-1,0,unknown,yes,1,0,1,Negative,1,0,0.12614773
4515,32,services,married,secondary,109,yes,no,unknown,jun,13,-1,0,unknown,no,0,0,1,Low,0,0,0.015627936
4516,49,housemaid,married,tertiary,50,yes,yes,cellular,jan,1,-1,0,unknown,no,0,0,1,Low,0,0,0.027229799
4517,35,services,single,secondary,-267,yes,no,unknown,may,1,-1,0,unknown,no,0,0,1,Negative,0,0,0.0131597575
4518,48,management,single,tertiary,648,yes,no,cellular,nov,1,110,2,failure,no,0,1,1,Low,0,0,0.004484121
4519,52,management,married,tertiary,258,no,no,unknown,may,1,-1,0,unknown,no,0,0,0,Low,0,0,0.025160115
4520,26,self-employed,single,tertiary,25,no,no,cellular,jan,1,-1,0,unknown,no,0,0,0,Low,0,0,0.034117013
4521,77,retired,married,unknown,38,no,no,telephone,feb,1,-1,0,unknown,no,0,0,0,Low,0,0,0.117387176
4522,35,self-employed,single,tertiary,538,yes,yes,unknown,may,9,-1,0,unknown,no,0,0,1,Low,0,0,0.02761517
4523,54,management,married,tertiary,37176,no,no,cellular,nov,1,-1,0,unknown,no,0,0,0,High,0,0,0.017039502
4524,36,technician,married,secondary,278,no,no,cellular,aug,16,-1,0,unknown,no,0,0,0,Low,0,0,0.04957684
4525,43,management,divorced,tertiary,2251,no,no,cellular,sep,5,-1,0,unknown,no,0,0,0,Medium,0,0,0.4135536
4526,52,technician,married,tertiary,214,no,no,cellular,aug,3,-1,0,unknown,no,0,0,0,Low,0,0,0.03128556
4527,56,unemployed,married,secondary,670,no,no,cellular,jan,1,-1,0,unknown,no,0,0,0,Low,0,0,0.039862633
4528,52,management,divorced,secondary,123,no,no,unknown,may,2,-1,0,unknown,no,0,0,0,Low,0,0,0.020890009
4529,58,retired,married,secondary,5523,no,no,unknown,jun,1,-1,0,unknown,no,0,0,0,High,0,0,0.025351953
4530,37,technician,divorced,secondary,4965,no,no,cellular,aug,2,-1,0,unknown,no,0,0,0,Medium,0,0,0.15077539
4531,34,blue-collar,married,secondary,247,yes,yes,unknown,may,5,-1,0,unknown,no,0,0,1,Low,0,0,0.018372828
4532,29,blue-collar,single,secondary,770,yes,no,cellular,apr,1,-1,0,unknown,no,0,0,1,Low,0,0,0.16584788
4533,50,management,divorced,tertiary,201,yes,no,cellular,jul,1,-1,0,unknown,no,0,0,1,Low,0,0,0.043763995
4534,33,technician,married,tertiary,8408,no,no,cellular,aug,2,-1,0,unknown,no,0,0,0,High,0,0,0.10593009
4535,39,management,divorced,tertiary,267,yes,yes,cellular,apr,1,-1,0,unknown,no,0,0,1,Low,0,0,0.07853365
4536,31,technician,single,secondary,11,yes,no,cellular,nov,9,-1,0,unknown,no,0,0,1,Low,0,0,0.0142496005
4537,47,housemaid,single,primary,2785,yes,no,cellular,may,1,-1,0,unknown,yes,1,0,1,Medium,1,0,0.15477854
4538,34,blue-collar,married,secondary,1298,yes,no,unknown,may,1,-1,0,unknown,no,0,0,1,Medium,0,0,0.036049843
4539,39,technician,married,secondary,-112,no,yes,cellular,aug,2,-1,0,unknown,no,0,0,1,Negative,0,0,0.07044568
4540,56,retired,married,secondary,101,no,yes,unknown,jun,1,-1,0,unknown,no,0,0,1,Low,0,0,0.033528876
4541,53,blue-collar,single,secondary,156,yes,yes,unknown,may,4,-1,0,unknown,no,0,0,1,Low,0,0,0.024039416
4542,33,blue-collar,single,primary,1,yes,no,cellular,apr,1,-1,0,unknown,no,0,0,1,Low,0,0,0.15407123
4543,26,blue-collar,married,secondary,245,yes,no,unknown,may,2,-1,0,unknown,no,0,0,1,Low,0,0,0.051842313
4544,73,retired,married,primary,1388,no,no,cellular,jul,3,190,3,success,no,0,1,0,Medium,0,1,0.85702145
4545,42,management,divorced,tertiary,1064,no,no,cellular,aug,2,-1,0,unknown,no,0,0,0,Medium,0,0,0.09792994
4546,32,admin.,married,secondary,0,yes,no,cellular,apr,2,-1,0,unknown,yes,1,0,1,Negative,1,0,0.33680844
4547,41,services,married,unknown,88,yes,no,cellular,may,1,336,2,failure,no,0,1,1,Low,0,0,0.020575704
4548,37,self-employed,married,primary,90,yes,no,telephone,may,1,363,2,failure,no,0,1,1,Low,0,0,0.0065626297
4549,57,blue-collar,married,secondary,25,yes,no,cellular,may,2,359,1,failure,no,0,1,1,Low,0,0,0.015884962
4550,33,technician,single,tertiary,176,no,no,cellular,aug,2,-1,0,unknown,no,0,0,0,Low,0,0,0.020415863
4551,36,blue-collar,single,secondary,1598,yes,no,cellular,feb,1,-1,0,unknown,no,0,0,1,Medium,0,0,0.09172724
4552,30,admin.,married,secondary,23,no,yes,cellular,feb,2,-1,0,unknown,no,0,0,1,Low,0,0,0.034842324
4553,45,blue-collar,married,primary,186,no,no,unknown,jun,2,-1,0,unknown,no,0,0,0,Low,0,0,0.049135357
4554,59,blue-collar,married,unknown,337,no,no,unknown,jun,4,-1,0,unknown,no,0,0,0,Low,0,0,0.02037285
4555,30,management,single,tertiary,77,no,no,cellular,jul,1,-1,0,unknown,no,0,0,0,Low,0,0,0.0903627
4556,32,management,single,tertiary,27,no,no,cellular,aug,3,-1,0,unknown,no,0,0,0,Low,0,0,0.029816369
4557,33,entrepreneur,married,tertiary,606,yes,no,cellular,feb,1,-1,0,unknown,no,0,0,1,Low,0,0,0.05014473
4558,36,management,single,tertiary,5340,yes,no,cellular,aug,4,-1,0,unknown,no,0,0,1,High,0,0,0.14017582
4559,31,blue-collar,single,secondary,-457,yes,no,cellular,may,4,366,2,failure,no,0,1,1,Negative,0,0,0.014292417
4560,40,technician,single,secondary,45,no,yes,cellular,jan,1,182,23,other,no,0,1,1,Low,0,0,0.012474694
4561,42,technician,single,tertiary,-411,yes,no,cellular,may,5,292,3,failure,no,0,1,1,Negative,0,0,0.0700491
4562,54,technician,divorced,secondary,255,yes,no,unknown,jun,2,-1,0,unknown,no,0,0,1,Low,0,0,0.06946596
4563,56,admin.,divorced,primary,207,yes,no,unknown,jun,4,-1,0,unknown,no,0,0,1,Low,0,0,0.01450187
4564,35,management,single,tertiary,-208,yes,no,unknown,may,2,-1,0,unknown,no,0,0,1,Negative,0,0,0.02883891
4565,33,management,single,tertiary,335,no,no,cellular,aug,4,-1,0,unknown,no,0,0,0,Low,0,0,0.021936307
4566,36,self-employed,married,tertiary,11387,no,no,cellular,apr,1,-1,0,unknown,no,0,0,0,High,0,0,0.38079283
4567,29,management,single,tertiary,499,yes,no,cellular,may,1,-1,0,unknown,no,0,0,1,Low,0,0,0.13421178
4568,50,services,married,secondary,892,yes,no,cellular,jul,1,-1,0,unknown,no,0,0,1,Low,0,0,0.056465294
4569,35,management,single,tertiary,1162,no,no,cellular,apr,1,-1,0,unknown,yes,1,0,0,Medium,1,0,0.45511308
4570,36,technician,married,tertiary,202,no,no,cellular,oct,1,122,2,failure,no,0,1,0,Low,0,0,0.32545772
4571,34,blue-collar,married,secondary,622,yes,no,unknown,may,1,-1,0,unknown,no,0,0,1,Low,0,0,0.06278998
4572,52,admin.,married,primary,2281,yes,yes,telephone,feb,1,244,1,failure,no,0,1,1,Medium,0,0,0.061872747
4573,32,management,single,tertiary,36,no,no,cellular,aug,7,-1,0,unknown,no,0,0,0,Low,0,0,0.053547937
4574,43,blue-collar,married,primary,632,yes,no,unknown,may,2,-1,0,unknown,no,0,0,1,Low,0,0,0.028239831
4575,25,unemployed,married,secondary,715,no,no,cellular,may,4,-1,0,unknown,no,0,0,0,Low,0,0,0.14348066
4576,38,blue-collar,married,unknown,5,yes,no,unknown,may,2,-1,0,unknown,no,0,0,1,Low,0,0,0.007716098
4577,46,services,married,secondary,397,no,no,unknown,may,1,-1,0,unknown,no,0,0,0,Low,0,0,0.0153507255
4578,25,blue-collar,married,secondary,4280,no,yes,cellular,jul,2,-1,0,unknown,no,0,0,1,Medium,0,0,0.121940285
4579,52,management,single,tertiary,37,no,no,cellular,jul,1,-1,0,unknown,no,0,0,0,Low,0,0,0.12604575
4580,35,admin.,married,secondary,430,yes,no,cellular,apr,1,270,4,failure,no,0,1,1,Low,0,0,0.035062216
4581,32,self-employed,married,secondary,-33,yes,no,unknown,may,3,-1,0,unknown,no,0,0,1,Negative,0,0,0.020058438
4582,51,entrepreneur,divorced,tertiary,315,no,no,cellular,oct,1,91,4,failure,no,0,1,0,Low,0,0,0.20583287
4583,51,services,married,primary,0,no,no,cellular,aug,2,-1,0,unknown,no,0,0,0,Negative,0,0,0.03859872
4584,49,admin.,divorced,secondary,169,yes,no,unknown,may,1,-1,0,unknown,no,0,0,1,Low,0,0,0.045227524
4585,36,admin.,single,tertiary,980,no,no,cellular,feb,2,95,2,failure,no,0,1,0,Low,0,0,0.07518046
4586,42,technician,single,secondary,555,yes,no,cellular,feb,2,-1,0,unknown,no,0,0,1,Low,0,0,0.035988517
4587,30,services,single,secondary,190,no,no,cellular,nov,1,-1,0,unknown,no,0,0,0,Low,0,0,0.08310561
4588,47,admin.,married,secondary,310,yes,yes,telephone,aug,6,-1,0,unknown,no,0,0,1,Low,0,0,0.0393796
4589,47,blue-collar,married,secondary,3237,yes,no,cellular,nov,1,187,3,failure,no,0,1,1,Medium,0,0,0.027595114
4590,35,self-employed,married,primary,1094,yes,no,unknown,may,1,-1,0,unknown,no,0,0,1,Medium,0,0,0.055950917
4591,58,retired,married,unknown,662,yes,no,cellular,feb,1,-1,0,unknown,no,0,0,1,Low,0,0,0.05167573
4592,32,blue-collar,single,secondary,435,yes,no,unknown,may,2,-1,0,unknown,no,0,0,1,Low,0,0,0.06707496
4593,31,management,married,tertiary,4015,yes,no,cellular,feb,2,241,3,other,no,0,1,1,Medium,0,0,0.08959534
4594,38,management,single,tertiary,8669,yes,no,telephone,nov,6,-1,0,unknown,no,0,0,1,High,0,0,0.03200254
4595,55,management,married,tertiary,1713,no,no,cellular,aug,5,-1,0,unknown,no,0,0,0,Medium,0,0,0.04100473
4596,29,blue-collar,single,secondary,208,yes,no,unknown,may,1,-1,0,unknown,no,0,0,1,Low,0,0,0.043022037
4597,35,technician,single,tertiary,122,no,no,cellular,apr,5,328,5,failure,no,0,1,0,Low,0,0,0.10587144
4598,53,admin.,divorced,unknown,236,yes,no,unknown,may,1,-1,0,unknown,no,0,0,1,Low,0,0,0.0315234
4599,45,services,married,secondary,-158,yes,no,unknown,jun,1,-1,0,unknown,no,0,0,1,Negative,0,0,0.01708073
4600,36,unemployed,single,secondary,1806,yes,no,cellular,may,6,-1,0,unknown,no,0,0,1,Medium,0,0,0.10479933
4601,30,technician,married,tertiary,141,no,no,cellular,jan,2,-1,0,unknown,no,0,0,0,Low,0,0,0.03502906
4602,37,entrepreneur,married,tertiary,404,yes,no,cellular,jul,10,-1,0,unknown,no,0,0,1,Low,0,0,0.03632799
4603,36,management,married,tertiary,0,no,no,telephone,aug,9,-1,0,unknown,yes,1,0,0,Negative,1,0,0.01303842
4604,45,technician,divorced,tertiary,206,no,no,cellular,aug,4,-1,0,unknown,no,0,0,0,Low,0,0,0.09433027
4605,38,technician,married,secondary,508,yes,no,unknown,may,2,-1,0,unknown,no,0,0,1,Low,0,0,0.025374288
4606,58,retired,married,secondary,0,yes,no,unknown,may,1,-1,0,unknown,no,0,0,1,Negative,0,0,0.014657228
4607,33,admin.,married,tertiary,1636,yes,yes,cellular,nov,1,-1,0,unknown,no,0,0,1,Medium,0,0,0.027810743
4608,54,services,married,secondary,2719,yes,no,cellular,nov,2,171,2,failure,no,0,1,1,Medium,0,0,0.026483878
4609,41,technician,married,secondary,1297,no,no,unknown,jun,1,-1,0,unknown,no,0,0,0,Medium,0,0,0.062066983
4610,31,management,single,tertiary,62,yes,no,cellular,may,1,293,5,failure,no,0,1,1,Low,0,0,0.093686804
4611,39,technician,married,tertiary,-1099,yes,no,cellular,jul,9,-1,0,unknown,no,0,0,1,Negative,0,0,0.010814337
4612,42,services,married,secondary,3620,yes,no,unknown,may,16,-1,0,unknown,no,0,0,1,Medium,0,0,0.006073016
4613,38,services,married,secondary,968,yes,no,cellular,apr,1,-1,0,unknown,no,0,0,1,Low,0,0,0.062784605
4614,59,management,married,primary,2769,yes,no,cellular,nov,1,131,2,failure,no,0,1,1,Medium,0,0,0.030754596
4615,46,entrepreneur,married,tertiary,120,no,no,unknown,jun,4,-1,0,unknown,no,0,0,0,Low,0,0,0.0481902
4616,60,retired,married,secondary,404,no,no,cellular,mar,2,196,2,failure,yes,1,1,0,Low,1,0,0.44816226
4617,56,blue-collar,married,primary,862,yes,yes,unknown,may,2,-1,0,unknown,no,0,0,1,Low,0,0,0.027181108
4618,29,technician,single,tertiary,262,yes,yes,cellular,jul,9,-1,0,unknown,no,0,0,1,Low,0,0,0.06506127
4619,33,management,single,tertiary,87,no,no,cellular,aug,1,-1,0,unknown,yes,1,0,0,Low,1,0,0.13439296
4620,37,management,married,tertiary,50,no,yes,cellular,jul,1,-1,0,unknown,no,0,0,1,Low,0,0,0.048276883
4621,31,self-employed,single,secondary,360,yes,no,unknown,may,4,-1,0,unknown,no,0,0,1,Low,0,0,0.054526906
4622,44,services,married,secondary,0,no,no,cellular,jul,5,-1,0,unknown,no,0,0,0,Negative,0,0,0.038002778
4623,38,technician,single,secondary,435,yes,no,cellular,may,4,345,1,failure,no,0,1,1,Low,0,0,0.039164204
4624,39,admin.,married,secondary,406,no,no,cellular,jul,5,-1,0,unknown,no,0,0,0,Low,0,0,0.07070637
4625,53,technician,married,unknown,2242,no,no,cellular,jul,14,-1,0,unknown,no,0,0,0,Medium,0,0,0.039168075
4626,37,blue-collar,married,primary,-107,yes,no,unknown,jun,1,-1,0,unknown,no,0,0,1,Negative,0,0,0.042233218
4627,46,blue-collar,married,secondary,431,yes,no,cellular,may,4,367,1,failure,no,0,1,1,Low,0,0,0.01351259
4628,33,unemployed,single,tertiary,685,yes,no,cellular,feb,1,96,2,failure,no,0,1,1,Low,0,0,0.1140634
4629,38,management,divorced,tertiary,4207,no,no,unknown,jun,1,-1,0,unknown,no,0,0,0,Medium,0,0,0.09206646
4630,51,admin.,married,tertiary,0,yes,yes,cellular,jun,4,99,2,success,no,0,1,1,Negative,0,0,0.4902931
4631,48,entrepreneur,married,secondary,725,no,yes,cellular,jul,1,-1,0,unknown,no,0,0,1,Low,0,0,0.058142666
4632,75,retired,married,secondary,291,no,no,cellular,aug,1,182,2,success,yes,1,1,0,Low,1,1,0.6427206
4633,52,entrepreneur,married,tertiary,507,no,no,cellular,nov,2,-1,0,unknown,no,0,0,0,Low,0,0,0.044593956
4634,31,management,married,tertiary,13,no,no,cellular,aug,5,-1,0,unknown,no,0,0,0,Low,0,0,0.016506093
4635,40,technician,married,secondary,-378,yes,no,unknown,may,2,-1,0,unknown,no,0,0,1,Negative,0,0,0.004330836
4636,26,management,single,tertiary,-130,yes,no,cellular,may,1,-1,0,unknown,no,0,0,1,Negative,0,0,0.16050634
4637,52,management,married,tertiary,1453,no,no,telephone,jul,21,-1,0,unknown,no,0,0,0,Medium,0,0,0.007775741
4638,33,blue-collar,married,secondary,1834,yes,no,cellular,jul,3,-1,0,unknown,no,0,0,1,Medium,0,0,0.09451491
4639,78,retired,married,unknown,4807,no,no,telephone,feb,2,104,4,success,yes,1,1,0,Medium,1,1,0.6595418
4640,44,admin.,married,secondary,-137,no,no,cellular,jul,13,-1,0,unknown,no,0,0,0,Negative,0,0,0.013894138
4641,42,technician,divorced,secondary,214,no,no,cellular,apr,1,-1,0,unknown,yes,1,0,0,Low,1,1,0.5241982
4642,38,blue-collar,single,primary,116,no,yes,unknown,jun,1,-1,0,unknown,no,0,0,1,Low,0,0,0.080428556
4643,42,blue-collar,single,unknown,961,yes,no,cellular,may,6,354,1,failure,no,0,1,1,Low,0,0,0.006865182
4644,49,management,married,tertiary,436,no,no,cellular,nov,1,-1,0,unknown,no,0,0,0,Low,0,0,0.034252565
4645,33,services,married,secondary,1785,yes,no,unknown,may,12,-1,0,unknown,no,0,0,1,Medium,0,0,0.009813213
4646,45,blue-collar,married,primary,180,yes,yes,unknown,may,1,-1,0,unknown,no,0,0,1,Low,0,0,0.01013506
4647,26,technician,single,secondary,181,no,no,cellular,apr,2,-1,0,unknown,yes,1,0,0,Low,1,0,0.3598098
4648,25,admin.,single,secondary,787,yes,no,unknown,may,1,-1,0,unknown,no,0,0,1,Low,0,0,0.023490112
4649,38,services,married,secondary,435,yes,no,unknown,may,2,-1,0,unknown,no,0,0,1,Low,0,0,0.027160859
4650,52,technician,married,tertiary,3440,yes,no,cellular,jul,1,-1,0,unknown,no,0,0,1,Medium,0,0,0.1466476
4651,54,entrepreneur,divorced,tertiary,5784,no,no,cellular,nov,5,-1,0,unknown,no,0,0,0,High,0,0,0.060715422
4652,44,blue-collar,married,primary,276,yes,no,cellular,jul,2,-1,0,unknown,no,0,0,1,Low,0,0,0.07644452
4653,43,blue-collar,married,primary,7343,yes,no,unknown,jun,4,-1,0,unknown,no,0,0,1,High,0,0,0.028291255
4654,59,housemaid,divorced,primary,3180,no,no,unknown,jun,1,-1,0,unknown,no,0,0,0,Medium,0,0,0.021951001
4655,58,blue-collar,married,primary,630,yes,no,cellular,nov,1,174,1,failure,no,0,1,1,Low,0,0,0.015686316
4656,48,unemployed,married,tertiary,641,no,no,cellular,jan,1,-1,0,unknown,no,0,0,0,Low,0,0,0.13252324
4657,33,services,married,secondary,0,yes,yes,cellular,jul,29,-1,0,unknown,no,0,0,1,Negative,0,0,0.0024451495
4658,33,blue-collar,married,primary,276,no,no,unknown,jun,2,-1,0,unknown,no,0,0,0,Low,0,0,0.090039454
4659,32,blue-collar,single,secondary,29,no,no,unknown,may,13,-1,0,unknown,no,0,0,0,Low,0,0,0.001726796
4660,30,technician,single,secondary,1352,yes,no,cellular,may,4,-1,0,unknown,no,0,0,1,Medium,0,0,0.120425455
4661,48,services,married,secondary,485,yes,no,cellular,nov,5,-1,0,unknown,no,0,0,1,Low,0,0,0.022297498
4662,40,admin.,married,secondary,2574,yes,no,cellular,may,1,176,1,failure,yes,1,1,1,Medium,1,0,0.053166673
4663,25,student,single,secondary,1139,yes,no,unknown,may,3,-1,0,unknown,no,0,0,1,Medium,0,0,0.015251644
4664,51,entrepreneur,married,primary,1443,no,no,cellular,feb,10,-1,0,unknown,yes,1,0,0,Medium,1,0,0.46464443
4665,29,self-employed,married,tertiary,1,no,no,cellular,jul,3,-1,0,unknown,no,0,0,0,Low,0,0,0.045831524
4666,47,management,married,tertiary,2597,no,no,cellular,jul,2,-1,0,unknown,no,0,0,0,Medium,0,0,0.1271736
4667,27,management,single,tertiary,-308,yes,no,unknown,may,16,-1,0,unknown,no,0,0,1,Negative,0,0,0.047980763
4668,39,technician,married,secondary,130,no,no,cellular,jul,2,-1,0,unknown,no,0,0,0,Low,0,0,0.09622298
4669,43,unemployed,married,secondary,1943,yes,no,cellular,nov,2,-1,0,unknown,no,0,0,1,Medium,0,0,0.05703184
4670,56,blue-collar,married,primary,151,no,no,cellular,feb,1,-1,0,unknown,no,0,0,0,Low,0,0,0.11583366
4671,41,blue-collar,married,primary,33,yes,yes,cellular,jul,5,-1,0,unknown,no,0,0,1,Low,0,0,0.07825646
4672,34,admin.,divorced,secondary,-75,no,no,cellular,feb,1,-1,0,unknown,no,0,0,0,Negative,0,0,0.10899266
4673,33,management,married,tertiary,150,no,no,cellular,aug,2,-1,0,unknown,no,0,0,0,Low,0,0,0.05059667
4674,37,unknown,single,tertiary,0,no,no,cellular,mar,1,-1,0,unknown,yes,1,0,0,Negative,1,1,0.69321465
4675,49,housemaid,divorced,secondary,630,no,no,unknown,jun,2,-1,0,unknown,no,0,0,0,Low,0,0,0.029271461
4676,52,blue-collar,married,primary,36,no,no,cellular,aug,2,-1,0,unknown,no,0,0,0,Low,0,0,0.07936445
4677,28,management,single,secondary,1154,no,no,cellular,jul,3,-1,0,unknown,no,0,0,0,Medium,0,0,0.0813898
4678,43,blue-collar,married,secondary,101,no,no,unknown,jun,1,-1,0,unknown,no,0,0,0,Low,0,0,0.05061934
4679,56,retired,divorced,primary,694,no,no,cellular,jan,1,102,1,other,yes,1,1,0,Low,1,0,0.09040451
4680,42,technician,single,secondary,690,yes,no,unknown,may,1,-1,0,unknown,no,0,0,1,Low,0,0,0.028845403
4681,51,management,divorced,tertiary,1028,no,no,cellular,aug,4,-1,0,unknown,no,0,0,0,Medium,0,0,0.16591033
4682,24,self-employed,single,tertiary,2984,yes,no,unknown,may,1,-1,0,unknown,yes,1,0,1,Medium,1,0,0.093557425
4683,35,admin.,married,tertiary,690,no,no,cellular,apr,2,185,1,failure,no,0,1,0,Low,0,0,0.08216718
4684,27,technician,single,secondary,0,no,yes,cellular,jul,1,-1,0,unknown,yes,1,0,1,Negative,1,0,0.07979696
4685,41,blue-collar,married,unknown,402,yes,no,cellular,jul,2,-1,0,unknown,no,0,0,1,Low,0,0,0.060403083
4686,42,services,single,unknown,410,no,no,cellular,nov,2,-1,0,unknown,no,0,0,0,Low,0,0,0.09243066
4687,35,blue-collar,single,secondary,487,yes,no,unknown,may,1,-1,0,unknown,no,0,0,1,Low,0,0,0.07929256
4688,25,student,single,unknown,722,no,no,telephone,apr,2,-1,0,unknown,yes,1,0,0,Low,1,0,0.06759957
4689,58,unemployed,married,secondary,687,yes,no,cellular,apr,2,-1,0,unknown,yes,1,0,1,Low,1,0,0.12231929
4690,35,management,single,tertiary,1756,no,no,cellular,aug,1,-1,0,unknown,yes,1,0,0,Medium,1,0,0.14883825
4691,44,admin.,married,secondary,2403,yes,no,cellular,jan,2,-1,0,unknown,no,0,0,1,Medium,0,0,0.071718715
4692,31,services,married,secondary,-327,yes,no,unknown,may,1,-1,0,unknown,no,0,0,1,Negative,0,0,0.010892428
4693,43,management,married,tertiary,182,no,no,cellular,jan,1,-1,0,unknown,no,0,0,0,Low,0,0,0.030770907
4694,54,housemaid,married,secondary,1182,yes,no,cellular,may,2,241,2,failure,no,0,1,1,Medium,0,0,0.04313016
4695,27,blue-collar,single,unknown,89,yes,no,unknown,may,5,-1,0,unknown,no,0,0,1,Low,0,0,0.024689175
4696,38,management,divorced,tertiary,76,no,no,cellular,jan,3,-1,0,unknown,no,0,0,0,Low,0,0,0.12135479
4697,56,technician,married,secondary,589,yes,no,unknown,may,2,-1,0,unknown,yes,1,0,1,Low,1,0,0.017759932
4698,35,blue-collar,divorced,primary,4401,yes,no,cellular,may,2,279,4,failure,no,0,1,1,Medium,0,0,0.041227765
4699,43,technician,married,secondary,434,yes,no,unknown,may,1,-1,0,unknown,no,0,0,1,Low,0,0,0.009644081
4700,51,entrepreneur,married,primary,538,no,no,cellular,nov,4,-1,0,unknown,yes,1,0,0,Low,1,0,0.028087614
4701,55,self-employed,married,secondary,198,no,no,cellular,aug,6,-1,0,unknown,no,0,0,0,Low,0,0,0.020313818
4702,47,services,divorced,tertiary,1639,no,no,cellular,jan,1,-1,0,unknown,yes,1,0,0,Medium,1,1,0.5875814
4703,42,blue-collar,married,secondary,413,yes,no,cellular,aug,2,-1,0,unknown,yes,1,0,1,Low,1,0,0.04859506
4704,32,blue-collar,single,tertiary,3014,yes,no,cellular,may,2,-1,0,unknown,no,0,0,1,Medium,0,0,0.08779157
4705,34,services,married,secondary,-315,yes,no,unknown,may,2,-1,0,unknown,no,0,0,1,Negative,0,0,0.009835576
4706,27,services,single,secondary,0,yes,no,unknown,may,7,-1,0,unknown,no,0,0,1,Negative,0,0,0.010338705
4707,35,technician,married,secondary,1092,no,no,cellular,may,1,360,1,failure,no,0,1,0,Medium,0,0,0.054815937
4708,26,management,single,tertiary,8303,no,no,cellular,jul,2,-1,0,unknown,no,0,0,0,High,0,0,0.1077239
4709,33,admin.,married,secondary,680,yes,no,cellular,may,1,-1,0,unknown,no,0,0,1,Low,0,0,0.1024104
4710,50,management,married,tertiary,469,no,no,cellular,apr,1,-1,0,unknown,yes,1,0,0,Low,1,0,0.38485977
4711,55,management,married,tertiary,4777,no,yes,unknown,jun,3,-1,0,unknown,no,0,0,1,Medium,0,0,0.01910819
4712,32,admin.,married,secondary,41,yes,yes,unknown,may,2,-1,0,unknown,no,0,0,1,Low,0,0,0.0474996
4713,36,technician,married,secondary,-78,yes,no,cellular,may,1,-1,0,unknown,no,0,0,1,Negative,0,0,0.027392766
4714,35,services,married,unknown,1935,yes,no,cellular,apr,2,318,2,other,no,0,1,1,Medium,0,0,0.04311441
4715,34,technician,married,secondary,1234,yes,no,cellular,may,1,288,6,failure,no,0,1,1,Medium,0,0,0.11026305
4716,47,technician,married,tertiary,-813,yes,yes,unknown,jun,25,-1,0,unknown,no,0,0,1,Negative,0,0,0.0019528824
4717,59,retired,married,primary,3400,yes,no,cellular,aug,3,-1,0,unknown,yes,1,0,1,Medium,1,0,0.1801951
4718,31,self-employed,married,tertiary,0,yes,no,cellular,jul,24,-1,0,unknown,no,0,0,1,Negative,0,0,0.011302185
4719,39,management,married,tertiary,2043,yes,no,unknown,jun,1,-1,0,unknown,no,0,0,1,Medium,0,0,0.023643004
4720,44,self-employed,married,secondary,335,no,no,cellular,feb,1,-1,0,unknown,no,0,0,0,Low,0,0,0.065853804
4721,60,retired,divorced,tertiary,129,no,no,cellular,jul,7,-1,0,unknown,no,0,0,0,Low,0,0,0.1813289
4722,57,technician,married,secondary,9689,yes,no,unknown,jun,1,-1,0,unknown,no,0,0,1,High,0,0,0.04749588
4723,34,services,married,secondary,-333,yes,no,cellular,may,4,285,5,failure,no,0,1,1,Negative,0,0,0.029425561
4724,41,blue-collar,married,unknown,31,no,no,unknown,may,2,-1,0,unknown,no,0,0,0,Low,0,0,0.012254318
4725,34,technician,married,tertiary,218,no,no,cellular,aug,2,-1,0,unknown,no,0,0,0,Low,0,0,0.10329064
4726,42,blue-collar,married,secondary,230,yes,no,unknown,jun,7,-1,0,unknown,no,0,0,1,Low,0,0,0.035866622
4727,27,technician,single,secondary,1693,yes,no,unknown,may,2,-1,0,unknown,no,0,0,1,Medium,0,0,0.09660908
4728,49,housemaid,married,primary,434,yes,yes,unknown,jun,3,-1,0,unknown,no,0,0,1,Low,0,0,0.010563638
4729,46,admin.,single,secondary,1693,yes,no,cellular,jan,1,97,1,success,no,0,1,1,Medium,0,0,0.36287937
4730,36,admin.,single,secondary,0,yes,no,cellular,nov,2,-1,0,unknown,no,0,0,1,Negative,0,0,0.050076883
4731,45,admin.,single,secondary,341,yes,yes,cellular,may,2,-1,0,unknown,no,0,0,1,Low,0,0,0.11096675
4732,32,services,married,secondary,914,no,no,cellular,dec,1,197,1,success,no,0,1,0,Low,0,1,0.7140665
4733,37,blue-collar,single,secondary,223,yes,no,unknown,may,2,-1,0,unknown,no,0,0,1,Low,0,0,0.027807828
4734,33,blue-collar,married,primary,2665,yes,no,unknown,may,2,-1,0,unknown,no,0,0,1,Medium,0,0,0.027920121
4735,29,management,single,tertiary,1445,no,no,cellular,apr,2,143,2,success,yes,1,1,0,Medium,1,0,0.47903726
4736,29,blue-collar,single,primary,-63,yes,no,unknown,may,3,-1,0,unknown,no,0,0,1,Negative,0,0,0.055894703
4737,37,blue-collar,married,primary,53,yes,no,unknown,may,4,-1,0,unknown,no,0,0,1,Low,0,0,0.018131698
4738,29,services,single,secondary,498,yes,no,unknown,jun,26,-1,0,unknown,no,0,0,1,Low,0,0,0.08706529
4739,24,management,single,tertiary,933,yes,no,unknown,jun,1,-1,0,unknown,no,0,0,1,Low,0,0,0.08030209
4740,35,management,single,tertiary,68,no,no,unknown,jun,1,-1,0,unknown,yes,1,0,0,Low,1,0,0.0805712
4741,58,retired,married,secondary,1402,yes,no,unknown,may,5,-1,0,unknown,no,0,0,1,Medium,0,0,0.02461306
4742,28,blue-collar,married,secondary,83,yes,no,cellular,may,1,-1,0,unknown,no,0,0,1,Low,0,0,0.07978389
4743,39,self-employed,single,secondary,759,yes,no,unknown,jun,1,-1,0,unknown,no,0,0,1,Low,0,0,0.05789317
4744,30,blue-collar,married,secondary,12697,yes,yes,unknown,may,1,-1,0,unknown,no,0,0,1,High,0,0,0.019962167
4745,55,self-employed,single,secondary,2607,yes,no,unknown,may,1,-1,0,unknown,no,0,0,1,Medium,0,0,0.037913207
4746,64,retired,married,primary,48,no,no,cellular,sep,3,92,1,success,yes,1,1,0,Low,1,1,0.7226047
4747,46,blue-collar,married,secondary,3999,no,no,cellular,nov,1,-1,0,unknown,no,0,0,0,Medium,0,0,0.07118974
4748,37,self-employed,married,secondary,1633,no,no,cellular,jul,2,-1,0,unknown,yes,1,0,0,Medium,1,0,0.09329245
4749,37,blue-collar,single,secondary,134,yes,no,unknown,may,1,-1,0,unknown,no,0,0,1,Low,0,0,0.031717088
4750,41,blue-collar,married,primary,1250,yes,no,unknown,may,2,-1,0,unknown,yes,1,0,1,Medium,1,0,0.03660066
4751,30,services,single,secondary,62,yes,no,cellular,nov,1,-1,0,unknown,no,0,0,1,Low,0,0,0.11698137
4752,49,unemployed,married,primary,11,yes,no,telephone,jul,8,-1,0,unknown,no,0,0,1,Low,0,0,0.037739474
4753,58,self-employed,married,secondary,1407,yes,no,unknown,may,1,-1,0,unknown,no,0,0,1,Medium,0,0,0.036585245
4754,42,entrepreneur,single,primary,388,no,yes,cellular,jul,3,-1,0,unknown,no,0,0,1,Low,0,0,0.093661666
4755,28,blue-collar,married,secondary,2257,yes,no,cellular,may,1,-1,0,unknown,no,0,0,1,Medium,0,0,0.096699715
4756,59,retired,divorced,secondary,21,yes,no,telephone,nov,2,-1,0,unknown,no,0,0,1,Low,0,0,0.024066424
4757,34,admin.,single,tertiary,-199,no,yes,cellular,jul,1,-1,0,unknown,no,0,0,1,Negative,0,0,0.05636644
4758,44,blue-collar,divorced,primary,3953,yes,no,cellular,nov,1,-1,0,unknown,no,0,0,1,Medium,0,0,0.06545912
4759,28,blue-collar,single,primary,8263,yes,no,unknown,jun,1,-1,0,unknown,no,0,0,1,High,0,0,0.023867412
4760,34,blue-collar,married,secondary,355,yes,no,cellular,may,3,348,3,failure,no,0,1,1,Low,0,0,0.06348853
4761,55,management,married,tertiary,33,yes,no,cellular,jul,3,-1,0,unknown,no,0,0,1,Low,0,0,0.040902216
4762,35,blue-collar,divorced,primary,289,yes,no,cellular,may,1,-1,0,unknown,no,0,0,1,Low,0,0,0.2180606
4763,32,services,single,tertiary,945,no,no,cellular,nov,1,-1,0,unknown,yes,1,0,0,Low,1,0,0.0723006
4764,50,blue-collar,divorced,primary,31,yes,no,unknown,may,3,-1,0,unknown,no,0,0,1,Low,0,0,0.02910002
4765,37,technician,divorced,secondary,5957,yes,no,cellular,may,3,177,2,failure,no,0,1,1,High,0,0,0.1619883
4766,33,student,single,tertiary,4,yes,no,cellular,nov,2,-1,0,unknown,no,0,0,1,Low,0,0,0.05160348
4767,35,management,single,tertiary,18111,no,no,cellular,aug,4,-1,0,unknown,yes,1,0,0,High,1,0,0.19629811
4768,39,blue-collar,married,tertiary,206,yes,yes,unknown,may,3,-1,0,unknown,no,0,0,1,Low,0,0,0.010905115
4769,59,management,married,tertiary,2260,yes,no,cellular,may,1,-1,0,unknown,no,0,0,1,Medium,0,0,0.112695806
4770,32,admin.,married,secondary,3540,yes,no,cellular,may,1,178,1,failure,no,0,1,1,Medium,0,0,0.08900383
4771,58,retired,married,primary,1241,no,no,cellular,aug,2,-1,0,unknown,yes,1,0,0,Medium,1,0,0.054290723
4772,37,technician,single,secondary,18,no,no,unknown,jun,2,-1,0,unknown,no,0,0,0,Low,0,0,0.020699862
4773,31,technician,single,secondary,863,yes,no,cellular,feb,1,263,5,success,no,0,1,1,Low,0,0,0.35007694
4774,29,technician,single,tertiary,323,no,no,cellular,feb,1,-1,0,unknown,no,0,0,0,Low,0,0,0.17916788
4775,30,services,married,secondary,0,yes,yes,unknown,jun,1,-1,0,unknown,no,0,0,1,Negative,0,0,0.01987744
4776,38,housemaid,divorced,tertiary,4312,no,no,cellular,may,4,175,6,failure,no,0,1,0,Medium,0,0,0.27092522
4777,31,management,single,secondary,783,yes,no,cellular,feb,2,272,1,failure,no,0,1,1,Low,0,0,0.015805785
4778,32,management,married,tertiary,-383,yes,no,unknown,may,1,-1,0,unknown,no,0,0,1,Negative,0,0,0.005508715
4779,42,unemployed,married,secondary,250,yes,no,cellular,jul,3,-1,0,unknown,no,0,0,1,Low,0,0,0.039802037
4780,34,services,married,secondary,0,yes,no,cellular,jul,4,-1,0,unknown,no,0,0,1,Negative,0,0,0.075894974
4781,29,management,single,tertiary,119,yes,no,unknown,may,2,-1,0,unknown,no,0,0,1,Low,0,0,0.046126854
4782,36,technician,single,secondary,1228,yes,no,cellular,aug,2,102,3,success,no,0,1,1,Medium,0,0,0.18566337
4783,36,technician,divorced,secondary,19,yes,yes,unknown,may,1,-1,0,unknown,no,0,0,1,Low,0,0,0.061513487
4784,49,management,married,secondary,1623,yes,no,cellular,nov,2,-1,0,unknown,yes,1,0,1,Medium,1,0,0.039670452
4785,44,blue-collar,married,primary,1139,no,yes,cellular,jul,2,-1,0,unknown,no,0,0,1,Medium,0,0,0.061272535
4786,53,admin.,married,secondary,0,no,no,telephone,sep,1,655,5,failure,no,0,1,0,Negative,0,1,0.56566346
4787,29,self-employed,single,tertiary,805,no,no,cellular,feb,1,103,7,failure,yes,1,1,0,Low,1,0,0.18555416
4788,25,blue-collar,married,secondary,300,yes,yes,unknown,may,3,-1,0,unknown,no,0,0,1,Low,0,0,0.05198435
4789,32,unemployed,married,primary,324,yes,no,unknown,may,1,-1,0,unknown,no,0,0,1,Low,0,0,0.022629285
4790,37,technician,married,secondary,448,no,no,cellular,aug,3,-1,0,unknown,no,0,0,0,Low,0,0,0.08200355
4791,30,management,single,tertiary,0,yes,no,cellular,may,1,-1,0,unknown,no,0,0,1,Negative,0,0,0.08424565
4792,38,blue-collar,married,secondary,620,yes,yes,unknown,may,1,-1,0,unknown,no,0,0,1,Low,0,0,0.039511807
4793,31,management,divorced,tertiary,416,no,no,cellular,aug,2,-1,0,unknown,no,0,0,0,Low,0,0,0.093953036
4794,30,blue-collar,married,primary,1101,yes,yes,cellular,nov,2,175,1,failure,no,0,1,1,Medium,0,0,0.02968301
4795,36,technician,married,tertiary,521,no,no,cellular,oct,3,-1,0,unknown,yes,1,0,0,Low,1,0,0.46496084
4796,56,retired,married,tertiary,24,no,yes,cellular,jul,1,-1,0,unknown,no,0,0,1,Low,0,0,0.040158156
4797,46,blue-collar,married,primary,-1,no,no,unknown,jun,3,-1,0,unknown,no,0,0,0,Negative,0,0,0.055189192
4798,34,admin.,married,secondary,3487,yes,no,unknown,jun,1,-1,0,unknown,no,0,0,1,Medium,0,0,0.014970786
4799,35,self-employed,single,tertiary,5462,no,no,cellular,nov,1,186,1,success,yes,1,1,0,High,1,0,0.3338936
4800,51,management,married,tertiary,0,yes,no,cellular,may,1,343,7,failure,no,0,1,1,Negative,0,0,0.03159395
4801,34,technician,single,secondary,201,no,no,cellular,jul,2,-1,0,unknown,no,0,0,0,Low,0,0,0.13554123
4802,30,management,single,tertiary,3340,no,no,cellular,jun,3,-1,0,unknown,yes,1,0,0,Medium,1,1,0.587821
4803,49,technician,divorced,tertiary,874,yes,no,unknown,may,2,-1,0,unknown,no,0,0,1,Low,0,0,0.09003041
4804,57,management,married,tertiary,17118,yes,no,cellular,nov,1,-1,0,unknown,no,0,0,1,High,0,0,0.026728895
4805,58,unknown,married,unknown,1547,no,no,telephone,aug,4,-1,0,unknown,yes,1,0,0,Medium,1,0,0.015360055
4806,46,blue-collar,married,secondary,668,yes,no,unknown,may,2,-1,0,unknown,yes,1,0,1,Low,1,0,0.039509498
4807,30,management,married,tertiary,10639,no,no,cellular,aug,2,-1,0,unknown,no,0,0,0,High,0,0,0.06929003
4808,52,technician,married,secondary,137,no,no,cellular,jul,2,-1,0,unknown,yes,1,0,0,Low,1,0,0.07749981
4809,50,entrepreneur,divorced,tertiary,1790,no,yes,cellular,feb,3,-1,0,unknown,no,0,0,1,Medium,0,0,0.040579762
4810,56,retired,married,primary,842,no,yes,unknown,jun,1,-1,0,unknown,no,0,0,1,Low,0,0,0.064374834
4811,27,admin.,single,secondary,662,yes,no,unknown,may,1,-1,0,unknown,no,0,0,1,Low,0,0,0.04478416
4812,37,blue-collar,married,primary,1053,yes,no,unknown,may,2,-1,0,unknown,no,0,0,1,Medium,0,0,0.027376952
4813,60,technician,married,secondary,2639,yes,no,unknown,may,2,-1,0,unknown,no,0,0,1,Medium,0,0,0.02598696
4814,35,management,single,tertiary,75,no,no,cellular,aug,5,-1,0,unknown,no,0,0,0,Low,0,0,0.06313541
4815,37,technician,married,secondary,316,yes,no,unknown,may,1,-1,0,unknown,no,0,0,1,Low,0,0,0.020216111
4816,48,management,married,tertiary,1808,yes,no,cellular,feb,1,-1,0,unknown,yes,1,0,1,Medium,1,0,0.3003466
4817,43,blue-collar,divorced,primary,25,yes,no,unknown,jun,7,-1,0,unknown,no,0,0,1,Low,0,0,0.031744726
4818,58,admin.,married,secondary,1813,yes,no,telephone,jul,1,-1,0,unknown,no,0,0,1,Medium,0,0,0.072636
4819,33,blue-collar,married,secondary,4996,yes,no,cellular,may,9,363,2,failure,no,0,1,1,Medium,0,0,0.0013977501
4820,36,management,single,tertiary,7,no,no,unknown,nov,1,-1,0,unknown,no,0,0,0,Low,0,0,0.08729215
4821,52,management,married,tertiary,437,no,no,telephone,jun,3,113,1,other,no,0,1,0,Low,0,0,0.08160997
4822,37,admin.,divorced,tertiary,-65,no,no,cellular,jul,1,-1,0,unknown,no,0,0,0,Negative,0,0,0.04506146
4823,30,management,single,tertiary,0,no,no,cellular,aug,7,-1,0,unknown,no,0,0,0,Negative,0,0,0.046636343
4824,38,technician,single,secondary,1255,yes,no,cellular,nov,2,171,2,failure,no,0,1,1,Medium,0,0,0.02304327
4825,46,management,single,tertiary,653,no,yes,cellular,nov,1,-1,0,unknown,no,0,0,1,Low,0,0,0.06387179
4826,27,blue-collar,single,primary,-579,yes,no,cellular,may,1,367,3,failure,no,0,1,1,Negative,0,0,0.14863513
4827,43,blue-collar,married,secondary,1343,yes,yes,cellular,jul,2,-1,0,unknown,no,0,0,1,Medium,0,0,0.046361305
4828,36,management,married,tertiary,105,no,no,cellular,jan,1,-1,0,unknown,no,0,0,0,Low,0,0,0.034321513
4829,34,technician,single,secondary,1183,yes,no,unknown,may,2,-1,0,unknown,no,0,0,1,Medium,0,0,0.052916
4830,80,retired,married,secondary,1610,no,no,cellular,aug,1,-1,0,unknown,no,0,0,0,Medium,0,0,0.2772968
4831,31,blue-collar,married,secondary,0,yes,no,unknown,jun,1,-1,0,unknown,no,0,0,1,Negative,0,0,0.03442611
4832,47,management,married,tertiary,1028,no,yes,cellular,nov,1,-1,0,unknown,no,0,0,1,Medium,0,0,0.04688906
4833,43,blue-collar,married,secondary,1255,yes,yes,cellular,may,2,-1,0,unknown,no,0,0,1,Medium,0,0,0.074595235
4834,50,blue-collar,married,primary,19,no,no,cellular,aug,3,-1,0,unknown,no,0,0,0,Low,0,0,0.022898512
4835,25,self-employed,single,unknown,1179,no,no,cellular,may,2,95,5,failure,no,0,1,0,Medium,0,0,0.19441147
4836,30,services,married,secondary,311,yes,yes,unknown,jun,4,-1,0,unknown,no,0,0,1,Low,0,0,0.083094485
4837,56,retired,married,secondary,488,no,no,telephone,feb,4,-1,0,unknown,no,0,0,0,Low,0,0,0.03614859
4838,48,blue-collar,married,secondary,1230,yes,no,cellular,may,2,182,3,success,yes,1,1,1,Medium,1,1,0.5178689
4839,51,blue-collar,married,primary,0,no,yes,telephone,jul,9,-1,0,unknown,no,0,0,1,Negative,0,0,0.00840786
4840,30,blue-collar,single,secondary,4648,yes,no,unknown,may,1,-1,0,unknown,no,0,0,1,Medium,0,0,0.06454653
4841,54,retired,married,secondary,1851,no,no,unknown,jun,3,-1,0,unknown,no,0,0,0,Medium,0,0,0.023586163
4842,38,entrepreneur,single,secondary,185,no,no,cellular,feb,1,-1,0,unknown,no,0,0,0,Low,0,0,0.100789845
4843,31,admin.,single,secondary,320,yes,no,cellular,may,2,-1,0,unknown,no,0,0,1,Low,0,0,0.11141083
4844,43,management,married,unknown,595,no,no,telephone,jan,1,-1,0,unknown,no,0,0,0,Low,0,0,0.019982569
4845,51,blue-collar,married,primary,1194,yes,no,unknown,may,3,-1,0,unknown,no,0,0,1,Medium,0,0,0.04029295
4846,28,services,single,secondary,168,yes,no,cellular,may,1,-1,0,unknown,no,0,0,1,Low,0,0,0.09181303
4847,37,blue-collar,married,secondary,67,no,no,unknown,jun,2,-1,0,unknown,no,0,0,0,Low,0,0,0.06507853
4848,31,blue-collar,married,primary,1127,yes,no,telephone,may,1,349,1,failure,no,0,1,1,Medium,0,0,0.053445514
4849,56,management,divorced,tertiary,2959,yes,no,telephone,may,1,-1,0,unknown,no,0,0,1,Medium,0,0,0.0899065
4850,39,blue-collar,married,primary,52,no,no,cellular,aug,1,-1,0,unknown,no,0,0,0,Low,0,0,0.097425215
4851,46,technician,divorced,secondary,3455,yes,no,unknown,may,2,-1,0,unknown,no,0,0,1,Medium,0,0,0.20376724
4852,46,technician,divorced,tertiary,532,no,no,cellular,aug,2,-1,0,unknown,no,0,0,0,Low,0,0,0.079639144
4853,40,blue-collar,married,primary,104,yes,no,cellular,may,2,343,2,failure,no,0,1,1,Low,0,0,0.02174669
4854,60,technician,married,unknown,148,yes,no,unknown,may,1,-1,0,unknown,no,0,0,1,Low,0,0,0.06122223
4855,54,technician,married,secondary,899,no,yes,cellular,nov,1,145,1,other,no,0,1,1,Low,0,0,0.05640625
4856,46,blue-collar,divorced,primary,571,yes,yes,unknown,may,1,-1,0,unknown,no,0,0,1,Low,0,0,0.033763807
4857,27,student,single,unknown,598,no,no,cellular,aug,1,524,1,failure,no,0,1,0,Low,0,1,0.76143533
4858,34,self-employed,single,tertiary,1272,yes,no,cellular,may,1,-1,0,unknown,no,0,0,1,Medium,0,0,0.14040484
4859,46,housemaid,divorced,primary,2291,no,no,unknown,jun,1,-1,0,unknown,no,0,0,0,Medium,0,0,0.01717955
4860,35,management,married,tertiary,3161,no,no,cellular,aug,2,-1,0,unknown,no,0,0,0,Medium,0,0,0.10925409
4861,30,technician,single,secondary,19,yes,no,cellular,aug,15,-1,0,unknown,no,0,0,1,Low,0,0,0.033710666
4862,29,technician,single,secondary,-13,yes,no,cellular,may,3,-1,0,unknown,no,0,0,1,Negative,0,0,0.13590135
4863,49,admin.,married,secondary,0,yes,yes,cellular,jul,7,-1,0,unknown,no,0,0,1,Negative,0,0,0.034877397
4864,27,unemployed,married,secondary,293,yes,no,unknown,may,3,-1,0,unknown,no,0,0,1,Low,0,0,0.0524922
4865,57,blue-collar,married,secondary,1540,yes,no,cellular,nov,1,-1,0,unknown,yes,1,0,1,Medium,1,0,0.05031165
4866,47,blue-collar,married,secondary,2548,yes,no,cellular,may,1,368,1,other,no,0,1,1,Medium,0,0,0.03218724
4867,33,management,married,tertiary,331,yes,no,cellular,may,3,-1,0,unknown,no,0,0,1,Low,0,0,0.120907255
4868,35,technician,single,secondary,3490,yes,no,cellular,aug,2,-1,0,unknown,yes,1,0,1,Medium,1,0,0.08575484
4869,43,blue-collar,married,unknown,91,yes,no,unknown,may,1,-1,0,unknown,no,0,0,1,Low,0,0,0.040002692
4870,34,technician,single,secondary,1313,no,no,cellular,apr,4,-1,0,unknown,no,0,0,0,Medium,0,0,0.32822177
4871,32,management,married,tertiary,2414,no,no,cellular,aug,4,-1,0,unknown,no,0,0,0,Medium,0,0,0.15334357
4872,25,student,single,secondary,1765,yes,no,telephone,apr,3,326,2,failure,no,0,1,1,Medium,0,0,0.15647802
4873,36,admin.,married,tertiary,0,no,no,cellular,nov,1,205,2,other,no,0,1,0,Negative,0,1,0.5597373
4874,49,technician,married,tertiary,1071,no,no,cellular,jun,1,-1,0,unknown,yes,1,0,0,Medium,1,0,0.3617525
4875,52,admin.,married,primary,6286,no,no,cellular,nov,1,-1,0,unknown,no,0,0,0,High,0,0,0.052668564
4876,31,blue-collar,married,secondary,43,yes,no,cellular,may,1,-1,0,unknown,no,0,0,1,Low,0,0,0.08250479
4877,46,technician,married,secondary,179,no,yes,unknown,jun,1,-1,0,unknown,no,0,0,1,Low,0,0,0.042265162
4878,39,admin.,married,secondary,0,no,no,unknown,jun,11,-1,0,unknown,no,0,0,0,Negative,0,0,0.012792061
4879,49,management,married,tertiary,0,no,no,cellular,aug,2,-1,0,unknown,no,0,0,0,Negative,0,0,0.08320539
4880,39,technician,married,secondary,738,no,yes,cellular,jul,2,-1,0,unknown,no,0,0,1,Low,0,0,0.055907596
4881,30,blue-collar,married,primary,25,yes,no,cellular,may,1,-1,0,unknown,no,0,0,1,Low,0,0,0.05417555
4882,59,retired,married,secondary,444,yes,no,unknown,jun,1,-1,0,unknown,no,0,0,1,Low,0,0,0.018427111
4883,46,unemployed,married,secondary,1040,no,no,telephone,aug,1,78,5,failure,no,0,1,0,Medium,0,0,0.39558446
4884,29,technician,married,secondary,655,yes,no,cellular,feb,3,270,2,failure,no,0,1,1,Low,0,0,0.1044881
4885,38,blue-collar,single,secondary,578,yes,no,unknown,may,2,-1,0,unknown,no,0,0,1,Low,0,0,0.061840314
4886,26,services,married,secondary,4,yes,no,cellular,jul,2,-1,0,unknown,no,0,0,1,Low,0,0,0.041684758
4887,51,management,married,primary,33,yes,no,cellular,jul,2,-1,0,unknown,no,0,0,1,Low,0,0,0.016349481
4888,41,management,married,secondary,5585,no,no,unknown,jun,1,-1,0,unknown,no,0,0,0,High,0,0,0.016526146
4889,45,blue-collar,married,primary,0,no,no,unknown,may,5,-1,0,unknown,no,0,0,0,Negative,0,0,0.013779381
4890,30,technician,married,secondary,4733,yes,no,unknown,may,2,-1,0,unknown,no,0,0,1,Medium,0,0,0.055363946
4891,57,services,married,secondary,68,yes,no,cellular,may,2,-1,0,unknown,no,0,0,1,Low,0,0,0.037199657
4892,55,technician,divorced,secondary,852,no,no,cellular,aug,6,-1,0,unknown,no,0,0,0,Low,0,0,0.061903518
4893,26,admin.,married,tertiary,319,no,no,cellular,oct,1,-1,0,unknown,no,0,0,0,Low,0,0,0.2818068
4894,40,blue-collar,married,secondary,384,no,yes,cellular,jul,3,-1,0,unknown,no,0,0,1,Low,0,0,0.044127908
4895,37,blue-collar,divorced,secondary,33,yes,no,cellular,nov,2,167,1,failure,no,0,1,1,Low,0,0,0.027946036
4896,58,services,married,secondary,1301,yes,no,cellular,may,1,286,2,failure,no,0,1,1,Medium,0,0,0.03714323
4897,52,technician,married,secondary,196,yes,yes,cellular,may,2,99,1,success,no,0,1,1,Low,0,0,0.17404637
4898,38,technician,married,unknown,499,no,no,unknown,jun,6,-1,0,unknown,no,0,0,0,Low,0,0,0.030605342
4899,77,unknown,married,unknown,397,no,no,telephone,may,3,-1,0,unknown,yes,1,0,0,Low,1,0,0.018846884
4900,32,blue-collar,married,secondary,0,no,no,cellular,feb,1,-1,0,unknown,no,0,0,0,Negative,0,0,0.101042524
4901,36,unemployed,single,primary,0,no,no,telephone,nov,3,-1,0,unknown,no,0,0,0,Negative,0,0,0.04038541
4902,33,technician,single,tertiary,109,yes,yes,cellular,may,2,10,7,failure,yes,1,1,1,Low,1,0,0.45142442
4903,29,technician,married,secondary,428,no,no,cellular,jul,4,-1,0,unknown,no,0,0,0,Low,0,0,0.110978484
4904,37,management,married,tertiary,3737,no,no,cellular,jul,1,-1,0,unknown,yes,1,0,0,Medium,1,0,0.110290304
4905,39,management,married,tertiary,2763,yes,no,unknown,jun,2,-1,0,unknown,yes,1,0,1,Medium,1,0,0.048402827
4906,45,admin.,single,secondary,2394,yes,yes,telephone,may,12,-1,0,unknown,no,0,0,1,Medium,0,0,0.018707551
4907,53,technician,married,secondary,8417,yes,no,unknown,may,1,-1,0,unknown,no,0,0,1,High,0,0,0.040167343
4908,76,retired,married,primary,163,no,no,telephone,oct,1,-1,0,unknown,no,0,0,0,Low,0,0,0.22215134
4909,33,services,single,tertiary,-452,no,no,cellular,jan,2,-1,0,unknown,yes,1,0,0,Negative,1,0,0.014524101
4910,46,self-employed,single,secondary,526,no,no,cellular,aug,1,96,3,success,no,0,1,0,Low,0,1,0.7955391
4911,34,blue-collar,married,secondary,808,yes,yes,cellular,jul,3,-1,0,unknown,no,0,0,1,Low,0,0,0.046272367
4912,31,technician,married,secondary,310,yes,no,cellular,aug,2,-1,0,unknown,no,0,0,1,Low,0,0,0.039798122
4913,80,retired,married,secondary,8304,no,no,telephone,apr,1,118,11,success,no,0,1,0,High,0,1,0.86394376
4914,51,technician,divorced,secondary,107,no,no,unknown,jun,1,-1,0,unknown,no,0,0,0,Low,0,0,0.051465917
4915,41,management,divorced,tertiary,647,yes,no,unknown,may,1,-1,0,unknown,no,0,0,1,Low,0,0,0.0665154
4916,27,admin.,married,secondary,0,yes,yes,cellular,may,5,-1,0,unknown,no,0,0,1,Negative,0,0,0.042115457
4917,30,blue-collar,single,secondary,906,yes,yes,unknown,may,7,-1,0,unknown,no,0,0,1,Low,0,0,0.046968214
4918,28,technician,single,tertiary,1628,yes,no,cellular,jul,2,-1,0,unknown,yes,1,0,1,Medium,1,0,0.09329953
4919,35,entrepreneur,married,secondary,350,yes,no,unknown,may,1,-1,0,unknown,no,0,0,1,Low,0,0,0.032449692
4920,57,retired,married,primary,0,no,no,cellular,aug,2,-1,0,unknown,no,0,0,0,Negative,0,0,0.06730604
4921,43,entrepreneur,married,tertiary,-250,no,no,unknown,jun,1,-1,0,unknown,no,0,0,0,Negative,0,0,0.040130924
4922,37,blue-collar,married,secondary,1736,no,yes,unknown,jun,1,-1,0,unknown,no,0,0,1,Medium,0,0,0.045401298
4923,58,retired,married,secondary,25,yes,no,unknown,jun,2,-1,0,unknown,no,0,0,1,Low,0,0,0.011120818
4924,51,management,married,tertiary,2814,no,no,cellular,feb,1,-1,0,unknown,no,0,0,0,Medium,0,0,0.2886837
4925,41,management,divorced,tertiary,846,no,yes,cellular,jul,3,-1,0,unknown,no,0,0,1,Low,0,0,0.14362442
4926,40,admin.,married,primary,72,yes,yes,cellular,nov,1,-1,0,unknown,yes,1,0,1,Low,1,0,0.04147299
4927,56,services,married,secondary,467,no,yes,telephone,jul,8,-1,0,unknown,no,0,0,1,Low,0,0,0.034081873
4928,36,blue-collar,married,primary,0,yes,no,cellular,may,2,367,2,failure,no,0,1,1,Negative,0,0,0.018780498
4929,32,services,married,primary,197,yes,no,cellular,jul,6,-1,0,unknown,no,0,0,1,Low,0,0,0.05586256
4930,44,admin.,divorced,secondary,49,yes,no,cellular,may,2,-1,0,unknown,no,0,0,1,Low,0,0,0.094179675
4931,45,admin.,single,secondary,597,no,yes,telephone,nov,1,-1,0,unknown,no,0,0,1,Low,0,0,0.048659913
4932,51,technician,divorced,tertiary,4596,no,no,cellular,aug,5,-1,0,unknown,no,0,0,0,Medium,0,0,0.14524873
4933,50,retired,married,secondary,0,yes,yes,unknown,jun,3,-1,0,unknown,no,0,0,1,Negative,0,0,0.018916622
4934,50,entrepreneur,married,tertiary,2198,no,no,unknown,jun,6,-1,0,unknown,no,0,0,0,Medium,0,0,0.036303643
4935,25,technician,single,secondary,1105,yes,no,cellular,apr,1,13,1,failure,no,0,1,1,Medium,0,0,0.28371352
4936,34,technician,single,tertiary,612,no,no,cellular,aug,1,95,1,failure,no,0,1,0,Low,0,0,0.1592599
4937,45,technician,single,tertiary,1591,no,no,cellular,jul,4,-1,0,unknown,no,0,0,0,Medium,0,0,0.24283081
4938,33,services,married,secondary,-124,no,no,cellular,apr,2,325,1,failure,no,0,1,0,Negative,0,0,0.012822416
4939,28,admin.,single,secondary,775,no,no,cellular,jan,2,-1,0,unknown,no,0,0,0,Low,0,0,0.066289306
4940,33,technician,single,secondary,402,yes,yes,unknown,may,1,-1,0,unknown,no,0,0,1,Low,0,0,0.053780835
4941,35,self-employed,married,tertiary,1340,no,yes,cellular,nov,1,-1,0,unknown,no,0,0,1,Medium,0,0,0.052776773
4942,53,blue-collar,married,secondary,913,yes,no,cellular,jul,1,-1,0,unknown,no,0,0,1,Low,0,0,0.068044774
4943,46,management,married,tertiary,4301,yes,yes,unknown,may,2,-1,0,unknown,no,0,0,1,Medium,0,0,0.024534116
4944,47,technician,divorced,secondary,2914,yes,no,cellular,aug,13,-1,0,unknown,no,0,0,1,Medium,0,0,0.03993275
4945,32,technician,single,secondary,35,no,no,cellular,aug,6,-1,0,unknown,no,0,0,0,Low,0,0,0.01880166
4946,48,admin.,married,secondary,368,no,no,cellular,oct,2,140,7,success,yes,1,1,0,Low,1,0,0.40468508
4947,37,blue-collar,married,primary,2378,yes,no,unknown,may,2,-1,0,unknown,no,0,0,1,Medium,0,0,0.032686014
4948,28,blue-collar,married,secondary,-470,yes,no,cellular,may,2,-1,0,unknown,no,0,0,1,Negative,0,0,0.10497427
4949,46,retired,divorced,tertiary,-48,no,no,cellular,aug,4,-1,0,unknown,no,0,0,0,Negative,0,0,0.07177411
4950,59,technician,married,secondary,10925,no,no,cellular,apr,1,-1,0,unknown,yes,1,0,0,High,1,0,0.34662923
4951,30,admin.,single,secondary,265,yes,no,cellular,may,1,181,2,success,yes,1,1,1,Low,1,1,0.92819357
4952,59,admin.,married,secondary,817,no,no,cellular,apr,1,-1,0,unknown,no,0,0,0,Low,0,0,0.3714128
4953,20,student,single,secondary,130,no,no,telephone,may,3,-1,0,unknown,no,0,0,0,Low,0,0,0.05594549
4954,40,management,single,primary,259,yes,no,cellular,may,1,-1,0,unknown,no,0,0,1,Low,0,0,0.086777516
4955,39,technician,single,secondary,506,yes,no,cellular,jul,2,-1,0,unknown,yes,1,0,1,Low,1,0,0.13187583
4956,44,management,single,tertiary,3,yes,no,cellular,may,1,-1,0,unknown,no,0,0,1,Low,0,0,0.08343886
4957,37,blue-collar,married,secondary,2066,yes,yes,cellular,nov,7,113,5,failure,no,0,1,1,Medium,0,0,0.012661116
4958,45,technician,married,secondary,3492,yes,yes,unknown,jun,4,-1,0,unknown,no,0,0,1,Medium,0,0,0.03460134
4959,39,services,single,secondary,126,yes,no,unknown,may,2,-1,0,unknown,no,0,0,1,Low,0,0,0.02024963
4960,44,technician,single,secondary,140,yes,no,cellular,may,2,268,2,failure,no,0,1,1,Low,0,0,0.051047176
4961,29,technician,married,tertiary,-722,no,yes,unknown,jun,4,-1,0,unknown,no,0,0,1,Negative,0,0,0.016792078
4962,29,services,married,secondary,-597,no,no,cellular,jul,2,-1,0,unknown,no,0,0,0,Negative,0,0,0.031924944
4963,55,admin.,married,secondary,139,yes,no,unknown,may,25,-1,0,unknown,no,0,0,1,Low,0,0,0.032917775
4964,31,technician,single,tertiary,1710,yes,no,unknown,may,1,-1,0,unknown,no,0,0,1,Medium,0,0,0.056545615
4965,55,entrepreneur,married,secondary,814,no,yes,cellular,jul,12,-1,0,unknown,no,0,0,1,Low,0,0,0.02086393
4966,33,blue-collar,married,secondary,10,yes,yes,unknown,may,1,-1,0,unknown,no,0,0,1,Low,0,0,0.021687336
4967,45,blue-collar,married,secondary,1335,yes,no,cellular,aug,2,-1,0,unknown,no,0,0,1,Medium,0,0,0.061170414
4968,48,blue-collar,married,unknown,434,no,no,cellular,aug,6,-1,0,unknown,no,0,0,0,Low,0,0,0.039441824
4969,49,management,divorced,tertiary,1904,no,yes,cellular,nov,2,-1,0,unknown,no,0,0,1,Medium,0,0,0.04365143
4970,56,management,married,tertiary,6798,yes,no,cellular,nov,1,-1,0,unknown,no,0,0,1,High,0,0,0.037857007
4971,43,admin.,divorced,secondary,587,yes,no,cellular,jul,1,-1,0,unknown,no,0,0,1,Low,0,0,0.064360835
4972,65,retired,married,tertiary,1973,no,no,telephone,apr,3,-1,0,unknown,yes,1,0,0,Medium,1,1,0.52662677
4973,42,housemaid,married,primary,16,no,no,unknown,jun,1,-1,0,unknown,no,0,0,0,Low,0,0,0.017227964
4974,43,management,married,tertiary,1825,yes,no,unknown,may,2,-1,0,unknown,no,0,0,1,Medium,0,0,0.018936835
4975,39,admin.,married,secondary,47,yes,no,cellular,aug,2,371,6,failure,no,0,1,1,Low,0,1,0.7340631
4976,36,management,married,secondary,122,yes,no,unknown,may,7,-1,0,unknown,no,0,0,1,Low,0,0,0.015939357
4977,27,admin.,married,tertiary,2855,no,no,cellular,jul,2,178,4,success,yes,1,1,0,Medium,1,1,0.8223922
4978,42,management,divorced,tertiary,461,yes,no,unknown,jun,1,-1,0,unknown,no,0,0,1,Low,0,0,0.067498386
4979,56,management,married,tertiary,1803,no,no,cellular,nov,2,-1,0,unknown,no,0,0,0,Medium,0,0,0.07373029
4980,36,services,single,secondary,-267,yes,no,cellular,may,7,352,1,failure,no,0,1,1,Negative,0,0,0.01573076
4981,29,admin.,single,secondary,27,yes,no,cellular,may,1,-1,0,unknown,yes,1,0,1,Low,1,0,0.088027835
4982,46,housemaid,married,primary,19,yes,no,telephone,jul,1,-1,0,unknown,no,0,0,1,Low,0,0,0.009710677
4983,29,student,single,tertiary,652,yes,no,cellular,jul,1,-1,0,unknown,no,0,0,1,Low,0,0,0.18700287
4984,31,blue-collar,single,secondary,210,yes,yes,cellular,may,1,-1,0,unknown,no,0,0,1,Low,0,0,0.11191719
4985,50,management,married,unknown,3304,no,no,unknown,jun,2,-1,0,unknown,no,0,0,0,Medium,0,0,0.034080297
4986,59,admin.,married,unknown,283,no,yes,unknown,nov,1,-1,0,unknown,no,0,0,1,Low,0,0,0.07334335
4987,42,management,single,tertiary,10561,no,no,unknown,may,2,-1,0,unknown,no,0,0,0,High,0,0,0.036036655
4988,26,student,single,tertiary,1570,yes,no,unknown,may,1,-1,0,unknown,no,0,0,1,Medium,0,0,0.02326632
4989,43,blue-collar,married,primary,1968,yes,no,cellular,jul,1,-1,0,unknown,no,0,0,1,Medium,0,0,0.06503165
4990,37,admin.,married,secondary,1396,yes,no,cellular,jul,2,-1,0,unknown,no,0,0,1,Medium,0,0,0.051088467
4991,57,unemployed,divorced,secondary,3,no,no,cellular,nov,3,-1,0,unknown,no,0,0,0,Low,0,0,0.04865785
4992,49,technician,married,secondary,-353,yes,yes,unknown,may,2,-1,0,unknown,no,0,0,1,Negative,0,0,0.0046648392
4993,34,management,married,secondary,29,no,yes,cellular,jul,2,-1,0,unknown,no,0,0,1,Low,0,0,0.038867272
4994,34,management,married,secondary,243,no,no,cellular,jan,4,-1,0,unknown,no,0,0,0,Low,0,0,0.067516305
4995,38,technician,divorced,secondary,531,no,no,cellular,jan,3,226,7,failure,no,0,1,0,Low,0,0,0.016570667
4996,29,blue-collar,married,primary,200,yes,no,unknown,may,2,-1,0,unknown,no,0,0,1,Low,0,0,0.08286791
4997,44,self-employed,divorced,secondary,80,yes,yes,unknown,may,2,-1,0,unknown,no,0,0,1,Low,0,0,0.057712823
4998,34,management,divorced,tertiary,1173,no,yes,cellular,jul,1,-1,0,unknown,no,0,0,1,Medium,0,0,0.054500856
4999,44,technician,divorced,primary,538,no,no,cellular,jul,2,-1,0,unknown,no,0,0,0,Low,0,0,0.06650733
5000,55,management,divorced,tertiary,446,no,no,cellular,feb,1,-1,0,unknown,no,0,0,0,Low,0,0,0.04236812
5001,49,admin.,married,secondary,12226,yes,no,cellular,nov,2,-1,0,unknown,no,0,0,1,High,0,0,0.04075679
5002,55,unemployed,divorced,secondary,387,yes,no,unknown,may,1,-1,0,unknown,yes,1,0,1,Low,1,0,0.028866142
5003,34,blue-collar,single,primary,246,no,no,unknown,jun,5,-1,0,unknown,no,0,0,0,Low,0,0,0.048352096
5004,30,technician,divorced,secondary,3100,yes,no,cellular,nov,1,183,4,failure,no,0,1,1,Medium,0,0,0.06472941
5005,31,housemaid,married,secondary,3902,yes,no,cellular,jul,4,-1,0,unknown,no,0,0,1,Medium,0,0,0.03494862
5006,49,technician,married,tertiary,523,yes,no,cellular,apr,1,31,2,success,no,0,1,1,Low,0,0,0.24803679
5007,58,blue-collar,married,primary,3,no,yes,telephone,jul,16,-1,0,unknown,no,0,0,1,Low,0,0,0.0029283895
5008,52,admin.,married,secondary,3422,no,no,cellular,jul,1,-1,0,unknown,no,0,0,0,Medium,0,0,0.19029143
5009,34,admin.,single,unknown,2434,yes,no,unknown,may,4,-1,0,unknown,no,0,0,1,Medium,0,0,0.029564582
5010,59,retired,married,unknown,0,no,no,unknown,may,6,-1,0,unknown,no,0,0,0,Negative,0,0,0.005477643
5011,42,services,married,secondary,0,yes,no,unknown,may,3,-1,0,unknown,no,0,0,1,Negative,0,0,0.016796857
5012,55,blue-collar,married,secondary,176,no,yes,cellular,aug,11,-1,0,unknown,no,0,0,1,Low,0,0,0.010132673
5013,32,blue-collar,married,secondary,0,yes,no,cellular,nov,1,170,1,other,no,0,1,1,Negative,0,0,0.04330258
5014,50,management,married,tertiary,877,no,yes,unknown,jun,1,-1,0,unknown,no,0,0,1,Low,0,0,0.020272588
5015,52,technician,married,secondary,279,no,yes,cellular,jul,3,-1,0,unknown,no,0,0,1,Low,0,0,0.05777452
5016,37,services,single,unknown,-118,yes,no,unknown,may,2,-1,0,unknown,no,0,0,1,Negative,0,0,0.005902683
5017,49,housemaid,married,secondary,7317,yes,no,unknown,may,1,-1,0,unknown,no,0,0,1,High,0,0,0.016917443
5018,39,housemaid,married,tertiary,94,no,no,cellular,aug,2,-1,0,unknown,no,0,0,0,Low,0,0,0.04366566
5019,42,blue-collar,married,unknown,1123,yes,no,unknown,may,3,-1,0,unknown,no,0,0,1,Medium,0,0,0.033993952
5020,35,management,married,tertiary,86,yes,no,cellular,aug,3,-1,0,unknown,no,0,0,1,Low,0,0,0.055000134
5021,32,blue-collar,married,primary,131,yes,no,unknown,may,2,-1,0,unknown,no,0,0,1,Low,0,0,0.033029605
5022,31,admin.,married,secondary,389,yes,no,cellular,jun,2,-1,0,unknown,no,0,0,1,Low,0,0,0.403379
5023,41,blue-collar,married,primary,262,yes,no,unknown,may,1,-1,0,unknown,no,0,0,1,Low,0,0,0.027466824
5024,30,student,single,tertiary,3115,no,no,telephone,aug,2,-1,0,unknown,no,0,0,0,Medium,0,0,0.1051133
5025,58,technician,married,secondary,8153,yes,no,unknown,may,5,-1,0,unknown,no,0,0,1,High,0,0,0.020676887
5026,58,blue-collar,married,secondary,-27,no,yes,telephone,jul,13,-1,0,unknown,no,0,0,1,Negative,0,0,0.0059906933
5027,31,self-employed,single,tertiary,3361,no,no,cellular,nov,2,-1,0,unknown,no,0,0,0,Medium,0,0,0.098311335
5028,46,admin.,married,secondary,517,yes,no,cellular,may,3,-1,0,unknown,no,0,0,1,Low,0,0,0.07459453
5029,28,management,single,tertiary,810,yes,no,cellular,feb,2,-1,0,unknown,no,0,0,1,Low,0,0,0.06565336
5030,58,retired,married,primary,4158,no,no,cellular,aug,2,-1,0,unknown,yes,1,0,0,Medium,1,0,0.10685602
5031,47,admin.,married,secondary,29,no,yes,cellular,aug,8,-1,0,unknown,no,0,0,1,Low,0,0,0.017527563
5032,35,management,married,tertiary,552,yes,yes,cellular,nov,2,124,1,failure,no,0,1,1,Low,0,0,0.026170934
5033,47,technician,divorced,secondary,129,no,no,cellular,feb,2,222,2,failure,no,0,1,0,Low,0,0,0.025416428
5034,49,blue-collar,married,primary,305,yes,yes,telephone,jul,10,-1,0,unknown,no,0,0,1,Low,0,0,0.036675517
5035,38,management,married,tertiary,1223,no,no,cellular,aug,5,-1,0,unknown,yes,1,0,0,Medium,1,0,0.15877587
5036,37,blue-collar,single,secondary,392,yes,no,cellular,jul,3,-1,0,unknown,no,0,0,1,Low,0,0,0.097063564
5037,50,admin.,divorced,secondary,202,no,yes,cellular,nov,1,-1,0,unknown,no,0,0,1,Low,0,0,0.06857322
5038,56,admin.,divorced,secondary,985,no,yes,cellular,aug,2,-1,0,unknown,no,0,0,1,Low,0,0,0.051505644
5039,38,management,married,unknown,546,yes,no,unknown,may,2,-1,0,unknown,no,0,0,1,Low,0,0,0.033400755
5040,33,management,single,tertiary,2599,yes,no,unknown,may,3,-1,0,unknown,no,0,0,1,Medium,0,0,0.036904827
5041,34,technician,married,secondary,-56,yes,no,cellular,may,2,-1,0,unknown,no,0,0,1,Negative,0,0,0.097175956
5042,29,student,married,tertiary,10596,yes,no,cellular,apr,1,-1,0,unknown,no,0,0,1,High,0,0,0.19655918
5043,43,technician,married,secondary,-705,yes,no,cellular,aug,6,-1,0,unknown,no,0,0,1,Negative,0,0,0.009413848
5044,34,blue-collar,single,primary,85,no,no,unknown,may,1,-1,0,unknown,no,0,0,0,Low,0,0,0.037928104
5045,30,technician,single,secondary,341,no,no,unknown,feb,1,-1,0,unknown,no,0,0,0,Low,0,0,0.39686686
5046,36,blue-collar,married,primary,49,yes,no,cellular,may,2,365,5,other,no,0,1,1,Low,0,0,0.043920085
5047,32,blue-collar,married,secondary,290,yes,no,cellular,may,1,-1,0,unknown,no,0,0,1,Low,0,0,0.084051624
5048,48,management,married,secondary,4415,yes,no,cellular,nov,1,102,6,failure,no,0,1,1,Medium,0,0,0.029759878
5049,40,entrepreneur,married,tertiary,1953,yes,no,unknown,jun,5,-1,0,unknown,no,0,0,1,Medium,0,0,0.058527872
5050,44,entrepreneur,married,secondary,4389,yes,no,cellular,jul,4,-1,0,unknown,no,0,0,1,Medium,0,0,0.1418114
5051,47,admin.,married,secondary,-57,no,yes,unknown,jun,2,-1,0,unknown,no,0,0,1,Negative,0,0,0.089443624
5052,30,services,single,secondary,370,no,no,cellular,nov,1,-1,0,unknown,no,0,0,0,Low,0,0,0.12236625
5053,53,management,married,tertiary,1356,yes,no,cellular,nov,2,96,4,failure,no,0,1,1,Medium,0,0,0.097875945
5054,50,housemaid,married,secondary,388,no,no,cellular,jun,2,89,2,success,no,0,1,0,Low,0,1,0.6055361
5055,57,unemployed,married,unknown,288,no,no,cellular,feb,3,-1,0,unknown,no,0,0,0,Low,0,0,0.101104304
5056,40,blue-collar,married,primary,328,yes,no,cellular,may,1,-1,0,unknown,no,0,0,1,Low,0,0,0.094058394
5057,44,blue-collar,divorced,secondary,427,yes,no,cellular,jul,1,-1,0,unknown,no,0,0,1,Low,0,0,0.08884874
5058,40,services,married,unknown,4075,yes,no,unknown,jun,3,-1,0,unknown,no,0,0,1,Medium,0,0,0.052678805
5059,30,technician,married,secondary,13,yes,yes,cellular,jul,1,-1,0,unknown,no,0,0,1,Low,0,0,0.0522097
5060,49,management,married,tertiary,0,no,no,telephone,oct,1,-1,0,unknown,yes,1,0,0,Negative,1,0,0.18410012
5061,30,blue-collar,married,secondary,68,yes,yes,unknown,may,2,-1,0,unknown,no,0,0,1,Low,0,0,0.038239464
5062,59,retired,divorced,tertiary,559,yes,no,unknown,may,2,-1,0,unknown,no,0,0,1,Low,0,0,0.078383714
5063,46,blue-collar,married,primary,633,yes,no,unknown,may,10,-1,0,unknown,no,0,0,1,Low,0,0,0.014489165
5064,58,self-employed,married,tertiary,8014,yes,no,unknown,may,3,-1,0,unknown,no,0,0,1,High,0,0,0.013392382
5065,33,housemaid,married,tertiary,0,no,no,cellular,nov,1,-1,0,unknown,no,0,0,0,Negative,0,0,0.04300021
5066,46,services,married,primary,4343,yes,no,unknown,sep,1,-1,0,unknown,yes,1,0,1,Medium,1,0,0.14955382
5067,40,admin.,married,secondary,1380,yes,no,unknown,may,1,-1,0,unknown,no,0,0,1,Medium,0,0,0.027319817
5068,53,technician,married,tertiary,2336,no,no,telephone,jan,2,2,3,other,no,0,1,0,Medium,0,0,0.048510738
5069,52,management,married,tertiary,809,no,no,cellular,aug,1,-1,0,unknown,no,0,0,0,Low,0,0,0.16318408
5070,37,services,single,tertiary,1189,no,no,cellular,sep,9,199,4,other,yes,1,1,0,Medium,1,1,0.6162781
5071,54,retired,married,secondary,2626,no,no,unknown,may,2,-1,0,unknown,no,0,0,0,Medium,0,0,0.03630128
5072,30,management,married,tertiary,859,yes,no,unknown,may,3,-1,0,unknown,no,0,0,1,Low,0,0,0.09466221
5073,65,retired,married,secondary,23421,no,no,cellular,feb,1,-1,0,unknown,no,0,0,0,High,0,0,0.3302804
5074,55,technician,married,tertiary,-466,yes,no,cellular,may,1,-1,0,unknown,yes,1,0,1,Negative,1,0,0.27072293
5075,44,technician,divorced,secondary,1196,yes,no,unknown,may,1,-1,0,unknown,no,0,0,1,Medium,0,0,0.067390315
5076,50,technician,divorced,secondary,8,no,no,cellular,feb,2,5,1,other,no,0,1,0,Low,0,0,0.02359653
5077,35,management,married,tertiary,1550,yes,no,unknown,may,2,-1,0,unknown,no,0,0,1,Medium,0,0,0.02255068
5078,27,blue-collar,single,primary,68,yes,yes,cellular,may,5,-1,0,unknown,no,0,0,1,Low,0,0,0.10110162
5079,27,admin.,married,secondary,133,yes,yes,unknown,may,4,-1,0,unknown,no,0,0,1,Low,0,0,0.025754087
5080,32,blue-collar,single,secondary,2696,yes,no,cellular,may,6,169,3,failure,no,0,1,1,Medium,0,0,0.0341218
5081,32,blue-collar,single,primary,121,yes,no,cellular,nov,1,-1,0,unknown,yes,1,0,1,Low,1,0,0.078108706
5082,45,management,married,tertiary,1293,no,no,telephone,jul,3,-1,0,unknown,no,0,0,0,Medium,0,0,0.14064294
5083,52,technician,married,secondary,930,yes,no,unknown,jun,16,-1,0,unknown,no,0,0,1,Low,0,0,0.02026904
5084,54,admin.,divorced,secondary,-288,yes,no,unknown,may,2,-1,0,unknown,no,0,0,1,Negative,0,0,0.018315688
5085,24,student,single,primary,1283,no,no,cellular,apr,2,-1,0,unknown,no,0,0,0,Medium,0,0,0.3869164
5086,29,technician,single,secondary,510,yes,no,unknown,jun,15,-1,0,unknown,no,0,0,1,Low,0,0,0.416864
5087,31,technician,single,secondary,2460,no,no,cellular,oct,1,-1,0,unknown,no,0,0,0,Medium,0,0,0.28128615
5088,33,technician,single,tertiary,1190,yes,no,cellular,apr,2,252,4,failure,no,0,1,1,Medium,0,0,0.0487347
5089,56,retired,married,secondary,5737,no,no,cellular,feb,5,-1,0,unknown,no,0,0,0,High,0,0,0.06985363
5090,46,admin.,married,secondary,5169,no,no,cellular,jul,14,-1,0,unknown,no,0,0,0,High,0,0,0.02633989
5091,26,admin.,single,secondary,82,yes,no,unknown,may,1,-1,0,unknown,no,0,0,1,Low,0,0,0.03365304
5092,41,unemployed,married,tertiary,0,no,no,cellular,oct,3,-1,0,unknown,yes,1,0,0,Negative,1,1,0.5453457
5093,46,management,married,tertiary,189,yes,no,cellular,nov,1,-1,0,unknown,no,0,0,1,Low,0,0,0.035235677
5094,27,management,single,unknown,3196,no,no,cellular,feb,2,-1,0,unknown,no,0,0,0,Medium,0,0,0.44761768
5095,39,management,married,secondary,517,yes,no,cellular,nov,3,196,2,failure,no,0,1,1,Low,0,0,0.032312196
5096,50,technician,single,secondary,-463,yes,no,unknown,may,3,-1,0,unknown,no,0,0,1,Negative,0,0,0.0037743808
5097,24,services,single,tertiary,1385,yes,no,unknown,may,2,-1,0,unknown,no,0,0,1,Medium,0,0,0.09523284
5098,40,blue-collar,married,secondary,-31,yes,no,unknown,may,4,-1,0,unknown,no,0,0,1,Negative,0,0,0.014257781
5099,42,self-employed,married,tertiary,-1781,yes,yes,cellular,aug,2,-1,0,unknown,no,0,0,1,Negative,0,0,0.0124776075
5100,49,technician,married,tertiary,-888,no,yes,cellular,jul,1,-1,0,unknown,no,0,0,1,Negative,0,0,0.02572651
5101,41,housemaid,married,primary,216,no,no,cellular,aug,2,-1,0,unknown,no,0,0,0,Low,0,0,0.020704633
5102,83,retired,married,primary,425,no,no,telephone,sep,1,92,2,success,yes,1,1,0,Low,1,1,0.8211541
5103,45,technician,married,secondary,89,yes,no,cellular,apr,2,350,2,failure,no,0,1,1,Low,0,0,0.053853583
5104,32,admin.,single,tertiary,8866,no,no,cellular,mar,2,-1,0,unknown,yes,1,0,0,High,1,1,0.5082664
5105,26,blue-collar,married,secondary,284,yes,no,unknown,may,1,-1,0,unknown,no,0,0,1,Low,0,0,0.051747844
5106,50,blue-collar,married,primary,167,no,no,cellular,nov,1,-1,0,unknown,no,0,0,0,Low,0,0,0.033537343
5107,48,blue-collar,married,primary,-50,yes,no,cellular,may,6,-1,0,unknown,no,0,0,1,Negative,0,0,0.027941212
5108,33,management,single,tertiary,1530,no,no,cellular,aug,25,-1,0,unknown,no,0,0,0,Medium,0,0,0.015795743
5109,76,housemaid,married,primary,1483,no,no,cellular,aug,4,-1,0,unknown,no,0,0,0,Medium,0,0,0.091720626
5110,51,admin.,married,tertiary,0,yes,yes,cellular,mar,2,-1,0,unknown,yes,1,0,1,Negative,1,0,0.3227615
5111,32,blue-collar,single,secondary,2142,no,no,cellular,feb,1,-1,0,unknown,no,0,0,0,Medium,0,0,0.08968893
5112,56,housemaid,divorced,primary,1238,no,no,unknown,jun,1,-1,0,unknown,yes,1,0,0,Medium,1,0,0.05093035
5113,53,technician,married,secondary,4807,no,no,telephone,feb,3,-1,0,unknown,no,0,0,0,Medium,0,0,0.44459292
5114,34,blue-collar,married,secondary,2137,no,no,unknown,may,4,-1,0,unknown,no,0,0,0,Medium,0,0,0.018791629
5115,35,technician,married,secondary,432,yes,no,unknown,may,55,-1,0,unknown,no,0,0,1,Low,0,0,0.056980677
5116,34,services,single,primary,3648,yes,no,cellular,feb,1,-1,0,unknown,no,0,0,1,Medium,0,0,0.0948258
5117,37,blue-collar,married,secondary,426,no,no,unknown,jun,1,-1,0,unknown,no,0,0,0,Low,0,0,0.06847251
5118,43,blue-collar,married,primary,-418,yes,yes,cellular,may,2,-1,0,unknown,no,0,0,1,Negative,0,0,0.14718123
5119,35,management,married,tertiary,775,no,no,unknown,jul,1,-1,0,unknown,no,0,0,0,Low,0,0,0.017697787
5120,32,admin.,married,tertiary,0,yes,no,unknown,may,1,-1,0,unknown,no,0,0,1,Negative,0,0,0.02522692
5121,28,management,single,tertiary,1086,yes,no,unknown,may,2,-1,0,unknown,no,0,0,1,Medium,0,0,0.06903934
5122,30,management,single,secondary,269,no,yes,cellular,jul,2,-1,0,unknown,no,0,0,1,Low,0,0,0.098812565
5123,43,technician,married,secondary,-57,no,no,cellular,jan,1,-1,0,unknown,no,0,0,0,Negative,0,0,0.0077654617
5124,33,management,single,tertiary,0,yes,yes,cellular,nov,2,-1,0,unknown,no,0,0,1,Negative,0,0,0.05152418
5125,32,services,married,secondary,356,yes,no,cellular,jan,2,223,5,failure,no,0,1,1,Low,0,0,0.0043243207
5126,31,technician,married,secondary,0,yes,no,cellular,nov,2,-1,0,unknown,no,0,0,1,Negative,0,0,0.037539378
5127,33,technician,single,secondary,79,yes,no,cellular,aug,3,-1,0,unknown,no,0,0,1,Low,0,0,0.05879707
5128,58,housemaid,married,primary,0,no,no,cellular,jun,3,79,3,other,no,0,1,0,Negative,0,1,0.584401
5129,43,management,married,tertiary,348,no,yes,cellular,jul,3,-1,0,unknown,no,0,0,1,Low,0,0,0.060313486
5130,37,technician,single,secondary,103,yes,no,cellular,jul,3,-1,0,unknown,no,0,0,1,Low,0,0,0.09318429
5131,32,management,single,tertiary,697,no,no,cellular,apr,3,-1,0,unknown,no,0,0,0,Low,0,0,0.4132036
5132,53,technician,married,secondary,719,yes,no,unknown,may,1,-1,0,unknown,no,0,0,1,Low,0,0,0.016314229
5133,52,technician,married,secondary,-33,no,no,cellular,aug,2,-1,0,unknown,no,0,0,0,Negative,0,0,0.049741603
5134,37,blue-collar,married,secondary,606,yes,yes,unknown,jul,3,-1,0,unknown,no,0,0,1,Low,0,0,0.022194806
5135,48,blue-collar,married,primary,3886,no,no,cellular,aug,2,-1,0,unknown,no,0,0,0,Medium,0,0,0.119263135
5136,40,services,divorced,secondary,131,yes,no,cellular,may,3,-1,0,unknown,no,0,0,1,Low,0,0,0.13059393
5137,33,management,married,tertiary,5792,yes,no,cellular,may,2,-1,0,unknown,no,0,0,1,High,0,0,0.09693659
5138,45,admin.,married,secondary,373,yes,no,unknown,may,7,-1,0,unknown,no,0,0,1,Low,0,0,0.022930695
5139,50,admin.,married,secondary,1431,no,no,cellular,aug,4,-1,0,unknown,no,0,0,0,Medium,0,0,0.036379993
5140,32,unemployed,single,secondary,747,yes,no,cellular,may,2,-1,0,unknown,no,0,0,1,Low,0,0,0.12870426
5141,28,management,single,tertiary,185,no,no,cellular,jan,2,-1,0,unknown,no,0,0,0,Low,0,0,0.252326
5142,47,blue-collar,married,secondary,3237,yes,no,unknown,may,3,-1,0,unknown,no,0,0,1,Medium,0,0,0.05282399
5143,31,technician,single,secondary,218,no,no,cellular,aug,4,-1,0,unknown,no,0,0,0,Low,0,0,0.06543962
5144,41,management,single,secondary,800,no,no,cellular,aug,2,-1,0,unknown,no,0,0,0,Low,0,0,0.09049702
5145,36,management,married,tertiary,2161,no,no,cellular,sep,2,183,5,success,yes,1,1,0,Medium,1,1,0.86237127
5146,38,student,married,unknown,0,no,no,cellular,jul,1,385,1,failure,yes,1,1,0,Negative,1,1,0.83143723
5147,36,management,married,tertiary,393,yes,no,cellular,apr,2,-1,0,unknown,yes,1,0,1,Low,1,0,0.39212114
5148,29,admin.,single,secondary,305,yes,no,cellular,may,2,-1,0,unknown,no,0,0,1,Low,0,0,0.118984185
5149,40,technician,married,secondary,8536,yes,yes,cellular,may,2,-1,0,unknown,no,0,0,1,High,0,0,0.0526103
5150,47,housemaid,married,tertiary,333,no,no,telephone,jul,1,-1,0,unknown,no,0,0,0,Low,0,0,0.032836836
5151,37,technician,single,secondary,353,yes,no,cellular,aug,2,-1,0,unknown,no,0,0,1,Low,0,0,0.105103955
5152,57,blue-collar,married,primary,649,yes,no,cellular,may,2,-1,0,unknown,no,0,0,1,Low,0,0,0.062101256
5153,27,admin.,single,secondary,424,no,no,cellular,feb,4,189,13,other,no,0,1,0,Low,0,0,0.11008046
5154,46,blue-collar,married,secondary,84,yes,no,unknown,may,1,-1,0,unknown,no,0,0,1,Low,0,0,0.030890731
5155,32,services,married,secondary,4789,yes,yes,unknown,jun,4,-1,0,unknown,no,0,0,1,Medium,0,0,0.014395271
5156,36,self-employed,married,tertiary,1234,no,no,cellular,jul,1,-1,0,unknown,no,0,0,0,Medium,0,0,0.16373767
5157,36,management,married,tertiary,139,yes,no,cellular,apr,1,-1,0,unknown,no,0,0,1,Low,0,0,0.15281652
5158,32,unemployed,divorced,secondary,527,no,no,cellular,jan,1,-1,0,unknown,no,0,0,0,Low,0,0,0.08405663
5159,41,management,married,tertiary,1735,yes,no,cellular,nov,3,-1,0,unknown,no,0,0,1,Medium,0,0,0.09983613
5160,38,services,divorced,primary,0,yes,no,cellular,apr,3,151,3,failure,no,0,1,1,Negative,0,0,0.062400114
5161,36,self-employed,single,tertiary,1296,yes,no,cellular,nov,4,-1,0,unknown,no,0,0,1,Medium,0,0,0.09174542
5162,28,blue-collar,single,secondary,53,yes,no,cellular,may,1,-1,0,unknown,no,0,0,1,Low,0,0,0.20226906
5163,50,technician,divorced,secondary,116,yes,no,cellular,may,2,321,14,other,no,0,1,1,Low,0,0,0.06525427
5164,54,blue-collar,married,primary,4503,no,no,telephone,nov,3,-1,0,unknown,no,0,0,0,Medium,0,0,0.04387005
5165,18,student,single,unknown,35,no,no,telephone,aug,2,-1,0,unknown,no,0,0,0,Low,0,0,0.17373896
5166,42,management,married,secondary,1331,no,no,cellular,jul,2,-1,0,unknown,no,0,0,0,Medium,0,0,0.09372036
5167,41,blue-collar,married,secondary,211,yes,no,telephone,may,3,368,4,failure,no,0,1,1,Low,0,0,0.0089309625
5168,28,services,single,secondary,2992,yes,no,cellular,jan,4,-1,0,unknown,no,0,0,1,Medium,0,0,0.03333655
5169,33,technician,single,tertiary,538,yes,no,unknown,may,2,-1,0,unknown,no,0,0,1,Low,0,0,0.047835812
5170,52,technician,married,tertiary,876,no,no,cellular,may,3,-1,0,unknown,yes,1,0,0,Low,1,0,0.13332503
5171,31,blue-collar,single,secondary,116,yes,no,unknown,may,1,-1,0,unknown,no,0,0,1,Low,0,0,0.036901455
5172,35,admin.,married,tertiary,948,yes,no,cellular,jun,1,-1,0,unknown,no,0,0,1,Low,0,0,0.33028007
5173,32,blue-collar,married,secondary,150,no,no,cellular,feb,1,-1,0,unknown,no,0,0,0,Low,0,0,0.13337061
5174,48,management,divorced,tertiary,507,yes,no,cellular,apr,1,-1,0,unknown,no,0,0,1,Low,0,0,0.09163472
5175,34,management,married,tertiary,714,yes,no,cellular,nov,4,113,27,failure,no,0,1,1,Low,0,0,0.005834147
5176,27,blue-collar,single,secondary,48,no,no,cellular,jul,6,-1,0,unknown,no,0,0,0,Low,0,0,0.092661634
5177,21,technician,single,tertiary,61,no,yes,cellular,jul,1,-1,0,unknown,no,0,0,1,Low,0,0,0.1479441
5178,49,management,divorced,tertiary,9326,yes,no,unknown,jun,1,-1,0,unknown,no,0,0,1,High,0,0,0.07031409
5179,30,services,single,secondary,311,yes,no,cellular,jul,1,-1,0,unknown,no,0,0,1,Low,0,0,0.09974214
5180,39,management,married,tertiary,-1026,yes,no,unknown,may,2,-1,0,unknown,no,0,0,1,Negative,0,0,0.00086422433
5181,39,technician,single,tertiary,0,no,no,cellular,aug,2,-1,0,unknown,no,0,0,0,Negative,0,0,0.07042357
5182,55,services,married,secondary,96,no,no,telephone,jul,2,-1,0,unknown,no,0,0,0,Low,0,0,0.061515357
5183,67,retired,divorced,secondary,704,no,no,cellular,may,1,87,3,success,yes,1,1,0,Low,1,1,0.8050799
5184,34,management,married,tertiary,4714,yes,yes,cellular,may,2,-1,0,unknown,no,0,0,1,Medium,0,0,0.03311106
5185,40,services,single,secondary,65,yes,no,cellular,may,3,-1,0,unknown,no,0,0,1,Low,0,0,0.13737679
5186,48,management,married,secondary,0,yes,no,telephone,jul,2,-1,0,unknown,no,0,0,1,Negative,0,0,0.014308077
5187,28,blue-collar,married,secondary,53,yes,yes,cellular,feb,1,-1,0,unknown,no,0,0,1,Low,0,0,0.04483023
5188,57,retired,married,secondary,2774,no,no,cellular,aug,6,-1,0,unknown,no,0,0,0,Medium,0,0,0.07585313
5189,44,technician,divorced,secondary,-562,yes,no,unknown,may,5,-1,0,unknown,no,0,0,1,Negative,0,0,0.0097473515
5190,37,technician,single,secondary,123,no,yes,cellular,feb,1,-1,0,unknown,no,0,0,1,Low,0,0,0.046580702
5191,36,management,single,tertiary,-155,yes,no,cellular,jan,1,-1,0,unknown,no,0,0,1,Negative,0,0,0.002376693
5192,50,admin.,divorced,secondary,797,yes,no,telephone,nov,3,119,8,failure,no,0,1,1,Low,0,0,0.0123383375
5193,47,services,married,secondary,223,no,no,cellular,may,2,-1,0,unknown,no,0,0,0,Low,0,0,0.16170748
5194,26,self-employed,single,tertiary,1444,no,no,cellular,jun,5,-1,0,unknown,no,0,0,0,Medium,0,1,0.5183878
5195,40,technician,married,secondary,240,no,no,unknown,jun,4,-1,0,unknown,no,0,0,0,Low,0,0,0.035939034
5196,27,self-employed,single,tertiary,108,no,yes,cellular,jul,2,-1,0,unknown,no,0,0,1,Low,0,0,0.07900885
5197,30,blue-collar,single,unknown,6281,no,no,cellular,apr,2,-1,0,unknown,yes,1,0,0,High,1,0,0.27484307
5198,43,services,married,secondary,823,yes,no,unknown,may,3,-1,0,unknown,no,0,0,1,Low,0,0,0.07269154
5199,32,services,single,secondary,259,yes,no,unknown,may,2,-1,0,unknown,no,0,0,1,Low,0,0,0.042037293
5200,45,technician,married,secondary,1673,no,no,cellular,oct,1,-1,0,unknown,no,0,0,0,Medium,0,1,0.563471
5201,46,technician,married,secondary,4956,yes,no,unknown,may,1,-1,0,unknown,no,0,0,1,Medium,0,0,0.029954415
5202,44,technician,single,secondary,7138,no,no,cellular,aug,2,-1,0,unknown,yes,1,0,0,High,1,0,0.083314046
5203,31,admin.,single,tertiary,-194,no,no,unknown,may,2,-1,0,unknown,no,0,0,0,Negative,0,0,0.026219802
5204,47,technician,married,secondary,3519,no,yes,telephone,may,1,-1,0,unknown,no,0,0,1,Medium,0,0,0.12153276
5205,36,technician,married,secondary,0,yes,no,unknown,jun,7,-1,0,unknown,no,0,0,1,Negative,0,0,0.03027488
5206,46,blue-collar,married,secondary,120,yes,yes,cellular,jan,1,259,3,failure,no,0,1,1,Low,0,0,0.0050624595
5207,31,technician,single,secondary,2846,no,no,cellular,aug,3,-1,0,unknown,no,0,0,0,Medium,0,0,0.11717931
5208,36,management,single,tertiary,0,yes,no,unknown,may,6,-1,0,unknown,no,0,0,1,Negative,0,0,0.011800897
5209,33,admin.,married,secondary,0,no,no,cellular,nov,3,-1,0,unknown,no,0,0,0,Negative,0,0,0.18379322
5210,59,admin.,married,secondary,3735,no,no,cellular,mar,4,121,2,failure,yes,1,1,0,Medium,1,1,0.6298965
5211,34,technician,married,secondary,0,yes,no,cellular,jul,1,-1,0,unknown,no,0,0,1,Negative,0,0,0.039181683
5212,28,self-employed,single,secondary,242,yes,no,cellular,jan,1,-1,0,unknown,no,0,0,1,Low,0,0,0.16869916
5213,48,management,divorced,secondary,720,yes,no,unknown,jun,2,-1,0,unknown,no,0,0,1,Low,0,0,0.047659103
5214,38,management,single,secondary,53,no,no,unknown,jun,1,-1,0,unknown,no,0,0,0,Low,0,0,0.03576419
5215,58,retired,married,secondary,764,no,no,cellular,aug,4,-1,0,unknown,no,0,0,0,Low,0,0,0.07107202
5216,47,blue-collar,married,secondary,665,no,no,cellular,aug,3,-1,0,unknown,no,0,0,0,Low,0,0,0.0695791
5217,40,self-employed,married,tertiary,355,yes,no,cellular,jul,2,-1,0,unknown,no,0,0,1,Low,0,0,0.051373873
5218,46,blue-collar,married,primary,771,yes,no,cellular,nov,1,-1,0,unknown,no,0,0,1,Low,0,0,0.033444982
5219,40,blue-collar,married,primary,-35,yes,no,cellular,may,3,-1,0,unknown,no,0,0,1,Negative,0,0,0.043779373
5220,30,admin.,married,secondary,187,yes,no,cellular,may,1,170,1,failure,no,0,1,1,Low,0,0,0.01957907
5221,43,management,married,tertiary,6,no,no,cellular,aug,2,-1,0,unknown,no,0,0,0,Low,0,0,0.05481197
5222,56,technician,divorced,unknown,56,yes,no,unknown,may,1,-1,0,unknown,no,0,0,1,Low,0,0,0.011880093
5223,51,admin.,married,secondary,788,yes,no,unknown,jun,6,-1,0,unknown,no,0,0,1,Low,0,0,0.016756453
5224,38,technician,single,tertiary,6889,yes,no,cellular,jan,1,286,3,failure,no,0,1,1,High,0,0,0.40073743
5225,41,entrepreneur,married,secondary,557,no,yes,cellular,jul,1,-1,0,unknown,no,0,0,1,Low,0,0,0.050159767
5226,37,management,single,tertiary,815,yes,no,cellular,may,1,-1,0,unknown,no,0,0,1,Low,0,0,0.081381455
5227,37,technician,married,tertiary,341,no,no,cellular,aug,3,182,3,success,yes,1,1,0,Low,1,1,0.91878164
5228,41,services,married,secondary,0,yes,no,unknown,jun,9,-1,0,unknown,no,0,0,1,Negative,0,0,0.011824599
5229,33,management,married,tertiary,17946,yes,no,unknown,may,1,-1,0,unknown,no,0,0,1,High,0,0,0.009369322
5230,26,admin.,single,secondary,321,yes,no,cellular,jul,7,-1,0,unknown,no,0,0,1,Low,0,0,0.106030114
5231,42,management,married,tertiary,0,yes,no,unknown,may,3,-1,0,unknown,no,0,0,1,Negative,0,0,0.014920527
5232,27,technician,single,secondary,151,no,no,cellular,jul,3,-1,0,unknown,no,0,0,0,Low,0,0,0.2083457
5233,48,retired,married,primary,5173,yes,no,unknown,jun,8,-1,0,unknown,no,0,0,1,High,0,0,0.0068282443
5234,45,blue-collar,married,secondary,1144,yes,no,unknown,oct,1,-1,0,unknown,yes,1,0,1,Medium,1,1,0.8514968
5235,45,admin.,single,secondary,946,yes,no,cellular,nov,2,175,4,failure,no,0,1,1,Low,0,0,0.025628695
5236,32,technician,married,secondary,90,yes,yes,unknown,may,2,-1,0,unknown,no,0,0,1,Low,0,0,0.017722715
5237,33,unemployed,married,secondary,438,yes,yes,unknown,may,1,-1,0,unknown,no,0,0,1,Low,0,0,0.02975138
5238,35,technician,single,tertiary,7546,yes,no,cellular,aug,1,88,2,other,no,0,1,1,High,0,0,0.41385347
5239,37,services,single,secondary,1045,no,no,cellular,feb,1,-1,0,unknown,no,0,0,0,Medium,0,0,0.18712978
5240,52,housemaid,married,primary,0,no,yes,cellular,jul,1,-1,0,unknown,no,0,0,1,Negative,0,0,0.021747122
5241,47,services,married,primary,675,no,no,cellular,aug,2,-1,0,unknown,no,0,0,0,Low,0,0,0.06468479
5242,50,blue-collar,married,primary,811,no,no,unknown,jun,3,-1,0,unknown,no,0,0,0,Low,0,0,0.07148312
5243,31,blue-collar,married,secondary,360,yes,no,unknown,may,1,-1,0,unknown,no,0,0,1,Low,0,0,0.05308626
5244,37,blue-collar,married,secondary,2364,yes,no,cellular,may,4,-1,0,unknown,no,0,0,1,Medium,0,0,0.11697859
5245,47,admin.,divorced,primary,1095,yes,no,cellular,nov,1,110,2,other,no,0,1,1,Medium,0,0,0.017058361
5246,38,unemployed,single,tertiary,560,no,no,cellular,jan,1,-1,0,unknown,no,0,0,0,Low,0,0,0.07046121
5247,38,management,married,tertiary,676,no,no,cellular,may,3,-1,0,unknown,no,0,0,0,Low,0,0,0.1848691
5248,38,blue-collar,married,secondary,220,yes,no,cellular,jan,2,-1,0,unknown,no,0,0,1,Low,0,0,0.015529747
5249,48,blue-collar,married,primary,278,yes,no,unknown,may,2,-1,0,unknown,no,0,0,1,Low,0,0,0.02163871
5250,41,admin.,married,secondary,16517,no,no,cellular,nov,2,-1,0,unknown,no,0,0,0,High,0,0,0.043516546
5251,46,management,married,tertiary,1008,no,no,cellular,aug,13,-1,0,unknown,no,0,0,0,Medium,0,0,0.016691903
5252,51,blue-collar,married,secondary,51,no,yes,cellular,aug,8,-1,0,unknown,no,0,0,1,Low,0,0,0.01237511
5253,76,housemaid,divorced,primary,1411,no,no,telephone,oct,2,187,3,success,yes,1,1,0,Medium,1,1,0.82031834
5254,54,blue-collar,married,secondary,-69,yes,no,unknown,may,2,-1,0,unknown,no,0,0,1,Negative,0,0,0.025471864
5255,49,self-employed,married,tertiary,1842,yes,no,unknown,may,2,-1,0,unknown,no,0,0,1,Medium,0,0,0.012254001
5256,40,technician,married,secondary,158,yes,no,cellular,apr,1,-1,0,unknown,no,0,0,1,Low,0,0,0.072905175
5257,38,blue-collar,married,secondary,1391,yes,no,telephone,jun,2,-1,0,unknown,no,0,0,1,Medium,0,0,0.26455915
5258,41,technician,married,primary,141,yes,no,unknown,may,4,-1,0,unknown,no,0,0,1,Low,0,0,0.025051078
5259,47,management,married,tertiary,6637,yes,no,cellular,apr,2,-1,0,unknown,no,0,0,1,High,0,0,0.03565132
5260,42,admin.,married,secondary,101,yes,no,unknown,may,3,-1,0,unknown,no,0,0,1,Low,0,0,0.024015965
5261,58,blue-collar,married,secondary,1894,no,no,cellular,aug,6,-1,0,unknown,no,0,0,0,Medium,0,0,0.055534072
5262,47,blue-collar,married,secondary,3008,yes,yes,unknown,may,3,-1,0,unknown,no,0,0,1,Medium,0,0,0.03785387
5263,26,admin.,married,secondary,383,yes,yes,cellular,jul,2,-1,0,unknown,no,0,0,1,Low,0,0,0.075491354
5264,46,management,divorced,tertiary,-94,yes,no,cellular,nov,4,-1,0,unknown,no,0,0,1,Negative,0,0,0.030828789
5265,46,management,married,tertiary,1489,yes,no,unknown,jun,5,-1,0,unknown,no,0,0,1,Medium,0,0,0.0484975
5266,59,unemployed,married,secondary,2740,no,no,cellular,feb,1,-1,0,unknown,no,0,0,0,Medium,0,0,0.13702545
5267,56,blue-collar,married,secondary,317,no,no,cellular,aug,7,-1,0,unknown,no,0,0,0,Low,0,0,0.051093612
5268,25,blue-collar,married,secondary,-288,no,yes,cellular,jul,4,-1,0,unknown,no,0,0,1,Negative,0,0,0.0057661207
5269,30,technician,single,secondary,500,yes,no,cellular,nov,1,543,3,failure,no,0,1,1,Low,0,1,0.8365704
5270,35,blue-collar,single,secondary,773,yes,no,unknown,may,2,-1,0,unknown,no,0,0,1,Low,0,0,0.06348137
5271,53,unemployed,married,secondary,4487,no,no,cellular,jul,2,-1,0,unknown,no,0,0,0,Medium,0,0,0.020541487
5272,47,entrepreneur,married,tertiary,1855,no,no,unknown,jun,3,-1,0,unknown,no,0,0,0,Medium,0,0,0.054704696
5273,28,technician,single,tertiary,356,no,no,cellular,mar,2,-1,0,unknown,no,0,0,0,Low,0,1,0.58612394
5274,37,management,married,tertiary,-120,yes,no,unknown,may,2,-1,0,unknown,no,0,0,1,Negative,0,0,0.023304256
5275,45,unemployed,married,tertiary,579,yes,no,cellular,jul,2,-1,0,unknown,no,0,0,1,Low,0,0,0.03496813
5276,61,admin.,married,secondary,1541,no,no,cellular,oct,1,104,3,failure,no,0,1,0,Medium,0,0,0.10019073
5277,29,management,single,tertiary,368,yes,no,unknown,may,1,-1,0,unknown,no,0,0,1,Low,0,0,0.061984036
5278,38,blue-collar,single,primary,350,yes,no,unknown,may,1,-1,0,unknown,no,0,0,1,Low,0,0,0.06510476
5279,49,admin.,married,secondary,12,no,no,unknown,jun,2,-1,0,unknown,no,0,0,0,Low,0,0,0.021361444
5280,60,retired,single,primary,470,no,no,unknown,jun,2,-1,0,unknown,no,0,0,0,Low,0,0,0.051781066
5281,40,admin.,married,secondary,732,no,no,cellular,sep,1,139,4,success,no,0,1,0,Low,0,1,0.757106
5282,33,services,married,secondary,248,yes,no,unknown,jun,2,-1,0,unknown,no,0,0,1,Low,0,0,0.03560836
5283,49,management,married,tertiary,6613,no,no,cellular,nov,1,155,3,failure,no,0,1,0,High,0,0,0.07188293
5284,35,admin.,married,secondary,-85,no,no,cellular,mar,6,-1,0,unknown,no,0,0,0,Negative,0,0,0.134589
5285,57,technician,married,secondary,323,yes,no,telephone,jul,1,-1,0,unknown,no,0,0,1,Low,0,0,0.04106683
5286,60,housemaid,divorced,primary,1412,no,no,cellular,jul,4,-1,0,unknown,no,0,0,0,Medium,0,0,0.07316145
5287,52,blue-collar,married,secondary,161,yes,no,unknown,may,2,-1,0,unknown,no,0,0,1,Low,0,0,0.020036863
5288,58,blue-collar,married,secondary,1626,no,no,cellular,aug,4,-1,0,unknown,no,0,0,0,Medium,0,0,0.05202189
5289,52,technician,married,unknown,9687,yes,no,unknown,may,1,-1,0,unknown,no,0,0,1,High,0,0,0.049401045
5290,32,self-employed,married,primary,102,yes,no,cellular,jul,1,-1,0,unknown,yes,1,0,1,Low,1,0,0.04599931
5291,37,management,single,tertiary,614,yes,no,unknown,may,2,-1,0,unknown,no,0,0,1,Low,0,0,0.113433614
5292,71,retired,divorced,tertiary,780,no,no,telephone,apr,1,-1,0,unknown,no,0,0,0,Low,0,0,0.41856265
5293,40,management,married,tertiary,6008,yes,no,cellular,nov,1,-1,0,unknown,no,0,0,1,High,0,0,0.058369827
5294,31,admin.,single,secondary,507,yes,no,cellular,may,2,299,3,other,no,0,1,1,Low,0,0,0.08591959
5295,40,services,married,secondary,884,no,no,cellular,jul,4,-1,0,unknown,no,0,0,0,Low,0,0,0.15641157
5296,44,blue-collar,divorced,primary,-97,yes,yes,cellular,may,3,288,4,failure,no,0,1,1,Negative,0,0,0.09800174
5297,35,management,married,tertiary,93,no,no,cellular,may,2,88,1,other,no,0,1,0,Low,0,0,0.16924815
5298,34,admin.,married,secondary,2064,yes,no,unknown,may,2,-1,0,unknown,no,0,0,1,Medium,0,0,0.023565665
5299,31,self-employed,single,tertiary,84,no,no,cellular,aug,4,-1,0,unknown,no,0,0,0,Low,0,0,0.1800173
5300,57,retired,married,secondary,374,yes,yes,cellular,jul,1,-1,0,unknown,no,0,0,1,Low,0,0,0.07736131
5301,43,admin.,married,secondary,764,yes,no,cellular,feb,1,-1,0,unknown,no,0,0,1,Low,0,0,0.028518988
5302,46,management,single,secondary,-246,yes,no,unknown,may,2,-1,0,unknown,no,0,0,1,Negative,0,0,0.012139122
5303,32,management,married,tertiary,0,no,no,cellular,nov,1,-1,0,unknown,no,0,0,0,Negative,0,0,0.043520328
5304,33,blue-collar,married,secondary,101,yes,no,cellular,may,2,361,4,failure,no,0,1,1,Low,0,0,0.04626534
5305,35,admin.,divorced,tertiary,262,yes,no,cellular,apr,2,335,4,other,no,0,1,1,Low,0,0,0.08224088
5306,36,management,single,tertiary,3850,yes,no,cellular,may,4,-1,0,unknown,no,0,0,1,Medium,0,0,0.33698472
5307,36,blue-collar,married,secondary,274,yes,no,unknown,jun,11,-1,0,unknown,yes,1,0,1,Low,1,0,0.015623938
5308,27,services,single,secondary,1928,no,yes,cellular,jul,5,-1,0,unknown,no,0,0,1,Medium,0,0,0.14971806
5309,51,blue-collar,married,primary,1164,yes,no,cellular,may,1,369,2,failure,no,0,1,1,Medium,0,0,0.013937205
5310,30,admin.,single,secondary,1223,yes,no,cellular,jul,5,-1,0,unknown,no,0,0,1,Medium,0,0,0.028800387
5311,38,self-employed,married,tertiary,1029,no,no,cellular,aug,2,-1,0,unknown,no,0,0,0,Medium,0,0,0.040290456
5312,31,blue-collar,married,secondary,213,yes,no,unknown,may,2,-1,0,unknown,no,0,0,1,Low,0,0,0.03528021
5313,32,technician,married,secondary,1026,no,no,cellular,aug,3,-1,0,unknown,no,0,0,0,Medium,0,0,0.04139433
5314,41,admin.,married,secondary,1380,yes,no,cellular,apr,1,333,1,failure,no,0,1,1,Medium,0,0,0.0120107
5315,34,housemaid,married,secondary,265,no,no,cellular,aug,2,-1,0,unknown,no,0,0,0,Low,0,0,0.04151923
5316,42,technician,single,secondary,746,no,no,cellular,jul,2,-1,0,unknown,no,0,0,0,Low,0,0,0.06755073
5317,34,technician,married,secondary,0,no,no,cellular,aug,2,-1,0,unknown,no,0,0,0,Negative,0,0,0.061285425
5318,53,management,married,tertiary,115,yes,no,unknown,may,3,-1,0,unknown,no,0,0,1,Low,0,0,0.014094497
5319,38,blue-collar,single,unknown,-933,yes,no,cellular,jul,11,-1,0,unknown,no,0,0,1,Negative,0,0,0.04309308
5320,31,blue-collar,married,secondary,5345,yes,no,cellular,nov,1,-1,0,unknown,no,0,0,1,High,0,0,0.0635803
5321,49,blue-collar,married,primary,902,no,no,unknown,jun,2,-1,0,unknown,no,0,0,0,Low,0,0,0.061812814
5322,44,unemployed,married,tertiary,17747,yes,no,cellular,feb,7,-1,0,unknown,no,0,0,1,High,0,0,0.051952202
5323,57,management,married,tertiary,372,no,no,cellular,nov,3,-1,0,unknown,yes,1,0,0,Low,1,0,0.0687383
5324,33,technician,single,tertiary,8047,yes,no,cellular,may,1,263,13,failure,no,0,1,1,High,0,0,0.260075
5325,57,unemployed,married,primary,0,yes,no,cellular,nov,2,-1,0,unknown,no,0,0,1,Negative,0,0,0.021750169
5326,46,blue-collar,single,secondary,0,yes,no,cellular,may,2,-1,0,unknown,no,0,0,1,Negative,0,0,0.063277766
5327,37,technician,married,tertiary,88,no,no,cellular,may,1,90,3,other,yes,1,1,0,Low,1,0,0.15978979
5328,36,technician,single,secondary,140,yes,no,cellular,aug,9,-1,0,unknown,no,0,0,1,Low,0,0,0.01853538
5329,44,services,divorced,secondary,210,no,yes,unknown,may,2,-1,0,unknown,no,0,0,1,Low,0,0,0.024826556
5330,30,unemployed,single,primary,1,no,no,cellular,nov,2,-1,0,unknown,no,0,0,0,Low,0,0,0.0663683
5331,32,blue-collar,married,primary,2114,yes,no,telephone,apr,1,-1,0,unknown,no,0,0,1,Medium,0,0,0.033102054
5332,36,blue-collar,married,secondary,346,yes,no,unknown,jun,1,-1,0,unknown,no,0,0,1,Low,0,0,0.044035766
5333,36,entrepreneur,married,tertiary,1722,yes,no,unknown,may,2,-1,0,unknown,no,0,0,1,Medium,0,0,0.027341284
5334,50,management,divorced,tertiary,151,no,no,cellular,jun,4,-1,0,unknown,no,0,0,0,Low,0,0,0.46768555
5335,41,services,divorced,secondary,840,yes,no,cellular,feb,1,-1,0,unknown,yes,1,0,1,Low,1,0,0.041457698
5336,35,admin.,married,secondary,100,yes,no,cellular,may,4,-1,0,unknown,no,0,0,1,Low,0,0,0.074353695
5337,31,technician,single,secondary,388,no,no,cellular,aug,2,-1,0,unknown,no,0,0,0,Low,0,0,0.07157566
5338,51,housemaid,divorced,tertiary,370,yes,no,cellular,aug,3,-1,0,unknown,no,0,0,1,Low,0,0,0.032750685
5339,37,technician,single,tertiary,197,no,no,cellular,may,1,87,3,success,yes,1,1,0,Low,1,1,0.8315081
5340,41,admin.,married,secondary,1021,no,no,cellular,jun,1,-1,0,unknown,no,0,0,0,Medium,0,1,0.6035729
5341,30,services,single,secondary,-158,yes,no,cellular,may,1,370,2,failure,yes,1,1,1,Negative,1,0,0.0050546643
5342,27,student,single,secondary,8366,no,no,cellular,may,2,349,1,other,no,0,1,0,High,0,0,0.06702728
5343,47,blue-collar,married,secondary,243,yes,no,cellular,feb,1,246,4,failure,no,0,1,1,Low,0,0,0.04304216
5344,40,unemployed,married,secondary,488,yes,no,cellular,jul,4,-1,0,unknown,no,0,0,1,Low,0,0,0.06405993
5345,55,management,married,tertiary,543,no,no,cellular,aug,2,-1,0,unknown,no,0,0,0,Low,0,0,0.11042325
5346,45,blue-collar,married,secondary,9680,no,no,cellular,aug,4,-1,0,unknown,no,0,0,0,High,0,0,0.14834619
5347,33,entrepreneur,married,secondary,0,no,yes,cellular,jul,4,-1,0,unknown,no,0,0,1,Negative,0,0,0.083246075
5348,24,self-employed,single,unknown,1179,no,no,cellular,may,1,105,1,failure,no,0,1,0,Medium,0,0,0.13579579
5349,34,technician,single,secondary,95,no,no,cellular,aug,8,-1,0,unknown,no,0,0,0,Low,0,0,0.018975537
5350,46,technician,married,secondary,0,no,no,telephone,apr,2,-1,0,unknown,no,0,0,0,Negative,0,0,0.048388388
5351,36,services,single,tertiary,1189,no,no,cellular,aug,1,-1,0,unknown,yes,1,0,0,Medium,1,0,0.1310304
5352,75,retired,divorced,secondary,2199,no,no,telephone,nov,1,-1,0,unknown,no,0,0,0,Medium,0,1,0.71845704
5353,36,blue-collar,married,secondary,0,yes,no,cellular,may,1,-1,0,unknown,no,0,0,1,Negative,0,0,0.059174377
5354,41,management,married,secondary,41,yes,no,cellular,may,2,364,6,other,no,0,1,1,Low,0,0,0.037973274
5355,32,admin.,divorced,secondary,187,yes,no,cellular,jul,2,-1,0,unknown,no,0,0,1,Low,0,0,0.13466276
5356,60,unknown,married,unknown,5003,no,no,telephone,jun,5,-1,0,unknown,no,0,0,0,High,0,0,0.39561218
5357,37,admin.,single,secondary,-117,no,yes,cellular,jul,1,-1,0,unknown,no,0,0,1,Negative,0,0,0.043579597
5358,40,blue-collar,married,primary,143,no,yes,cellular,jul,2,-1,0,unknown,no,0,0,1,Low,0,0,0.037396505
5359,41,unemployed,married,secondary,0,no,no,cellular,feb,2,-1,0,unknown,no,0,0,0,Negative,0,0,0.12541592
5360,30,technician,single,tertiary,290,no,no,cellular,aug,5,-1,0,unknown,no,0,0,0,Low,0,0,0.10509834
5361,20,student,single,secondary,67,yes,no,unknown,may,1,-1,0,unknown,no,0,0,1,Low,0,0,0.071402125
5362,45,management,single,tertiary,2532,no,no,cellular,jul,6,-1,0,unknown,no,0,0,0,Medium,0,0,0.11564111
5363,31,management,single,tertiary,1619,no,no,cellular,apr,2,-1,0,unknown,yes,1,0,0,Medium,1,0,0.42478558
5364,40,blue-collar,married,primary,669,yes,no,unknown,may,3,-1,0,unknown,no,0,0,1,Low,0,0,0.024558343
5365,60,services,divorced,secondary,758,no,no,cellular,feb,1,-1,0,unknown,no,0,0,0,Low,0,0,0.22825128
5366,26,services,married,secondary,116,no,no,cellular,feb,2,-1,0,unknown,no,0,0,0,Low,0,0,0.082728796
5367,44,self-employed,married,secondary,706,no,no,unknown,nov,1,-1,0,unknown,yes,1,0,0,Low,1,0,0.26685038
5368,26,student,single,secondary,611,no,no,cellular,jun,3,-1,0,unknown,no,0,0,0,Low,0,1,0.5142034
5369,52,technician,married,secondary,337,yes,no,cellular,may,1,261,4,failure,no,0,1,1,Low,0,0,0.049454175
5370,48,services,married,secondary,116,yes,no,telephone,apr,4,-1,0,unknown,no,0,0,1,Low,0,0,0.023877997
5371,42,unemployed,married,secondary,0,yes,no,cellular,may,3,-1,0,unknown,no,0,0,1,Negative,0,0,0.06381101
5372,45,unemployed,single,secondary,33,no,no,cellular,feb,1,-1,0,unknown,no,0,0,0,Low,0,0,0.05715183
5373,57,admin.,married,secondary,340,no,yes,cellular,jul,2,-1,0,unknown,no,0,0,1,Low,0,0,0.018593237
5374,34,self-employed,married,tertiary,0,yes,no,cellular,jul,1,-1,0,unknown,no,0,0,1,Negative,0,0,0.10084141
5375,50,management,married,primary,117,yes,no,telephone,may,4,-1,0,unknown,no,0,0,1,Low,0,0,0.02784153
5376,33,technician,married,secondary,95,yes,no,unknown,may,2,-1,0,unknown,no,0,0,1,Low,0,0,0.026919572
5377,61,retired,married,secondary,5196,no,no,telephone,mar,2,95,4,other,no,0,1,0,High,0,0,0.3224441
5378,48,management,married,tertiary,1741,yes,yes,telephone,nov,1,-1,0,unknown,no,0,0,1,Medium,0,0,0.03597178
5379,35,unemployed,married,secondary,759,no,no,cellular,nov,3,-1,0,unknown,no,0,0,0,Low,0,0,0.059892345
5380,36,blue-collar,married,secondary,561,yes,no,unknown,jun,2,-1,0,unknown,no,0,0,1,Low,0,0,0.050604448
5381,31,student,single,tertiary,0,no,no,cellular,may,2,-1,0,unknown,no,0,0,0,Negative,0,0,0.20818575
5382,47,admin.,single,secondary,-874,yes,no,cellular,jul,2,-1,0,unknown,no,0,0,1,Negative,0,0,0.020914411
5383,35,blue-collar,married,secondary,262,no,no,cellular,mar,1,181,3,success,yes,1,1,0,Low,1,1,0.9046782
5384,49,entrepreneur,divorced,tertiary,1342,yes,yes,cellular,apr,1,140,1,failure,no,0,1,1,Medium,0,0,0.04493773
5385,41,blue-collar,divorced,secondary,-224,yes,no,cellular,feb,2,-1,0,unknown,no,0,0,1,Negative,0,0,0.10186581
5386,49,blue-collar,married,primary,3103,no,no,cellular,feb,5,-1,0,unknown,no,0,0,0,Medium,0,0,0.120673224
5387,58,management,married,tertiary,313,no,no,unknown,jun,2,-1,0,unknown,no,0,0,0,Low,0,0,0.03918962
5388,39,blue-collar,married,secondary,5201,no,no,unknown,jun,1,-1,0,unknown,no,0,0,0,High,0,0,0.032317933
5389,78,retired,married,primary,14204,no,no,cellular,oct,1,183,1,other,no,0,1,0,High,0,1,0.94191295
5390,26,services,married,secondary,13,yes,yes,cellular,jul,25,-1,0,unknown,no,0,0,1,Low,0,0,0.01203285
5391,40,technician,single,tertiary,-89,yes,no,unknown,may,4,-1,0,unknown,no,0,0,1,Negative,0,0,0.011922806
5392,47,blue-collar,married,primary,43,no,no,cellular,aug,2,-1,0,unknown,no,0,0,0,Low,0,0,0.03317688
5393,59,management,married,secondary,-1246,no,no,telephone,jul,2,-1,0,unknown,no,0,0,0,Negative,0,0,0.0266895
5394,39,blue-collar,married,secondary,-220,yes,no,cellular,may,1,352,2,failure,no,0,1,1,Negative,0,0,0.012558992
5395,31,services,single,secondary,68,yes,no,unknown,may,2,-1,0,unknown,no,0,0,1,Low,0,0,0.022955853
5396,40,services,married,secondary,-80,yes,no,unknown,jun,1,-1,0,unknown,no,0,0,1,Negative,0,0,0.032132857
5397,60,retired,married,primary,1588,no,no,cellular,oct,1,-1,0,unknown,yes,1,0,0,Medium,1,0,0.13822795
5398,39,management,single,secondary,1623,yes,no,unknown,jun,2,-1,0,unknown,no,0,0,1,Medium,0,0,0.048983615
5399,29,services,single,secondary,40,yes,no,cellular,may,1,355,2,failure,no,0,1,1,Low,0,0,0.06268722
5400,38,technician,single,secondary,613,yes,yes,cellular,may,2,254,14,other,no,0,1,1,Low,0,0,0.041988067
5401,52,technician,married,tertiary,2557,no,no,cellular,jul,1,156,1,other,yes,1,1,0,Medium,1,0,0.4477059
5402,32,management,married,tertiary,282,no,no,cellular,aug,2,-1,0,unknown,no,0,0,0,Low,0,0,0.064195976
5403,42,blue-collar,married,primary,1752,yes,no,unknown,jun,21,-1,0,unknown,no,0,0,1,Medium,0,0,0.009432992
5404,51,blue-collar,married,secondary,362,yes,yes,cellular,feb,3,-1,0,unknown,no,0,0,1,Low,0,0,0.04459439
5405,39,blue-collar,married,primary,4146,yes,yes,unknown,may,1,-1,0,unknown,no,0,0,1,Medium,0,0,0.020921504
5406,42,housemaid,married,primary,1,yes,no,telephone,jul,5,-1,0,unknown,no,0,0,1,Low,0,0,0.010157051
5407,49,admin.,single,primary,181,yes,no,unknown,may,3,-1,0,unknown,no,0,0,1,Low,0,0,0.025598206
5408,32,admin.,single,secondary,1649,no,no,cellular,may,2,-1,0,unknown,no,0,0,0,Medium,0,0,0.21762595
5409,36,management,married,tertiary,495,no,no,cellular,aug,3,97,2,success,yes,1,1,0,Low,1,1,0.8589458
5410,47,blue-collar,married,primary,-58,yes,no,cellular,jul,2,-1,0,unknown,no,0,0,1,Negative,0,0,0.030343719
5411,25,blue-collar,single,secondary,0,no,no,telephone,jul,1,-1,0,unknown,no,0,0,0,Negative,0,0,0.031978004
5412,32,management,married,secondary,1477,yes,no,cellular,nov,1,-1,0,unknown,no,0,0,1,Medium,0,0,0.048126407
5413,47,blue-collar,married,primary,3440,no,no,cellular,aug,10,-1,0,unknown,no,0,0,0,Medium,0,0,0.05714425
5414,42,services,married,secondary,1007,no,no,unknown,jun,1,-1,0,unknown,no,0,0,0,Medium,0,0,0.04577395
5415,47,technician,married,secondary,826,yes,no,telephone,nov,3,112,8,other,no,0,1,1,Low,0,0,0.014645862
5416,39,blue-collar,married,primary,867,yes,no,unknown,may,1,-1,0,unknown,no,0,0,1,Low,0,0,0.041886747
5417,38,self-employed,married,secondary,29125,no,no,unknown,jun,2,-1,0,unknown,no,0,0,0,High,0,0,0.005778649
5418,58,admin.,married,secondary,310,yes,yes,cellular,apr,1,-1,0,unknown,no,0,0,1,Low,0,0,0.41593242
5419,33,management,married,tertiary,1808,no,no,cellular,dec,3,-1,0,unknown,yes,1,0,0,Medium,1,0,0.47081417
5420,35,services,married,secondary,1728,yes,no,cellular,apr,1,-1,0,unknown,no,0,0,1,Medium,0,0,0.055177256
5421,36,blue-collar,married,secondary,1272,yes,no,cellular,apr,1,-1,0,unknown,no,0,0,1,Medium,0,0,0.067853436
5422,22,student,single,secondary,466,yes,no,cellular,apr,1,-1,0,unknown,no,0,0,1,Low,0,0,0.15370317
5423,36,technician,married,tertiary,404,no,no,unknown,jun,2,-1,0,unknown,no,0,0,0,Low,0,0,0.06650014
5424,33,blue-collar,married,secondary,36,yes,no,unknown,jun,4,-1,0,unknown,no,0,0,1,Low,0,0,0.04952414
5425,46,blue-collar,married,secondary,2485,yes,no,unknown,may,4,-1,0,unknown,no,0,0,1,Medium,0,0,0.050968684
5426,46,self-employed,married,tertiary,291,no,no,cellular,feb,4,-1,0,unknown,no,0,0,0,Low,0,0,0.19724701
5427,55,management,married,tertiary,42,yes,no,telephone,may,2,-1,0,unknown,no,0,0,1,Low,0,0,0.044653665
5428,54,technician,married,secondary,184,no,no,cellular,aug,8,-1,0,unknown,no,0,0,0,Low,0,0,0.018104319
5429,39,blue-collar,single,secondary,116,yes,no,unknown,may,3,-1,0,unknown,no,0,0,1,Low,0,0,0.060964137
5430,59,retired,married,secondary,-313,yes,no,unknown,may,1,-1,0,unknown,no,0,0,1,Negative,0,0,0.023227824
5431,59,retired,married,secondary,434,yes,no,unknown,may,3,-1,0,unknown,no,0,0,1,Low,0,0,0.014962315
5432,34,blue-collar,married,secondary,405,yes,no,unknown,may,1,-1,0,unknown,no,0,0,1,Low,0,0,0.039315507
5433,41,admin.,single,secondary,242,no,yes,cellular,feb,3,-1,0,unknown,no,0,0,1,Low,0,0,0.06996362
5434,31,student,single,tertiary,2030,yes,no,cellular,may,2,351,2,failure,no,0,1,1,Medium,0,0,0.025167948
5435,36,services,single,secondary,9713,yes,no,unknown,may,3,-1,0,unknown,no,0,0,1,High,0,0,0.053400762
5436,34,technician,single,tertiary,925,yes,no,cellular,apr,1,-1,0,unknown,yes,1,0,1,Low,1,0,0.18334256
5437,56,entrepreneur,divorced,tertiary,151,yes,no,cellular,may,5,171,1,other,no,0,1,1,Low,0,0,0.01621036
5438,30,management,married,secondary,1439,yes,no,cellular,nov,1,-1,0,unknown,no,0,0,1,Medium,0,0,0.059382737
5439,45,blue-collar,married,primary,0,no,no,cellular,aug,2,-1,0,unknown,no,0,0,0,Negative,0,0,0.032309897
5440,42,entrepreneur,married,tertiary,157,yes,yes,unknown,may,1,-1,0,unknown,no,0,0,1,Low,0,0,0.011000801
5441,27,services,single,primary,140,yes,yes,cellular,jul,1,-1,0,unknown,no,0,0,1,Low,0,0,0.08296797
5442,26,admin.,married,unknown,4311,no,no,cellular,may,1,-1,0,unknown,no,0,0,0,Medium,0,0,0.31858188
5443,46,management,married,tertiary,459,yes,no,unknown,may,1,-1,0,unknown,no,0,0,1,Low,0,0,0.022048956
5444,54,entrepreneur,single,tertiary,5417,yes,no,cellular,apr,1,-1,0,unknown,no,0,0,1,High,0,0,0.22386408
5445,58,retired,married,secondary,1227,no,no,cellular,jul,1,156,1,failure,no,0,1,0,Medium,0,0,0.1333579
5446,37,self-employed,single,primary,235,yes,no,cellular,apr,4,323,9,failure,no,0,1,1,Low,0,0,0.04045806
5447,41,management,single,tertiary,1982,no,no,cellular,nov,1,-1,0,unknown,yes,1,0,0,Medium,1,0,0.12862279
5448,59,admin.,divorced,secondary,636,no,no,cellular,aug,4,-1,0,unknown,no,0,0,0,Low,0,0,0.07790403
5449,34,services,married,primary,31,no,yes,cellular,jul,3,-1,0,unknown,no,0,0,1,Low,0,0,0.094861865
5450,48,entrepreneur,divorced,secondary,2,yes,yes,cellular,may,2,281,4,failure,no,0,1,1,Low,0,0,0.08531955
5451,41,management,single,tertiary,195,no,no,unknown,jun,2,-1,0,unknown,no,0,0,0,Low,0,0,0.0418237
5452,57,services,married,secondary,504,no,no,cellular,aug,2,-1,0,unknown,no,0,0,0,Low,0,0,0.08544742
5453,30,management,married,tertiary,4948,no,no,cellular,aug,2,-1,0,unknown,no,0,0,0,Medium,0,0,0.09029967
5454,43,blue-collar,married,primary,601,yes,no,cellular,apr,2,-1,0,unknown,no,0,0,1,Low,0,0,0.081790045
5455,34,admin.,married,tertiary,21,no,yes,cellular,jun,1,92,2,failure,no,0,1,1,Low,0,0,0.111049876
5456,28,blue-collar,married,primary,26,no,no,unknown,may,3,-1,0,unknown,no,0,0,0,Low,0,0,0.011423819
5457,28,admin.,single,secondary,53,no,no,cellular,feb,1,-1,0,unknown,no,0,0,0,Low,0,0,0.043695237
5458,32,blue-collar,married,secondary,-354,yes,yes,unknown,may,2,-1,0,unknown,no,0,0,1,Negative,0,0,0.012241247
5459,25,services,single,secondary,32,yes,no,unknown,may,1,-1,0,unknown,no,0,0,1,Low,0,0,0.06490356
5460,33,services,married,secondary,930,no,yes,cellular,jul,2,-1,0,unknown,no,0,0,1,Low,0,0,0.042128447
5461,47,blue-collar,married,primary,3067,yes,no,cellular,may,2,-1,0,unknown,no,0,0,1,Medium,0,0,0.14648028
5462,49,management,married,tertiary,1533,no,no,cellular,nov,1,172,1,failure,no,0,1,0,Medium,0,0,0.03067656
5463,43,management,married,tertiary,3529,yes,no,cellular,aug,3,-1,0,unknown,no,0,0,1,Medium,0,0,0.1428452
5464,58,self-employed,married,secondary,28318,yes,no,cellular,may,2,-1,0,unknown,no,0,0,1,High,0,0,0.014451995
5465,28,admin.,single,secondary,-36,yes,no,cellular,may,1,-1,0,unknown,no,0,0,1,Negative,0,0,0.17104867
5466,48,technician,single,secondary,329,no,no,cellular,jul,1,-1,0,unknown,no,0,0,0,Low,0,0,0.1288042
5467,37,admin.,married,secondary,0,yes,no,cellular,jun,1,-1,0,unknown,yes,1,0,1,Negative,1,0,0.2592367
5468,76,retired,married,primary,2590,no,no,telephone,feb,12,-1,0,unknown,no,0,0,0,Medium,0,0,0.08587864
5469,41,management,divorced,tertiary,934,no,no,cellular,aug,1,-1,0,unknown,no,0,0,0,Low,0,0,0.24333511
5470,37,management,married,tertiary,0,no,no,cellular,aug,4,-1,0,unknown,no,0,0,0,Negative,0,0,0.080474995
5471,44,admin.,married,secondary,0,no,no,unknown,may,3,-1,0,unknown,no,0,0,0,Negative,0,0,0.008940152
5472,31,blue-collar,single,secondary,3201,yes,no,unknown,may,5,-1,0,unknown,no,0,0,1,Medium,0,0,0.08835667
5473,38,technician,divorced,tertiary,915,yes,no,cellular,feb,7,266,4,other,no,0,1,1,Low,0,0,0.014069863
5474,44,management,married,tertiary,236,yes,yes,telephone,jul,3,-1,0,unknown,no,0,0,1,Low,0,0,0.022205094
5475,32,management,single,tertiary,1882,no,no,cellular,aug,5,-1,0,unknown,yes,1,0,0,Medium,1,0,0.07348961
5476,52,housemaid,married,primary,1837,no,no,unknown,jun,1,-1,0,unknown,no,0,0,0,Medium,0,0,0.010760436
5477,43,entrepreneur,married,secondary,0,yes,no,telephone,may,3,-1,0,unknown,no,0,0,1,Negative,0,0,0.035688404
5478,46,blue-collar,married,primary,575,no,no,cellular,aug,3,-1,0,unknown,no,0,0,0,Low,0,0,0.057675183
5479,60,technician,married,secondary,216,yes,yes,cellular,feb,1,-1,0,unknown,no,0,0,1,Low,0,0,0.066745624
5480,52,management,married,tertiary,3508,no,no,cellular,aug,2,-1,0,unknown,no,0,0,0,Medium,0,0,0.114291035
5481,54,services,single,secondary,8289,no,no,unknown,jun,2,-1,0,unknown,no,0,0,0,High,0,0,0.017984062
5482,36,management,single,tertiary,4,yes,no,cellular,may,2,342,1,failure,yes,1,1,1,Low,1,0,0.0660169
5483,33,admin.,married,secondary,166,no,yes,cellular,jul,27,-1,0,unknown,no,0,0,1,Low,0,0,0.003639125
5484,53,technician,married,secondary,6831,no,no,cellular,may,2,-1,0,unknown,yes,1,0,0,High,1,0,0.16028103
5485,52,management,divorced,tertiary,64,no,no,cellular,aug,3,-1,0,unknown,no,0,0,0,Low,0,0,0.16515416
5486,40,blue-collar,married,primary,968,yes,yes,unknown,may,1,-1,0,unknown,no,0,0,1,Low,0,0,0.020436915
5487,36,management,married,tertiary,789,yes,yes,cellular,jul,1,-1,0,unknown,no,0,0,1,Low,0,0,0.055049334
5488,31,admin.,married,secondary,184,yes,no,unknown,may,3,-1,0,unknown,no,0,0,1,Low,0,0,0.028809812
5489,66,retired,married,primary,1004,no,no,cellular,apr,1,182,1,success,no,0,1,0,Medium,0,1,0.8235115
5490,55,management,married,primary,1691,yes,no,cellular,may,2,174,1,failure,no,0,1,1,Medium,0,0,0.070858195
5491,36,services,married,secondary,338,no,no,unknown,may,1,-1,0,unknown,no,0,0,0,Low,0,0,0.02716213
5492,37,technician,single,secondary,363,yes,no,unknown,may,3,-1,0,unknown,no,0,0,1,Low,0,0,0.06442728
5493,51,admin.,married,unknown,-1137,yes,yes,telephone,may,3,325,1,failure,no,0,1,1,Negative,0,0,0.0023848074
5494,39,services,married,secondary,323,no,no,cellular,dec,3,182,3,other,no,0,1,0,Low,0,1,0.61497337
5495,41,services,divorced,secondary,727,yes,no,cellular,may,1,-1,0,unknown,no,0,0,1,Low,0,0,0.09424893
5496,41,blue-collar,married,primary,2770,yes,yes,unknown,jun,2,-1,0,unknown,no,0,0,1,Medium,0,0,0.05502419
5497,36,technician,married,secondary,-531,no,no,cellular,may,3,-1,0,unknown,no,0,0,0,Negative,0,0,0.04269621
5498,62,housemaid,married,secondary,2,no,no,cellular,nov,1,-1,0,unknown,yes,1,0,0,Low,1,0,0.440661
5499,33,self-employed,married,tertiary,1301,yes,no,unknown,may,2,-1,0,unknown,no,0,0,1,Medium,0,0,0.043126814
5500,36,blue-collar,divorced,primary,553,no,no,unknown,jun,4,-1,0,unknown,no,0,0,0,Low,0,0,0.055403598
5501,26,blue-collar,married,primary,172,yes,no,cellular,may,3,354,3,failure,no,0,1,1,Low,0,0,0.025781924
5502,40,blue-collar,married,secondary,-481,yes,yes,unknown,may,2,-1,0,unknown,no,0,0,1,Negative,0,0,0.019368125
5503,51,blue-collar,married,secondary,2007,yes,no,cellular,aug,3,-1,0,unknown,yes,1,0,1,Medium,1,0,0.09032406
5504,51,housemaid,married,unknown,819,no,no,unknown,jun,1,-1,0,unknown,no,0,0,0,Low,0,0,0.030227486
5505,48,blue-collar,married,primary,456,yes,yes,unknown,may,1,-1,0,unknown,no,0,0,1,Low,0,0,0.0149682965
5506,58,management,married,tertiary,2729,no,no,unknown,jun,1,-1,0,unknown,no,0,0,0,Medium,0,0,0.035347745
5507,47,blue-collar,married,secondary,-5,yes,no,unknown,may,1,-1,0,unknown,no,0,0,1,Negative,0,0,0.013021581
5508,46,technician,divorced,tertiary,0,yes,no,cellular,aug,5,-1,0,unknown,no,0,0,1,Negative,0,0,0.08910667
5509,37,technician,single,tertiary,3315,yes,no,cellular,apr,2,-1,0,unknown,no,0,0,1,Medium,0,0,0.16753225
5510,47,management,divorced,tertiary,8226,yes,no,cellular,jul,2,-1,0,unknown,no,0,0,1,High,0,0,0.08890398
5511,38,management,married,tertiary,1187,yes,yes,cellular,feb,1,-1,0,unknown,no,0,0,1,Medium,0,0,0.06970922
5512,77,retired,married,secondary,610,no,no,cellular,aug,3,-1,0,unknown,no,0,0,0,Low,0,0,0.21505943
5513,37,services,married,secondary,3429,yes,yes,unknown,may,8,-1,0,unknown,no,0,0,1,Medium,0,0,0.007103497
5514,46,admin.,married,secondary,979,no,no,cellular,aug,15,-1,0,unknown,no,0,0,0,Low,0,0,0.041767936
5515,26,admin.,single,tertiary,2170,yes,no,cellular,apr,1,-1,0,unknown,no,0,0,1,Medium,0,0,0.34343794
5516,37,management,married,tertiary,839,no,yes,cellular,aug,11,-1,0,unknown,no,0,0,1,Low,0,0,0.032560263
5517,37,management,married,tertiary,1813,yes,no,unknown,may,4,-1,0,unknown,no,0,0,1,Medium,0,0,0.030116184
5518,33,technician,married,secondary,79,no,no,cellular,aug,3,-1,0,unknown,no,0,0,0,Low,0,0,0.02453754
5519,28,blue-collar,single,secondary,1285,no,no,telephone,jan,2,2,17,other,no,0,1,0,Medium,0,0,0.016409066
5520,55,technician,divorced,secondary,2730,no,no,cellular,aug,2,-1,0,unknown,no,0,0,0,Medium,0,0,0.20049602
5521,24,student,single,tertiary,1535,yes,no,unknown,may,2,-1,0,unknown,no,0,0,1,Medium,0,0,0.0073049627
5522,54,housemaid,married,tertiary,2473,no,no,cellular,mar,2,-1,0,unknown,yes,1,0,0,Medium,1,1,0.69522256
5523,30,blue-collar,single,unknown,-570,yes,no,cellular,jul,22,-1,0,unknown,no,0,0,1,Negative,0,0,0.0061957086
5524,40,management,single,tertiary,3797,no,no,cellular,dec,1,195,2,failure,no,0,1,0,Medium,0,0,0.3648261
5525,49,technician,married,secondary,-205,yes,yes,cellular,may,6,309,1,failure,no,0,1,1,Negative,0,0,0.0153308455
5526,47,technician,married,secondary,10179,yes,no,unknown,jun,2,-1,0,unknown,no,0,0,1,High,0,0,0.027365154
5527,33,management,married,tertiary,22867,yes,no,cellular,aug,1,440,2,failure,no,0,1,1,High,0,0,0.17116338
5528,34,management,married,tertiary,832,no,no,cellular,aug,4,-1,0,unknown,no,0,0,0,Low,0,0,0.087192625
5529,40,management,married,tertiary,378,yes,yes,cellular,jan,1,268,2,failure,no,0,1,1,Low,0,0,0.0059679784
5530,59,management,married,tertiary,1308,no,no,cellular,jul,4,-1,0,unknown,no,0,0,0,Medium,0,0,0.09496009
5531,56,technician,married,secondary,1938,no,yes,cellular,feb,1,192,4,success,yes,1,1,1,Medium,1,1,0.80210394
5532,54,management,married,tertiary,0,no,no,cellular,jul,5,-1,0,unknown,no,0,0,0,Negative,0,0,0.07418013
5533,40,housemaid,married,primary,0,no,no,cellular,aug,20,-1,0,unknown,no,0,0,0,Negative,0,0,0.0024134573
5534,35,technician,single,secondary,-816,no,no,cellular,aug,19,-1,0,unknown,no,0,0,0,Negative,0,0,0.0030947132
5535,32,services,single,secondary,3993,no,no,cellular,may,2,-1,0,unknown,yes,1,0,0,Medium,1,0,0.23970486
5536,37,admin.,divorced,tertiary,43,yes,no,cellular,apr,2,264,2,failure,no,0,1,1,Low,0,0,0.05958535
5537,34,services,divorced,secondary,1281,no,no,cellular,feb,1,-1,0,unknown,no,0,0,0,Medium,0,0,0.18035746
5538,49,management,single,tertiary,163,yes,no,unknown,may,3,-1,0,unknown,no,0,0,1,Low,0,0,0.01870603
5539,59,blue-collar,married,primary,3062,yes,no,cellular,aug,2,-1,0,unknown,no,0,0,1,Medium,0,0,0.14211836
5540,48,admin.,divorced,secondary,1282,yes,no,cellular,may,2,343,2,other,no,0,1,1,Medium,0,0,0.04225298
5541,43,admin.,married,secondary,0,yes,no,cellular,feb,1,-1,0,unknown,no,0,0,1,Negative,0,0,0.066392444
5542,42,technician,married,secondary,1355,no,no,cellular,aug,6,-1,0,unknown,no,0,0,0,Medium,0,0,0.07467356
5543,41,admin.,married,secondary,2993,yes,no,cellular,jul,12,-1,0,unknown,no,0,0,1,Medium,0,0,0.014279168
5544,36,management,divorced,tertiary,102,yes,no,cellular,apr,1,-1,0,unknown,no,0,0,1,Low,0,0,0.16575412
5545,54,unknown,married,secondary,2206,no,no,cellular,feb,1,91,3,success,yes,1,1,0,Medium,1,1,0.7760018
5546,55,services,married,secondary,557,no,no,unknown,jun,1,-1,0,unknown,no,0,0,0,Low,0,0,0.036987625
5547,33,blue-collar,single,secondary,228,no,no,telephone,may,1,89,4,failure,no,0,1,0,Low,0,0,0.053734556
5548,39,blue-collar,divorced,secondary,150,no,no,cellular,jul,4,-1,0,unknown,no,0,0,0,Low,0,0,0.085159674
5549,44,blue-collar,single,unknown,2167,yes,no,unknown,may,1,-1,0,unknown,no,0,0,1,Medium,0,0,0.030819394
5550,39,technician,single,secondary,2321,no,yes,unknown,jun,2,-1,0,unknown,no,0,0,1,Medium,0,0,0.039960887
5551,33,self-employed,married,tertiary,210,yes,no,cellular,may,1,167,1,failure,no,0,1,1,Low,0,0,0.02529069
5552,28,services,single,secondary,-7,no,yes,cellular,jul,5,-1,0,unknown,no,0,0,1,Negative,0,0,0.098864734
5553,53,retired,married,secondary,4968,no,no,cellular,feb,1,333,1,other,no,0,1,0,Medium,0,0,0.22339232
5554,39,admin.,married,secondary,-362,yes,no,unknown,may,2,-1,0,unknown,no,0,0,1,Negative,0,0,0.0061380076
5555,51,services,married,secondary,-238,yes,no,cellular,jul,1,-1,0,unknown,no,0,0,1,Negative,0,0,0.021670973
5556,46,admin.,divorced,primary,429,yes,no,cellular,apr,2,369,2,success,yes,1,1,1,Low,1,0,0.3407696
5557,57,entrepreneur,divorced,tertiary,873,no,no,unknown,jun,3,-1,0,unknown,no,0,0,0,Low,0,0,0.043524724
5558,44,services,married,secondary,850,no,yes,cellular,jul,5,-1,0,unknown,no,0,0,1,Low,0,0,0.08507291
5559,42,blue-collar,married,primary,2003,yes,no,cellular,apr,3,-1,0,unknown,no,0,0,1,Medium,0,0,0.066104114
5560,40,blue-collar,divorced,secondary,178,yes,no,cellular,may,1,-1,0,unknown,no,0,0,1,Low,0,0,0.076547936
5561,46,technician,single,tertiary,1448,no,no,cellular,nov,1,-1,0,unknown,no,0,0,0,Medium,0,0,0.100209065
5562,32,blue-collar,married,secondary,17332,yes,yes,cellular,apr,1,-1,0,unknown,no,0,0,1,High,0,0,0.029089686
5563,56,blue-collar,married,primary,206,no,no,unknown,jun,1,-1,0,unknown,no,0,0,0,Low,0,0,0.017967843
5564,54,blue-collar,married,primary,2110,yes,no,cellular,apr,1,-1,0,unknown,no,0,0,1,Medium,0,0,0.08880474
5565,44,technician,married,secondary,1226,yes,yes,cellular,jul,2,-1,0,unknown,no,0,0,1,Medium,0,0,0.031022165
5566,49,management,married,tertiary,15,no,no,cellular,jan,3,2,2,other,no,0,1,0,Low,0,0,0.06165705
5567,32,entrepreneur,married,secondary,1996,yes,no,cellular,nov,1,-1,0,unknown,no,0,0,1,Medium,0,0,0.048871342
5568,62,retired,married,secondary,1495,no,no,cellular,feb,1,-1,0,unknown,yes,1,0,0,Medium,1,0,0.22604613
5569,34,admin.,single,secondary,-32,no,yes,cellular,aug,3,103,2,success,no,0,1,1,Negative,0,0,0.24225448
5570,28,management,single,tertiary,187,no,no,cellular,jun,1,92,1,success,yes,1,1,0,Low,1,1,0.8616338
5571,27,unemployed,single,tertiary,77,no,no,cellular,jul,4,77,1,success,no,0,1,0,Low,0,1,0.57168293
5572,46,management,married,tertiary,-3,no,no,cellular,aug,2,-1,0,unknown,no,0,0,0,Negative,0,0,0.030475028
5573,32,services,married,secondary,3360,yes,yes,cellular,aug,5,-1,0,unknown,no,0,0,1,Medium,0,0,0.05108921
5574,32,technician,married,tertiary,3850,yes,no,cellular,apr,4,-1,0,unknown,no,0,0,1,Medium,0,0,0.058629937
5575,57,management,married,tertiary,1227,no,no,cellular,jun,1,-1,0,unknown,yes,1,0,0,Medium,1,1,0.53798634
5576,36,management,single,tertiary,1373,yes,no,unknown,may,2,-1,0,unknown,no,0,0,1,Medium,0,0,0.05407384
5577,31,technician,married,tertiary,165,no,no,cellular,may,4,-1,0,unknown,no,0,0,0,Low,0,0,0.18799478
5578,54,admin.,divorced,secondary,459,no,yes,telephone,nov,3,-1,0,unknown,no,0,0,1,Low,0,0,0.024043396
5579,49,self-employed,married,secondary,294,yes,no,unknown,jun,3,-1,0,unknown,no,0,0,1,Low,0,0,0.020154014
5580,52,management,married,tertiary,547,no,no,cellular,aug,2,-1,0,unknown,no,0,0,0,Low,0,0,0.12886196
5581,40,blue-collar,married,primary,-616,yes,no,cellular,nov,1,157,2,failure,no,0,1,1,Negative,0,0,0.021574792
5582,41,self-employed,married,secondary,713,yes,no,unknown,may,1,-1,0,unknown,no,0,0,1,Low,0,0,0.026173133
5583,33,management,single,tertiary,923,yes,no,unknown,may,6,-1,0,unknown,no,0,0,1,Low,0,0,0.07466103
5584,43,housemaid,divorced,tertiary,42,yes,no,cellular,aug,2,-1,0,unknown,no,0,0,1,Low,0,0,0.049035132
5585,33,services,married,secondary,7,yes,yes,cellular,may,1,-1,0,unknown,no,0,0,1,Low,0,0,0.08022822
5586,77,management,married,unknown,1780,yes,no,cellular,oct,2,183,3,success,yes,1,1,1,Medium,1,1,0.88821536
5587,44,admin.,married,secondary,73,yes,no,unknown,may,1,-1,0,unknown,no,0,0,1,Low,0,0,0.02888311
5588,27,technician,single,tertiary,3083,yes,no,unknown,may,2,-1,0,unknown,no,0,0,1,Medium,0,0,0.09634095
5589,60,housemaid,divorced,secondary,555,yes,no,cellular,jul,3,-1,0,unknown,no,0,0,1,Low,0,0,0.13515297
5590,33,blue-collar,married,secondary,-211,yes,no,cellular,jul,5,-1,0,unknown,no,0,0,1,Negative,0,0,0.03759699
5591,36,management,single,tertiary,613,no,no,cellular,aug,2,-1,0,unknown,no,0,0,0,Low,0,0,0.08014531
5592,28,admin.,married,secondary,-76,yes,no,cellular,may,1,-1,0,unknown,no,0,0,1,Negative,0,0,0.039444283
5593,53,self-employed,married,secondary,534,yes,no,cellular,jul,4,-1,0,unknown,no,0,0,1,Low,0,0,0.03429381
5594,40,technician,married,secondary,657,yes,no,cellular,nov,1,112,2,failure,no,0,1,1,Low,0,0,0.008742007
5595,56,housemaid,married,primary,58,no,yes,cellular,jul,6,-1,0,unknown,no,0,0,1,Low,0,0,0.02065798
5596,45,entrepreneur,married,secondary,68,yes,no,unknown,may,1,-1,0,unknown,no,0,0,1,Low,0,0,0.014440026
5597,38,services,divorced,primary,188,no,no,unknown,jun,10,-1,0,unknown,no,0,0,0,Low,0,0,0.0305623
5598,45,blue-collar,single,primary,695,yes,no,cellular,jul,1,-1,0,unknown,no,0,0,1,Low,0,0,0.07879246
5599,30,unemployed,divorced,tertiary,1718,yes,no,cellular,nov,4,126,2,failure,no,0,1,1,Medium,0,0,0.10466791
5600,32,management,single,tertiary,623,no,no,cellular,jul,3,194,2,failure,yes,1,1,0,Low,1,0,0.3248369
5601,54,unknown,married,secondary,1157,no,no,cellular,may,2,-1,0,unknown,no,0,0,0,Medium,0,0,0.09163758
5602,34,blue-collar,married,secondary,67,yes,yes,unknown,may,3,-1,0,unknown,no,0,0,1,Low,0,0,0.02084413
5603,41,blue-collar,married,secondary,780,yes,no,cellular,may,3,-1,0,unknown,no,0,0,1,Low,0,0,0.09699812
5604,37,blue-collar,married,unknown,722,yes,no,cellular,apr,1,150,3,failure,no,0,1,1,Low,0,0,0.04037108
5605,42,admin.,married,primary,-466,no,yes,telephone,jul,15,-1,0,unknown,no,0,0,1,Negative,0,0,0.0052305157
5606,50,management,married,tertiary,453,no,yes,unknown,jul,1,-1,0,unknown,no,0,0,1,Low,0,0,0.008469012
5607,32,blue-collar,single,secondary,235,yes,no,cellular,may,1,-1,0,unknown,no,0,0,1,Low,0,0,0.21242662
5608,60,admin.,married,secondary,12980,no,no,cellular,mar,1,-1,0,unknown,yes,1,0,0,High,1,1,0.6668183
5609,33,admin.,divorced,secondary,661,yes,no,cellular,aug,1,99,7,failure,no,0,1,1,Low,0,0,0.20249027
5610,49,technician,married,tertiary,503,no,no,unknown,jul,2,-1,0,unknown,no,0,0,0,Low,0,0,0.047609325
5611,39,blue-collar,single,secondary,522,yes,no,telephone,may,7,350,2,failure,no,0,1,1,Low,0,0,0.011073371
5612,68,retired,married,primary,2301,no,no,cellular,aug,3,120,1,failure,no,0,1,0,Medium,0,0,0.1539125
5613,44,management,married,unknown,2982,no,no,unknown,jun,2,-1,0,unknown,no,0,0,0,Medium,0,0,0.06140689
5614,33,blue-collar,single,secondary,1925,yes,no,cellular,mar,2,-1,0,unknown,no,0,0,1,Medium,0,0,0.47974038
5615,59,admin.,married,secondary,373,yes,yes,cellular,jul,7,-1,0,unknown,no,0,0,1,Low,0,0,0.075992905
5616,35,services,single,secondary,511,yes,yes,unknown,may,1,-1,0,unknown,no,0,0,1,Low,0,0,0.04974141
5617,33,technician,divorced,secondary,751,yes,no,cellular,nov,1,-1,0,unknown,no,0,0,1,Low,0,0,0.07703754
5618,55,admin.,married,primary,343,yes,no,cellular,jul,3,-1,0,unknown,no,0,0,1,Low,0,0,0.047749657
5619,34,management,married,tertiary,169,no,no,cellular,aug,4,-1,0,unknown,no,0,0,0,Low,0,0,0.037082884
5620,46,management,married,tertiary,7485,no,no,cellular,sep,1,779,2,failure,no,0,1,0,High,0,1,0.751729
5621,73,retired,married,primary,5539,no,no,telephone,aug,1,-1,0,unknown,yes,1,0,0,High,1,0,0.10786675
5622,56,retired,divorced,tertiary,2370,no,no,cellular,jul,1,-1,0,unknown,no,0,0,0,Medium,0,0,0.22657207
5623,19,student,single,primary,245,no,no,telephone,nov,2,110,2,other,no,0,1,0,Low,0,0,0.16406961
5624,58,management,divorced,unknown,2986,no,no,cellular,sep,1,91,5,other,yes,1,1,0,Medium,1,1,0.8274632
5625,44,services,married,secondary,382,no,no,unknown,jun,1,-1,0,unknown,no,0,0,0,Low,0,0,0.028451443
5626,60,retired,married,primary,838,no,no,cellular,jul,1,-1,0,unknown,no,0,0,0,Low,0,0,0.073097944
5627,39,blue-collar,divorced,secondary,412,no,no,unknown,may,1,-1,0,unknown,no,0,0,0,Low,0,0,0.031816047
5628,31,blue-collar,single,secondary,25,no,no,cellular,feb,1,-1,0,unknown,no,0,0,0,Low,0,0,0.045747403
5629,38,technician,single,secondary,0,no,no,cellular,aug,4,-1,0,unknown,no,0,0,0,Negative,0,0,0.03939285
5630,29,management,single,tertiary,572,yes,no,telephone,may,6,181,1,success,no,0,1,1,Low,0,0,0.18951657
5631,41,blue-collar,married,secondary,438,yes,no,unknown,may,3,-1,0,unknown,no,0,0,1,Low,0,0,0.03954576
5632,45,management,married,tertiary,242,no,no,cellular,apr,1,-1,0,unknown,yes,1,0,0,Low,1,1,0.68361706
5633,28,admin.,single,secondary,659,no,no,cellular,feb,2,-1,0,unknown,no,0,0,0,Low,0,0,0.30326137
5634,47,unemployed,divorced,secondary,342,yes,no,cellular,apr,1,-1,0,unknown,no,0,0,1,Low,0,0,0.19488268
5635,72,retired,single,unknown,588,no,yes,cellular,mar,3,-1,0,unknown,no,0,0,1,Low,0,1,0.7082284
5636,53,entrepreneur,married,tertiary,1046,yes,yes,cellular,jul,20,-1,0,unknown,no,0,0,1,Medium,0,0,0.005354578
5637,55,technician,married,unknown,84,yes,no,unknown,may,1,-1,0,unknown,no,0,0,1,Low,0,0,0.022435432
5638,54,technician,single,secondary,99,yes,no,unknown,may,3,-1,0,unknown,no,0,0,1,Low,0,0,0.035446458
5639,38,entrepreneur,married,tertiary,6704,yes,no,unknown,may,2,-1,0,unknown,no,0,0,1,High,0,0,0.0253855
5640,36,management,single,secondary,0,no,no,cellular,nov,3,-1,0,unknown,no,0,0,0,Negative,0,0,0.039718177
5641,33,technician,single,secondary,2583,no,no,cellular,may,1,108,1,failure,no,0,1,0,Medium,0,0,0.23681006
5642,51,blue-collar,married,primary,3170,yes,no,unknown,may,1,-1,0,unknown,no,0,0,1,Medium,0,0,0.018094566
5643,31,entrepreneur,married,secondary,162,yes,yes,cellular,may,2,-1,0,unknown,no,0,0,1,Low,0,0,0.04863448
5644,43,management,married,tertiary,715,no,no,cellular,aug,4,-1,0,unknown,no,0,0,0,Low,0,0,0.06130893
5645,27,management,single,tertiary,0,yes,no,cellular,jan,4,-1,0,unknown,no,0,0,1,Negative,0,0,0.13296156
5646,21,services,single,secondary,1903,yes,no,unknown,may,2,-1,0,unknown,no,0,0,1,Medium,0,0,0.035192464
5647,31,management,married,tertiary,713,yes,no,unknown,may,2,-1,0,unknown,no,0,0,1,Low,0,0,0.03728435
5648,55,self-employed,married,secondary,12159,yes,no,cellular,apr,5,139,4,failure,no,0,1,1,High,0,0,0.04346992
5649,44,management,single,secondary,13,no,no,unknown,jun,11,-1,0,unknown,no,0,0,0,Low,0,0,0.021695105
5650,58,blue-collar,divorced,primary,474,yes,yes,cellular,jul,1,-1,0,unknown,no,0,0,1,Low,0,0,0.21035957
5651,36,technician,married,tertiary,63,no,no,cellular,aug,14,-1,0,unknown,no,0,0,0,Low,0,0,0.0049469364
5652,30,technician,single,tertiary,0,no,no,cellular,aug,2,-1,0,unknown,no,0,0,0,Negative,0,0,0.050902933
5653,41,technician,married,secondary,965,no,no,cellular,aug,10,-1,0,unknown,yes,1,0,0,Low,1,0,0.046639893
5654,42,blue-collar,single,tertiary,1736,no,no,telephone,jul,2,-1,0,unknown,no,0,0,0,Medium,0,0,0.12475032
5655,56,retired,divorced,tertiary,-458,yes,no,cellular,may,4,296,3,failure,no,0,1,1,Negative,0,0,0.22111246
5656,30,management,single,tertiary,849,yes,no,unknown,may,6,-1,0,unknown,no,0,0,1,Low,0,0,0.14159112
5657,36,blue-collar,married,secondary,1055,yes,no,cellular,feb,1,-1,0,unknown,no,0,0,1,Medium,0,0,0.10259974
5658,41,housemaid,married,primary,365,no,no,cellular,aug,5,-1,0,unknown,no,0,0,0,Low,0,0,0.015387592
5659,31,self-employed,married,tertiary,147,yes,no,cellular,may,5,-1,0,unknown,no,0,0,1,Low,0,0,0.08566469
5660,30,blue-collar,single,secondary,18,no,no,unknown,may,1,-1,0,unknown,no,0,0,0,Low,0,0,0.02093451
5661,40,services,divorced,secondary,768,yes,no,cellular,may,3,-1,0,unknown,no,0,0,1,Low,0,0,0.09318394
5662,38,entrepreneur,divorced,secondary,36,no,no,cellular,nov,2,-1,0,unknown,no,0,0,0,Low,0,0,0.06297207
5663,51,technician,married,secondary,39,no,no,cellular,nov,1,-1,0,unknown,no,0,0,0,Low,0,0,0.1704431
5664,53,services,married,secondary,367,yes,yes,cellular,jan,1,261,2,failure,no,0,1,1,Low,0,0,0.007339915
5665,39,admin.,single,secondary,4917,yes,yes,cellular,may,1,-1,0,unknown,no,0,0,1,Medium,0,0,0.06301387
5666,47,technician,married,secondary,912,no,no,cellular,nov,2,-1,0,unknown,no,0,0,0,Low,0,0,0.104741484
5667,32,admin.,divorced,secondary,-46,no,yes,cellular,jul,4,-1,0,unknown,yes,1,0,1,Negative,1,0,0.08392594
5668,38,blue-collar,single,secondary,5133,yes,no,cellular,nov,2,168,2,other,no,0,1,1,High,0,0,0.052116953
5669,59,blue-collar,married,primary,259,yes,yes,unknown,may,2,-1,0,unknown,no,0,0,1,Low,0,0,0.028965428
5670,57,retired,married,secondary,-418,no,yes,unknown,jun,1,-1,0,unknown,no,0,0,1,Negative,0,0,0.05410298
5671,34,services,single,secondary,1701,yes,no,unknown,may,1,-1,0,unknown,no,0,0,1,Medium,0,0,0.04490817
5672,42,management,married,secondary,4314,no,no,cellular,jul,1,-1,0,unknown,no,0,0,0,Medium,0,0,0.1582448
5673,38,technician,divorced,tertiary,1805,no,no,unknown,jun,2,-1,0,unknown,yes,1,0,0,Medium,1,0,0.045688603
5674,46,blue-collar,married,tertiary,3745,no,no,cellular,oct,1,-1,0,unknown,no,0,0,0,Medium,0,0,0.47532597
5675,40,housemaid,divorced,secondary,108,no,no,unknown,may,1,-1,0,unknown,no,0,0,0,Low,0,0,0.014110018
5676,75,retired,married,primary,3504,no,no,telephone,aug,1,-1,0,unknown,no,0,0,0,Medium,0,0,0.39457357
5677,46,self-employed,divorced,tertiary,8017,yes,yes,cellular,nov,2,-1,0,unknown,no,0,0,1,High,0,0,0.042375967
5678,37,housemaid,single,secondary,1358,no,no,telephone,jan,1,-1,0,unknown,no,0,0,0,Medium,0,0,0.03981094
5679,34,management,married,secondary,879,yes,no,cellular,apr,1,344,1,failure,yes,1,1,1,Low,1,0,0.042829446
5680,27,student,single,tertiary,5291,no,no,cellular,aug,2,-1,0,unknown,no,0,0,0,High,0,0,0.16758646
5681,49,blue-collar,married,secondary,90,yes,no,unknown,may,1,-1,0,unknown,no,0,0,1,Low,0,0,0.013739724
5682,55,entrepreneur,married,secondary,8104,no,no,cellular,feb,2,-1,0,unknown,no,0,0,0,High,0,0,0.2037935
5683,25,entrepreneur,single,primary,-65,yes,no,unknown,may,2,-1,0,unknown,no,0,0,1,Negative,0,0,0.076559454
5684,31,blue-collar,married,primary,3007,yes,no,unknown,may,1,-1,0,unknown,no,0,0,1,Medium,0,0,0.025790367
5685,43,management,married,tertiary,78,yes,no,cellular,nov,1,109,1,other,no,0,1,1,Low,0,0,0.06379737
5686,36,unemployed,married,secondary,608,yes,no,cellular,feb,1,263,3,other,no,0,1,1,Low,0,0,0.055641584
5687,34,admin.,married,secondary,635,yes,no,unknown,may,1,-1,0,unknown,no,0,0,1,Low,0,0,0.023181383
5688,33,blue-collar,single,secondary,-147,yes,no,unknown,may,2,-1,0,unknown,no,0,0,1,Negative,0,0,0.015083449
5689,25,technician,single,tertiary,43,yes,yes,unknown,may,1,-1,0,unknown,no,0,0,1,Low,0,0,0.016495392
5690,46,blue-collar,married,secondary,15,yes,yes,cellular,aug,3,-1,0,unknown,no,0,0,1,Low,0,0,0.039458647
5691,35,admin.,married,secondary,-521,no,yes,unknown,jun,2,-1,0,unknown,no,0,0,1,Negative,0,0,0.047417678
5692,46,admin.,divorced,secondary,98,yes,yes,cellular,may,1,-1,0,unknown,no,0,0,1,Low,0,0,0.07398943
5693,37,management,single,tertiary,2173,no,no,cellular,jul,1,-1,0,unknown,no,0,0,0,Medium,0,0,0.10716758
5694,49,management,divorced,tertiary,1115,no,no,unknown,jun,9,-1,0,unknown,no,0,0,0,Medium,0,0,0.042428337
5695,36,blue-collar,married,secondary,74,yes,no,cellular,may,2,-1,0,unknown,no,0,0,1,Low,0,0,0.050096896
5696,52,services,married,secondary,10021,no,no,cellular,nov,1,-1,0,unknown,no,0,0,0,High,0,0,0.04297297
5697,58,technician,divorced,secondary,797,yes,no,unknown,jun,2,-1,0,unknown,no,0,0,1,Low,0,0,0.085659035
5698,75,retired,married,secondary,291,no,no,cellular,feb,1,183,1,failure,yes,1,1,0,Low,1,0,0.21607275
5699,49,blue-collar,married,secondary,406,yes,yes,cellular,aug,2,-1,0,unknown,no,0,0,1,Low,0,0,0.05258281
5700,41,management,single,tertiary,537,yes,no,cellular,jan,2,-1,0,unknown,no,0,0,1,Low,0,0,0.028730681
5701,51,admin.,married,secondary,-267,no,yes,cellular,aug,4,-1,0,unknown,no,0,0,1,Negative,0,0,0.042623192
5702,41,management,married,secondary,-771,no,yes,unknown,jun,2,-1,0,unknown,no,0,0,1,Negative,0,0,0.039780576
5703,40,technician,married,secondary,257,yes,no,unknown,may,4,-1,0,unknown,no,0,0,1,Low,0,0,0.037026793
5704,57,technician,married,secondary,192,no,no,cellular,feb,4,-1,0,unknown,no,0,0,0,Low,0,0,0.13487552
5705,48,technician,married,secondary,1981,yes,no,cellular,jun,3,92,5,failure,no,0,1,1,Medium,0,1,0.51452774
5706,38,admin.,married,tertiary,342,yes,no,unknown,jun,1,-1,0,unknown,no,0,0,1,Low,0,0,0.03918242
5707,55,management,single,tertiary,1464,yes,no,unknown,may,1,-1,0,unknown,no,0,0,1,Medium,0,0,0.05432604
5708,50,technician,married,secondary,503,yes,no,cellular,jul,2,-1,0,unknown,no,0,0,1,Low,0,0,0.04834468
5709,30,management,married,secondary,471,yes,no,cellular,aug,4,-1,0,unknown,no,0,0,1,Low,0,0,0.023964778
5710,43,blue-collar,divorced,primary,1234,yes,no,cellular,may,1,-1,0,unknown,no,0,0,1,Medium,0,0,0.06191119
5711,51,management,married,tertiary,994,no,no,cellular,may,3,-1,0,unknown,no,0,0,0,Low,0,0,0.1658198
5712,50,management,married,tertiary,1174,yes,no,cellular,may,2,-1,0,unknown,no,0,0,1,Medium,0,0,0.05925496
5713,44,management,divorced,tertiary,0,no,no,unknown,jun,1,-1,0,unknown,no,0,0,0,Negative,0,0,0.042922992
5714,31,self-employed,married,tertiary,3220,no,no,cellular,aug,4,-1,0,unknown,no,0,0,0,Medium,0,0,0.06719507
5715,31,blue-collar,single,secondary,509,yes,no,unknown,may,1,-1,0,unknown,no,0,0,1,Low,0,0,0.071599916
5716,48,admin.,married,secondary,17957,no,no,unknown,jun,7,-1,0,unknown,no,0,0,0,High,0,0,0.020665405
5717,60,self-employed,married,secondary,3105,no,no,telephone,jul,4,-1,0,unknown,no,0,0,0,Medium,0,0,0.1134199
5718,32,admin.,married,tertiary,157,no,no,cellular,aug,4,-1,0,unknown,no,0,0,0,Low,0,0,0.041323915
5719,47,management,married,tertiary,-315,yes,yes,cellular,aug,9,-1,0,unknown,no,0,0,1,Negative,0,0,0.018445555
5720,50,admin.,divorced,secondary,81,no,yes,cellular,nov,1,-1,0,unknown,no,0,0,1,Low,0,0,0.045425728
5721,78,retired,married,primary,301,no,no,cellular,sep,2,-1,0,unknown,no,0,0,0,Low,0,0,0.3320496
5722,42,admin.,single,tertiary,168,yes,no,cellular,jul,1,-1,0,unknown,no,0,0,1,Low,0,0,0.084927514
5723,37,unemployed,married,secondary,356,no,no,cellular,feb,2,216,1,failure,no,0,1,0,Low,0,0,0.17921564
5724,52,blue-collar,married,primary,1054,no,no,cellular,aug,1,-1,0,unknown,no,0,0,0,Medium,0,0,0.1328164
5725,53,blue-collar,married,primary,2135,no,no,cellular,feb,2,-1,0,unknown,no,0,0,0,Medium,0,0,0.15297316
5726,29,admin.,single,secondary,209,no,no,cellular,feb,2,-1,0,unknown,no,0,0,0,Low,0,0,0.070990115
5727,53,blue-collar,married,unknown,1827,no,no,unknown,may,1,-1,0,unknown,no,0,0,0,Medium,0,0,0.018116852
5728,56,blue-collar,married,primary,1137,no,no,telephone,oct,3,102,1,success,no,0,1,0,Medium,0,0,0.24036577
5729,36,management,divorced,tertiary,0,yes,no,unknown,may,11,-1,0,unknown,no,0,0,1,Negative,0,0,0.031239972
5730,31,services,single,secondary,671,yes,no,unknown,may,3,-1,0,unknown,no,0,0,1,Low,0,0,0.03698085
5731,30,admin.,married,secondary,350,no,yes,cellular,jul,5,-1,0,unknown,no,0,0,1,Low,0,0,0.13468397
5732,29,self-employed,single,tertiary,415,no,no,cellular,jan,1,-1,0,unknown,no,0,0,0,Low,0,0,0.048923787
5733,51,blue-collar,married,primary,2095,yes,yes,cellular,feb,4,-1,0,unknown,no,0,0,1,Medium,0,0,0.050801273
5734,41,technician,married,secondary,3432,no,no,cellular,aug,3,-1,0,unknown,no,0,0,0,Medium,0,0,0.12390283
5735,31,technician,single,secondary,-348,yes,no,cellular,may,1,-1,0,unknown,no,0,0,1,Negative,0,0,0.13566634
5736,37,technician,married,unknown,47,no,no,unknown,jun,3,-1,0,unknown,no,0,0,0,Low,0,0,0.019990172
5737,36,services,married,secondary,-302,yes,no,cellular,may,2,-1,0,unknown,no,0,0,1,Negative,0,0,0.018483244
5738,38,management,divorced,tertiary,349,yes,no,cellular,jul,2,-1,0,unknown,no,0,0,1,Low,0,0,0.08164096
5739,40,self-employed,married,secondary,311,yes,no,unknown,may,2,-1,0,unknown,no,0,0,1,Low,0,0,0.027537491
5740,52,blue-collar,married,secondary,223,no,no,cellular,aug,4,-1,0,unknown,no,0,0,0,Low,0,0,0.03144284
5741,42,technician,married,tertiary,250,no,yes,cellular,aug,3,-1,0,unknown,no,0,0,1,Low,0,0,0.06484955
5742,33,admin.,divorced,secondary,212,yes,no,unknown,jan,1,-1,0,unknown,no,0,0,1,Low,0,0,0.06859179
5743,45,unknown,single,secondary,0,no,no,unknown,jun,1,-1,0,unknown,no,0,0,0,Negative,0,0,0.028814236
5744,31,unemployed,married,primary,3837,no,no,cellular,nov,1,-1,0,unknown,no,0,0,0,Medium,0,0,0.040676147
5745,52,technician,single,secondary,436,no,yes,unknown,mar,1,-1,0,unknown,yes,1,0,1,Low,1,0,0.14091857
5746,37,management,divorced,tertiary,2519,yes,no,cellular,nov,1,-1,0,unknown,no,0,0,1,Medium,0,0,0.10178912
5747,44,blue-collar,single,tertiary,827,yes,no,unknown,jun,4,-1,0,unknown,no,0,0,1,Low,0,0,0.062230434
5748,39,entrepreneur,married,secondary,5562,no,no,cellular,nov,3,-1,0,unknown,no,0,0,0,High,0,0,0.19882238
5749,31,blue-collar,married,unknown,-357,yes,no,unknown,may,4,-1,0,unknown,no,0,0,1,Negative,0,0,0.005064434
5750,31,management,single,tertiary,47,no,no,cellular,aug,4,-1,0,unknown,no,0,0,0,Low,0,0,0.056290563
5751,54,services,married,secondary,510,yes,no,unknown,may,2,-1,0,unknown,no,0,0,1,Low,0,0,0.012759632
5752,35,services,married,secondary,2791,yes,no,cellular,may,1,-1,0,unknown,no,0,0,1,Medium,0,0,0.18188737
5753,31,technician,married,tertiary,4089,no,no,cellular,aug,3,-1,0,unknown,no,0,0,0,Medium,0,0,0.11545348
5754,34,blue-collar,married,secondary,0,yes,no,unknown,jun,3,-1,0,unknown,no,0,0,1,Negative,0,0,0.04448653
5755,31,services,single,tertiary,2332,no,no,cellular,feb,1,-1,0,unknown,no,0,0,0,Medium,0,1,0.75513357
5756,53,management,married,tertiary,34230,yes,yes,cellular,may,1,358,9,other,no,0,1,1,High,0,0,0.08433162
5757,40,blue-collar,married,primary,1206,no,yes,telephone,jul,5,-1,0,unknown,no,0,0,1,Medium,0,0,0.10324112
5758,34,management,married,tertiary,224,no,no,cellular,aug,5,-1,0,unknown,no,0,0,0,Low,0,0,0.03675323
5759,23,services,single,secondary,342,yes,no,unknown,jun,6,-1,0,unknown,no,0,0,1,Low,0,0,0.124594264
5760,42,unemployed,married,secondary,356,yes,no,cellular,may,3,356,2,failure,yes,1,1,1,Low,1,0,0.028646287
5761,26,admin.,married,secondary,0,yes,no,cellular,jul,6,-1,0,unknown,no,0,0,1,Negative,0,0,0.16381219
5762,34,blue-collar,single,secondary,1475,yes,no,cellular,nov,3,530,12,other,no,0,1,1,Medium,0,0,0.3211559
5763,41,unemployed,single,secondary,315,yes,no,telephone,may,5,-1,0,unknown,no,0,0,1,Low,0,0,0.03662508
5764,40,self-employed,single,tertiary,819,no,no,cellular,jul,3,-1,0,unknown,no,0,0,0,Low,0,0,0.122557215
5765,35,management,single,tertiary,870,yes,no,unknown,may,6,-1,0,unknown,no,0,0,1,Low,0,0,0.030675957
5766,41,services,married,primary,124,yes,no,unknown,may,2,-1,0,unknown,no,0,0,1,Low,0,0,0.026485918
5767,52,admin.,divorced,secondary,2002,no,no,unknown,jun,4,-1,0,unknown,no,0,0,0,Medium,0,0,0.023435174
5768,61,retired,married,secondary,1058,no,no,cellular,apr,3,-1,0,unknown,yes,1,0,0,Medium,1,0,0.44432795
5769,49,management,married,secondary,543,yes,no,unknown,may,3,-1,0,unknown,no,0,0,1,Low,0,0,0.022905257
5770,47,technician,married,secondary,0,yes,no,cellular,jul,1,-1,0,unknown,no,0,0,1,Negative,0,0,0.042594597
5771,50,blue-collar,married,primary,0,yes,no,cellular,jul,1,-1,0,unknown,no,0,0,1,Negative,0,0,0.02894737
5772,52,entrepreneur,married,tertiary,-2,no,no,cellular,nov,1,-1,0,unknown,no,0,0,0,Negative,0,0,0.039450496
5773,37,blue-collar,married,secondary,590,yes,no,cellular,apr,1,343,2,failure,no,0,1,1,Low,0,0,0.01245167
5774,47,blue-collar,married,secondary,-346,yes,yes,telephone,feb,2,253,2,other,no,0,1,1,Negative,0,0,0.0139630865
5775,41,blue-collar,single,secondary,1080,yes,yes,unknown,may,4,-1,0,unknown,no,0,0,1,Medium,0,0,0.03860339
5776,36,admin.,married,secondary,-323,yes,no,cellular,jul,8,-1,0,unknown,no,0,0,1,Negative,0,0,0.018770834
5777,30,management,married,tertiary,233,yes,no,unknown,may,10,-1,0,unknown,no,0,0,1,Low,0,0,0.022082854
5778,34,blue-collar,married,secondary,1,yes,no,cellular,jul,1,-1,0,unknown,no,0,0,1,Low,0,0,0.059539814
5779,47,management,married,tertiary,434,no,no,cellular,aug,4,-1,0,unknown,no,0,0,0,Low,0,0,0.05462205
5780,49,admin.,married,secondary,272,no,yes,telephone,aug,18,-1,0,unknown,no,0,0,1,Low,0,0,0.03698035
5781,46,blue-collar,single,secondary,76,yes,no,unknown,may,2,-1,0,unknown,no,0,0,1,Low,0,0,0.024867361
5782,30,self-employed,married,tertiary,2666,no,no,cellular,may,3,89,1,success,yes,1,1,0,Medium,1,1,0.7417489
5783,37,blue-collar,married,secondary,-158,yes,yes,cellular,may,2,-1,0,unknown,no,0,0,1,Negative,0,0,0.012340522
5784,54,management,married,tertiary,11391,no,no,cellular,aug,1,-1,0,unknown,no,0,0,0,High,0,0,0.26102155
5785,36,management,single,tertiary,-38,yes,no,unknown,may,1,-1,0,unknown,no,0,0,1,Negative,0,0,0.047245763
5786,26,admin.,single,secondary,1690,no,yes,cellular,jul,3,-1,0,unknown,no,0,0,1,Medium,0,0,0.03496839
5787,59,retired,divorced,secondary,284,no,yes,unknown,jun,2,-1,0,unknown,no,0,0,1,Low,0,0,0.05145834
5788,47,admin.,married,primary,31,yes,no,cellular,may,1,356,1,failure,no,0,1,1,Low,0,0,0.014746831
5789,55,blue-collar,married,secondary,388,no,no,cellular,aug,2,-1,0,unknown,no,0,0,0,Low,0,0,0.074456625
5790,34,admin.,single,secondary,1704,yes,no,unknown,may,2,-1,0,unknown,no,0,0,1,Medium,0,0,0.043078873
5791,34,blue-collar,married,secondary,-211,yes,no,cellular,jan,2,184,5,failure,no,0,1,1,Negative,0,0,0.02379629
5792,26,entrepreneur,single,tertiary,725,no,no,cellular,feb,2,189,29,other,yes,1,1,0,Low,1,0,0.3132665
5793,34,management,married,tertiary,250,no,no,cellular,dec,1,188,8,other,no,0,1,0,Low,0,0,0.32632375
5794,39,entrepreneur,married,tertiary,6495,no,no,unknown,jun,3,-1,0,unknown,no,0,0,0,High,0,0,0.0239169
5795,33,admin.,single,secondary,-281,yes,yes,cellular,nov,1,-1,0,unknown,no,0,0,1,Negative,0,0,0.030588489
5796,49,blue-collar,married,secondary,-581,yes,no,unknown,jun,5,-1,0,unknown,no,0,0,1,Negative,0,0,0.03910832
5797,48,management,single,tertiary,0,yes,yes,cellular,may,1,-1,0,unknown,no,0,0,1,Negative,0,0,0.07900595
5798,35,technician,single,tertiary,670,no,no,cellular,apr,4,182,2,success,yes,1,1,0,Low,1,1,0.8554469
5799,35,blue-collar,married,secondary,-184,yes,no,telephone,may,2,-1,0,unknown,no,0,0,1,Negative,0,0,0.08046117
5800,43,blue-collar,single,primary,69,no,yes,cellular,jul,5,-1,0,unknown,no,0,0,1,Low,0,0,0.06543461
5801,42,technician,married,secondary,5455,no,no,cellular,aug,4,-1,0,unknown,no,0,0,0,High,0,0,0.13349764
5802,26,services,divorced,primary,633,yes,no,unknown,may,2,-1,0,unknown,no,0,0,1,Low,0,0,0.09273106
5803,47,technician,married,secondary,734,yes,no,cellular,nov,3,-1,0,unknown,no,0,0,1,Low,0,0,0.047028422
5804,37,management,married,tertiary,3236,no,no,cellular,may,2,202,5,other,yes,1,1,0,Medium,1,0,0.40448368
5805,28,technician,single,tertiary,372,yes,yes,cellular,may,3,294,2,success,no,0,1,1,Low,0,0,0.1451253
5806,32,blue-collar,married,secondary,35,yes,no,unknown,jun,1,-1,0,unknown,no,0,0,1,Low,0,0,0.02472725
5807,31,technician,married,tertiary,4315,yes,no,unknown,may,1,-1,0,unknown,no,0,0,1,Medium,0,0,0.043819066
5808,50,blue-collar,married,secondary,-26,yes,no,cellular,may,2,-1,0,unknown,no,0,0,1,Negative,0,0,0.03504762
5809,50,blue-collar,married,secondary,-731,yes,no,cellular,jul,4,-1,0,unknown,no,0,0,1,Negative,0,0,0.026632816
5810,35,technician,married,secondary,291,no,no,unknown,may,1,-1,0,unknown,no,0,0,0,Low,0,0,0.026084743
5811,52,unemployed,married,primary,425,no,no,unknown,jun,1,-1,0,unknown,no,0,0,0,Low,0,0,0.02544887
5812,32,technician,single,secondary,5205,no,no,cellular,nov,1,-1,0,unknown,no,0,0,0,High,0,0,0.07633747
5813,30,management,married,tertiary,0,no,no,cellular,aug,2,-1,0,unknown,no,0,0,0,Negative,0,0,0.067122705
5814,37,technician,married,tertiary,1092,no,no,cellular,nov,3,-1,0,unknown,no,0,0,0,Medium,0,0,0.13106062
5815,32,management,single,tertiary,-217,yes,yes,cellular,aug,4,-1,0,unknown,no,0,0,1,Negative,0,0,0.072266914
5816,33,management,single,tertiary,3143,no,no,cellular,jun,2,-1,0,unknown,yes,1,0,0,Medium,1,0,0.38853034
5817,32,technician,single,tertiary,388,yes,no,cellular,may,1,266,2,failure,no,0,1,1,Low,0,0,0.077688016
5818,24,services,single,secondary,281,yes,no,cellular,may,2,337,3,other,no,0,1,1,Low,0,0,0.1495266
5819,51,blue-collar,married,primary,7134,no,no,cellular,aug,7,-1,0,unknown,no,0,0,0,High,0,0,0.18669955
5820,22,services,married,primary,7982,yes,no,unknown,jun,1,-1,0,unknown,no,0,0,1,High,0,0,0.00657664
5821,54,services,married,unknown,0,yes,no,cellular,feb,2,267,1,other,yes,1,1,1,Negative,1,0,0.05978715
5822,60,housemaid,divorced,primary,1190,no,no,unknown,jun,1,-1,0,unknown,no,0,0,0,Medium,0,0,0.039037175
5823,37,blue-collar,married,secondary,-67,no,no,cellular,feb,1,-1,0,unknown,no,0,0,0,Negative,0,0,0.048623063
5824,50,blue-collar,married,primary,1052,no,no,cellular,aug,4,-1,0,unknown,no,0,0,0,Medium,0,0,0.04557921
5825,50,management,married,tertiary,-151,yes,no,cellular,nov,2,-1,0,unknown,no,0,0,1,Negative,0,0,0.0048987065
5826,27,blue-collar,single,primary,540,no,no,cellular,feb,1,-1,0,unknown,no,0,0,0,Low,0,0,0.065723054
5827,27,student,single,tertiary,3687,no,no,cellular,apr,2,-1,0,unknown,no,0,0,0,Medium,0,1,0.76894814
5828,34,management,single,tertiary,549,no,no,cellular,oct,2,-1,0,unknown,yes,1,0,0,Low,1,0,0.367318
5829,45,technician,divorced,secondary,1309,yes,no,unknown,jun,2,-1,0,unknown,no,0,0,1,Medium,0,0,0.068874404
5830,29,technician,married,secondary,767,yes,no,cellular,feb,1,-1,0,unknown,no,0,0,1,Low,0,0,0.05984412
5831,56,management,married,tertiary,0,yes,no,telephone,may,2,-1,0,unknown,no,0,0,1,Negative,0,0,0.027809123
5832,32,housemaid,married,secondary,3832,no,no,cellular,aug,3,-1,0,unknown,no,0,0,0,Medium,0,0,0.037471306
5833,21,student,single,secondary,557,no,no,cellular,aug,2,-1,0,unknown,no,0,0,0,Low,0,0,0.2636903
5834,34,management,single,tertiary,268,no,no,cellular,sep,1,-1,0,unknown,yes,1,0,0,Low,1,0,0.25242054
5835,29,services,single,secondary,612,no,no,cellular,feb,1,198,5,other,no,0,1,0,Low,0,0,0.08661634
5836,31,blue-collar,married,secondary,1329,yes,yes,unknown,may,1,-1,0,unknown,no,0,0,1,Medium,0,0,0.023234894
5837,31,technician,married,secondary,286,no,no,unknown,may,4,-1,0,unknown,no,0,0,0,Low,0,0,0.03247504
5838,30,technician,single,secondary,1052,no,no,cellular,aug,2,-1,0,unknown,no,0,0,0,Medium,0,0,0.03458488
5839,47,services,married,secondary,1629,yes,no,cellular,may,1,-1,0,unknown,no,0,0,1,Medium,0,0,0.12870593
5840,59,admin.,married,secondary,-797,no,yes,cellular,jul,3,-1,0,unknown,no,0,0,1,Negative,0,0,0.019721381
5841,55,blue-collar,married,primary,1086,yes,no,cellular,may,1,272,2,failure,no,0,1,1,Medium,0,0,0.029586764
5842,27,services,single,secondary,194,yes,no,unknown,may,1,-1,0,unknown,no,0,0,1,Low,0,0,0.046550684
5843,40,blue-collar,married,secondary,4853,no,no,cellular,nov,1,111,2,failure,no,0,1,0,Medium,0,0,0.0115621975
5844,53,admin.,married,secondary,-375,yes,no,unknown,may,1,-1,0,unknown,no,0,0,1,Negative,0,0,0.01596871
5845,35,services,married,unknown,0,no,no,unknown,jun,7,-1,0,unknown,no,0,0,0,Negative,0,0,0.022966025
5846,39,services,married,secondary,695,yes,no,unknown,may,10,-1,0,unknown,no,0,0,1,Low,0,0,0.012351139
5847,28,blue-collar,single,secondary,371,yes,no,cellular,jul,2,-1,0,unknown,no,0,0,1,Low,0,0,0.102330856
5848,36,management,divorced,tertiary,0,no,no,cellular,aug,4,-1,0,unknown,no,0,0,0,Negative,0,0,0.0407882
5849,48,services,married,secondary,1199,yes,no,unknown,may,1,-1,0,unknown,no,0,0,1,Medium,0,0,0.02806364
5850,34,blue-collar,married,secondary,2994,yes,no,cellular,may,1,176,1,failure,no,0,1,1,Medium,0,0,0.04602878
5851,45,blue-collar,married,primary,-160,yes,no,unknown,jun,26,-1,0,unknown,no,0,0,1,Negative,0,0,0.0010004829
5852,52,management,married,tertiary,0,yes,no,cellular,nov,2,-1,0,unknown,no,0,0,1,Negative,0,0,0.0360484
5853,38,entrepreneur,married,primary,666,yes,no,unknown,may,10,-1,0,unknown,no,0,0,1,Low,0,0,0.015633572
5854,28,admin.,married,secondary,49,yes,no,cellular,apr,3,-1,0,unknown,no,0,0,1,Low,0,0,0.07675488
5855,47,services,married,secondary,756,no,no,cellular,aug,4,-1,0,unknown,no,0,0,0,Low,0,0,0.052372076
5856,55,services,divorced,primary,2298,yes,no,unknown,may,2,-1,0,unknown,no,0,0,1,Medium,0,0,0.0153635675
5857,36,blue-collar,single,primary,1959,yes,no,cellular,may,1,-1,0,unknown,no,0,0,1,Medium,0,0,0.16832162
5858,29,blue-collar,married,secondary,0,no,no,unknown,may,1,-1,0,unknown,no,0,0,0,Negative,0,0,0.017927937
5859,23,student,single,unknown,854,yes,no,unknown,may,2,-1,0,unknown,yes,1,0,1,Low,1,0,0.062127203
5860,46,admin.,divorced,secondary,7378,no,no,cellular,nov,1,-1,0,unknown,no,0,0,0,High,0,0,0.08853767
5861,37,services,single,secondary,1045,no,no,cellular,jun,1,79,3,success,no,0,1,0,Medium,0,1,0.79784864
5862,35,services,single,secondary,2223,no,no,cellular,nov,3,-1,0,unknown,no,0,0,0,Medium,0,0,0.09864303
5863,57,management,divorced,tertiary,429,yes,no,cellular,jul,1,-1,0,unknown,no,0,0,1,Low,0,0,0.06879137
5864,51,entrepreneur,married,unknown,2396,yes,no,cellular,may,2,-1,0,unknown,no,0,0,1,Medium,0,0,0.07503993
5865,52,technician,single,secondary,36,yes,no,unknown,may,1,-1,0,unknown,no,0,0,1,Low,0,0,0.04223425
5866,49,housemaid,married,primary,57,no,yes,unknown,jun,1,-1,0,unknown,no,0,0,1,Low,0,0,0.018215526
5867,39,blue-collar,married,secondary,1042,yes,no,unknown,may,2,-1,0,unknown,no,0,0,1,Medium,0,0,0.027983736
5868,62,retired,married,secondary,3,no,no,cellular,aug,1,-1,0,unknown,no,0,0,0,Low,0,0,0.44076928
5869,31,technician,single,tertiary,319,no,yes,cellular,aug,1,-1,0,unknown,no,0,0,1,Low,0,0,0.06764491
5870,45,technician,married,secondary,1003,yes,no,unknown,jun,1,-1,0,unknown,no,0,0,1,Medium,0,0,0.055605024
5871,31,management,single,tertiary,0,yes,yes,cellular,may,3,352,3,failure,no,0,1,1,Negative,0,0,0.12678815
5872,30,self-employed,single,tertiary,189,no,no,cellular,nov,4,-1,0,unknown,no,0,0,0,Low,0,0,0.05152077
5873,54,technician,married,secondary,13,yes,no,cellular,nov,2,-1,0,unknown,no,0,0,1,Low,0,0,0.02291607
5874,59,management,married,tertiary,332,yes,yes,cellular,jul,2,-1,0,unknown,no,0,0,1,Low,0,0,0.07872679
5875,54,blue-collar,married,primary,0,no,no,unknown,jun,6,-1,0,unknown,no,0,0,0,Negative,0,0,0.014099488
5876,36,admin.,divorced,secondary,-811,yes,no,cellular,may,2,-1,0,unknown,yes,1,0,1,Negative,1,0,0.052231245
5877,35,services,married,unknown,618,no,no,cellular,apr,1,-1,0,unknown,yes,1,0,0,Low,1,0,0.39540663
5878,28,entrepreneur,married,unknown,1034,no,no,cellular,jan,1,-1,0,unknown,no,0,0,0,Medium,0,0,0.05509277
5879,31,admin.,single,secondary,296,yes,no,unknown,may,1,-1,0,unknown,no,0,0,1,Low,0,0,0.05122084
5880,59,blue-collar,married,secondary,-139,no,no,cellular,jul,1,-1,0,unknown,no,0,0,0,Negative,0,0,0.0134691885
5881,28,management,single,tertiary,6784,no,no,cellular,oct,1,115,3,other,yes,1,1,0,High,1,0,0.13846174
5882,36,self-employed,single,tertiary,134,no,yes,unknown,jun,1,-1,0,unknown,no,0,0,1,Low,0,0,0.06180379
5883,35,technician,divorced,secondary,473,yes,yes,unknown,may,4,-1,0,unknown,no,0,0,1,Low,0,0,0.025429565
5884,58,retired,divorced,primary,2538,yes,no,cellular,nov,2,111,6,failure,yes,1,1,1,Medium,1,0,0.008778101
5885,49,blue-collar,married,primary,216,yes,no,unknown,may,2,-1,0,unknown,no,0,0,1,Low,0,0,0.019027922
5886,31,self-employed,married,secondary,0,no,yes,unknown,jul,3,-1,0,unknown,no,0,0,1,Negative,0,0,0.018732617
5887,34,management,married,tertiary,1184,yes,no,cellular,may,1,-1,0,unknown,no,0,0,1,Medium,0,0,0.06660075
5888,31,technician,married,tertiary,162,yes,no,cellular,jul,11,-1,0,unknown,no,0,0,1,Low,0,0,0.081683174
5889,57,technician,divorced,secondary,3105,yes,no,unknown,may,11,-1,0,unknown,no,0,0,1,Medium,0,0,0.028638234
5890,49,blue-collar,married,primary,1119,yes,no,unknown,jun,1,-1,0,unknown,no,0,0,1,Medium,0,0,0.026118636
5891,30,admin.,married,secondary,124,no,no,telephone,jun,2,-1,0,unknown,no,0,0,0,Low,0,0,0.22371826
5892,41,self-employed,married,tertiary,0,yes,no,telephone,apr,3,426,1,other,yes,1,1,1,Negative,1,1,0.76098764
5893,53,blue-collar,married,primary,-39,yes,no,cellular,aug,2,-1,0,unknown,no,0,0,1,Negative,0,0,0.037345104
5894,26,student,single,secondary,440,no,no,unknown,may,1,-1,0,unknown,no,0,0,0,Low,0,0,0.013389429
5895,26,admin.,single,secondary,96,yes,no,cellular,may,2,348,3,other,no,0,1,1,Low,0,0,0.06981678
5896,31,admin.,married,secondary,298,yes,yes,unknown,may,1,-1,0,unknown,no,0,0,1,Low,0,0,0.042887796
5897,33,blue-collar,married,primary,3512,yes,no,unknown,may,2,-1,0,unknown,no,0,0,1,Medium,0,0,0.03384692
5898,29,blue-collar,married,primary,35,yes,no,cellular,may,1,-1,0,unknown,no,0,0,1,Low,0,0,0.05443741
5899,42,blue-collar,married,secondary,413,yes,no,cellular,feb,2,184,2,success,yes,1,1,1,Low,1,1,0.73608816
5900,50,self-employed,married,secondary,10052,no,no,cellular,aug,2,-1,0,unknown,yes,1,0,0,High,1,0,0.018507633
5901,31,admin.,married,secondary,-106,yes,no,cellular,feb,4,-1,0,unknown,no,0,0,1,Negative,0,0,0.07930038
5902,31,admin.,single,secondary,680,yes,no,unknown,may,1,-1,0,unknown,no,0,0,1,Low,0,0,0.063524045
5903,40,admin.,single,secondary,1200,yes,no,cellular,nov,2,156,8,failure,no,0,1,1,Medium,0,0,0.051260963
5904,29,technician,single,tertiary,0,yes,no,unknown,may,2,-1,0,unknown,no,0,0,1,Negative,0,0,0.019097248
5905,29,unemployed,single,tertiary,0,yes,yes,unknown,may,4,-1,0,unknown,no,0,0,1,Negative,0,0,0.0363997
5906,45,technician,married,secondary,0,no,no,telephone,aug,1,-1,0,unknown,no,0,0,0,Negative,0,0,0.044510152
5907,36,admin.,married,secondary,725,yes,no,cellular,feb,3,99,8,failure,no,0,1,1,Low,0,0,0.32611093
5908,49,technician,single,secondary,1202,yes,no,unknown,jun,1,-1,0,unknown,no,0,0,1,Medium,0,0,0.053820148
5909,42,management,divorced,secondary,117,yes,no,unknown,may,1,-1,0,unknown,no,0,0,1,Low,0,0,0.03574476
5910,28,blue-collar,married,secondary,1958,yes,no,unknown,jun,1,-1,0,unknown,no,0,0,1,Medium,0,0,0.022025751
5911,41,technician,married,secondary,1946,no,no,cellular,aug,9,-1,0,unknown,no,0,0,0,Medium,0,0,0.035148226
5912,52,technician,married,secondary,136,no,no,cellular,aug,5,-1,0,unknown,no,0,0,0,Low,0,0,0.023851227
5913,40,unemployed,married,secondary,1077,yes,yes,cellular,nov,2,-1,0,unknown,no,0,0,1,Medium,0,0,0.0423842
5914,41,self-employed,married,secondary,323,yes,no,cellular,apr,2,254,6,other,yes,1,1,1,Low,1,0,0.03051046
5915,26,management,single,tertiary,1274,yes,no,cellular,jun,1,84,1,failure,no,0,1,1,Medium,0,0,0.115842454
5916,30,student,single,tertiary,-679,yes,no,unknown,may,3,-1,0,unknown,no,0,0,1,Negative,0,0,0.022402862
5917,40,technician,single,secondary,3,yes,yes,cellular,may,1,305,9,failure,no,0,1,1,Low,0,0,0.045288358
5918,49,admin.,divorced,secondary,769,no,no,cellular,jul,4,-1,0,unknown,no,0,0,0,Low,0,0,0.110419504
5919,34,blue-collar,married,secondary,2495,yes,no,unknown,may,1,-1,0,unknown,yes,1,0,1,Medium,1,0,0.04649442
5920,55,management,married,tertiary,42,no,no,cellular,may,1,-1,0,unknown,no,0,0,0,Low,0,0,0.11986855
5921,32,blue-collar,single,secondary,33,yes,no,cellular,may,1,368,4,failure,no,0,1,1,Low,0,0,0.07942005
5922,52,blue-collar,married,primary,0,no,no,cellular,jul,3,-1,0,unknown,no,0,0,0,Negative,0,0,0.030009817
5923,43,technician,married,secondary,69,yes,yes,cellular,oct,1,337,1,failure,no,0,1,1,Low,0,0,0.1882758
5924,52,blue-collar,married,secondary,2230,no,no,cellular,oct,3,-1,0,unknown,yes,1,0,0,Medium,1,0,0.45047233
5925,31,admin.,married,secondary,734,no,no,cellular,aug,9,-1,0,unknown,no,0,0,0,Low,0,0,0.08784062
5926,29,unemployed,single,primary,34,no,no,cellular,feb,1,-1,0,unknown,no,0,0,0,Low,0,0,0.05868319
5927,36,blue-collar,divorced,primary,-308,yes,no,cellular,may,1,-1,0,unknown,yes,1,0,1,Negative,1,0,0.054697238
5928,35,technician,married,secondary,410,yes,no,cellular,nov,2,-1,0,unknown,no,0,0,1,Low,0,0,0.042050708
5929,36,blue-collar,single,secondary,459,yes,yes,cellular,apr,2,-1,0,unknown,no,0,0,1,Low,0,0,0.0901489
5930,53,technician,married,secondary,180,no,yes,cellular,aug,2,-1,0,unknown,no,0,0,1,Low,0,0,0.04184693
5931,27,services,married,secondary,0,yes,no,cellular,jul,5,-1,0,unknown,yes,1,0,1,Negative,1,0,0.069905885
5932,45,technician,divorced,secondary,2657,no,no,cellular,aug,3,-1,0,unknown,yes,1,0,0,Medium,1,0,0.114318036
5933,52,unemployed,married,secondary,94,no,no,cellular,apr,1,-1,0,unknown,yes,1,0,0,Low,1,0,0.3344922
5934,26,blue-collar,married,secondary,0,yes,yes,telephone,jul,20,-1,0,unknown,no,0,0,1,Negative,0,0,0.002347095
5935,39,unemployed,single,secondary,2645,yes,no,unknown,may,3,-1,0,unknown,no,0,0,1,Medium,0,0,0.08728047
5936,35,technician,divorced,secondary,303,yes,yes,unknown,may,3,-1,0,unknown,no,0,0,1,Low,0,0,0.052744795
5937,25,services,single,secondary,-352,no,no,cellular,jul,1,-1,0,unknown,no,0,0,0,Negative,0,0,0.10811063
5938,47,technician,single,secondary,361,no,no,unknown,jun,2,-1,0,unknown,no,0,0,0,Low,0,0,0.054674916
5939,42,management,single,tertiary,7104,no,no,cellular,nov,6,-1,0,unknown,no,0,0,0,High,0,0,0.057141144
5940,53,admin.,married,secondary,2924,no,no,cellular,nov,6,-1,0,unknown,no,0,0,0,Medium,0,0,0.035743114
5941,32,management,single,tertiary,438,no,no,cellular,aug,5,-1,0,unknown,no,0,0,0,Low,0,0,0.050704174
5942,64,retired,married,tertiary,2139,no,no,cellular,oct,2,-1,0,unknown,no,0,0,0,Medium,0,0,0.23461498
5943,29,management,single,tertiary,874,yes,no,cellular,sep,1,103,1,success,yes,1,1,1,Low,1,1,0.6980742
5944,24,technician,single,secondary,3926,yes,no,unknown,may,2,-1,0,unknown,no,0,0,1,Medium,0,0,0.040692598
5945,37,blue-collar,married,secondary,3574,yes,no,unknown,jun,1,-1,0,unknown,no,0,0,1,Medium,0,0,0.024808835
5946,37,management,single,unknown,715,yes,no,unknown,may,2,-1,0,unknown,no,0,0,1,Low,0,0,0.039102435
5947,54,technician,married,secondary,3967,no,yes,cellular,jul,3,-1,0,unknown,no,0,0,1,Medium,0,0,0.025004435
5948,34,technician,single,secondary,1087,no,no,unknown,jun,1,-1,0,unknown,no,0,0,0,Medium,0,0,0.0363545
5949,60,blue-collar,married,unknown,2090,yes,no,cellular,may,2,-1,0,unknown,yes,1,0,1,Medium,1,0,0.100770615
5950,80,retired,divorced,primary,5861,no,no,telephone,apr,8,-1,0,unknown,no,0,0,0,High,0,0,0.21565157
5951,58,technician,married,secondary,3399,no,no,cellular,may,1,97,7,other,yes,1,1,0,Medium,1,0,0.3412556
5952,60,retired,married,secondary,975,no,no,cellular,sep,1,792,1,failure,yes,1,1,0,Low,1,1,0.5315214
5953,55,services,married,tertiary,2877,no,no,cellular,aug,1,91,2,other,no,0,1,0,Medium,0,0,0.363186
5954,55,services,divorced,secondary,-404,yes,no,cellular,jul,3,-1,0,unknown,no,0,0,1,Negative,0,0,0.10635999
5955,51,admin.,married,secondary,2967,no,no,unknown,jun,2,-1,0,unknown,no,0,0,0,Medium,0,0,0.026560731
5956,31,blue-collar,single,secondary,1139,yes,no,cellular,jul,1,-1,0,unknown,no,0,0,1,Medium,0,0,0.094802335
5957,53,technician,married,secondary,65,no,no,cellular,nov,1,-1,0,unknown,no,0,0,0,Low,0,0,0.08271427
5958,60,blue-collar,married,unknown,3538,no,no,unknown,jun,1,-1,0,unknown,no,0,0,0,Medium,0,0,0.039580286
5959,59,retired,married,primary,-411,no,no,cellular,jan,1,-1,0,unknown,no,0,0,0,Negative,0,0,0.044737753
5960,31,technician,single,tertiary,1109,no,no,cellular,feb,1,167,2,failure,yes,1,1,0,Medium,1,0,0.14687516
5961,41,management,married,secondary,689,yes,no,unknown,may,1,-1,0,unknown,no,0,0,1,Low,0,0,0.018118301
5962,36,blue-collar,single,secondary,168,yes,no,telephone,may,1,-1,0,unknown,no,0,0,1,Low,0,0,0.07630444
5963,58,management,married,secondary,60,no,yes,cellular,nov,2,-1,0,unknown,no,0,0,1,Low,0,0,0.016525194
5964,27,student,single,secondary,89,yes,no,cellular,may,3,-1,0,unknown,no,0,0,1,Low,0,0,0.17674395
5965,59,retired,married,secondary,2291,no,yes,cellular,jul,3,-1,0,unknown,no,0,0,1,Medium,0,0,0.09831634
5966,48,services,single,secondary,0,yes,yes,cellular,may,1,-1,0,unknown,no,0,0,1,Negative,0,0,0.09862235
5967,50,blue-collar,married,secondary,1832,yes,no,cellular,jul,1,-1,0,unknown,no,0,0,1,Medium,0,0,0.045071498
5968,34,technician,single,tertiary,228,yes,no,cellular,jul,4,-1,0,unknown,no,0,0,1,Low,0,0,0.098745786
5969,27,services,single,secondary,-74,yes,no,cellular,may,1,345,1,failure,no,0,1,1,Negative,0,0,0.062013786
5970,44,technician,married,primary,-1379,yes,yes,unknown,may,1,-1,0,unknown,no,0,0,1,Negative,0,0,0.0022527848
5971,33,management,divorced,tertiary,433,no,no,cellular,aug,4,-1,0,unknown,no,0,0,0,Low,0,0,0.03541155
5972,64,technician,married,tertiary,826,no,no,telephone,apr,1,-1,0,unknown,no,0,0,0,Low,0,0,0.4777696
5973,44,management,married,primary,4758,yes,no,cellular,jul,6,-1,0,unknown,yes,1,0,1,Medium,1,0,0.062478475
5974,30,technician,married,secondary,854,yes,no,unknown,jun,2,-1,0,unknown,no,0,0,1,Low,0,0,0.08856353
5975,32,management,married,tertiary,205,yes,no,cellular,feb,4,-1,0,unknown,no,0,0,1,Low,0,0,0.04208028
5976,47,management,married,tertiary,3158,yes,no,unknown,may,1,-1,0,unknown,no,0,0,1,Medium,0,0,0.04679783
5977,35,admin.,married,secondary,498,yes,no,unknown,may,1,-1,0,unknown,no,0,0,1,Low,0,0,0.03021411
5978,29,management,married,tertiary,199,yes,yes,unknown,may,4,-1,0,unknown,yes,1,0,1,Low,1,0,0.0071281684
5979,43,blue-collar,married,secondary,704,yes,no,telephone,may,2,306,1,failure,no,0,1,1,Low,0,0,0.012305545
5980,45,housemaid,married,primary,0,no,yes,unknown,jun,1,-1,0,unknown,no,0,0,1,Negative,0,0,0.01928426
5981,27,self-employed,single,secondary,923,no,no,cellular,feb,1,-1,0,unknown,no,0,0,0,Low,0,0,0.1591596
5982,46,unemployed,married,primary,1251,yes,no,cellular,feb,2,-1,0,unknown,no,0,0,1,Medium,0,0,0.09561447
5983,44,technician,single,tertiary,900,yes,no,cellular,jan,2,-1,0,unknown,no,0,0,1,Low,0,0,0.03602992
5984,27,management,single,tertiary,317,no,no,cellular,feb,3,-1,0,unknown,no,0,0,0,Low,0,0,0.20544603
5985,45,services,single,secondary,-139,yes,no,unknown,may,3,-1,0,unknown,no,0,0,1,Negative,0,0,0.013947728
5986,36,management,married,tertiary,254,no,no,cellular,feb,2,-1,0,unknown,yes,1,0,0,Low,1,0,0.17857052
5987,53,blue-collar,married,primary,634,yes,no,unknown,may,2,-1,0,unknown,no,0,0,1,Low,0,0,0.025954042
5988,41,technician,divorced,tertiary,533,yes,no,cellular,jul,4,-1,0,unknown,no,0,0,1,Low,0,0,0.11266384
5989,54,admin.,married,secondary,1633,no,no,cellular,jul,2,-1,0,unknown,yes,1,0,0,Medium,1,0,0.2826882
5990,31,admin.,single,secondary,4388,yes,no,unknown,may,2,-1,0,unknown,no,0,0,1,Medium,0,0,0.09915999
5991,35,blue-collar,married,primary,14,yes,no,unknown,jun,1,-1,0,unknown,no,0,0,1,Low,0,0,0.025946936
5992,45,admin.,divorced,unknown,998,yes,no,telephone,jul,2,-1,0,unknown,no,0,0,1,Low,0,0,0.07336926
5993,32,student,single,unknown,2321,no,no,cellular,mar,2,-1,0,unknown,no,0,0,0,Medium,0,0,0.25814041
5994,31,blue-collar,single,primary,538,yes,no,cellular,may,4,-1,0,unknown,no,0,0,1,Low,0,0,0.0982191
5995,51,technician,married,secondary,216,no,no,cellular,jul,2,-1,0,unknown,yes,1,0,0,Low,1,0,0.065564185
5996,30,management,married,tertiary,294,no,no,cellular,aug,4,-1,0,unknown,no,0,0,0,Low,0,0,0.02965072
5997,45,technician,married,secondary,639,yes,no,unknown,may,1,-1,0,unknown,no,0,0,1,Low,0,0,0.019849792
5998,52,blue-collar,married,primary,1079,yes,no,unknown,may,7,-1,0,unknown,no,0,0,1,Medium,0,0,0.020616231
5999,56,retired,married,secondary,1333,no,no,cellular,aug,14,-1,0,unknown,no,0,0,0,Medium,0,0,0.03724232
6000,83,retired,divorced,primary,0,no,no,telephone,sep,1,-1,0,unknown,no,0,0,0,Negative,0,0,0.10920553
6001,57,technician,married,unknown,1617,yes,no,unknown,may,2,-1,0,unknown,no,0,0,1,Medium,0,0,0.021174248
6002,29,unemployed,single,primary,550,no,no,cellular,jan,1,-1,0,unknown,yes,1,0,0,Low,1,0,0.08153043
6003,36,self-employed,married,secondary,96,no,no,cellular,aug,15,-1,0,unknown,no,0,0,0,Low,0,0,0.0068264278
6004,32,technician,married,tertiary,1559,yes,yes,cellular,aug,7,-1,0,unknown,no,0,0,1,Medium,0,0,0.16068277
6005,43,technician,married,secondary,481,no,no,cellular,aug,2,-1,0,unknown,no,0,0,0,Low,0,0,0.048785634
6006,54,technician,married,tertiary,258,no,no,unknown,may,4,-1,0,unknown,no,0,0,0,Low,0,0,0.014144579
6007,40,technician,married,secondary,214,no,no,cellular,aug,6,-1,0,unknown,no,0,0,0,Low,0,0,0.03999045
6008,25,student,single,tertiary,293,no,no,cellular,apr,1,-1,0,unknown,no,0,0,0,Low,0,1,0.72035533
6009,31,management,married,tertiary,877,no,no,cellular,jun,1,93,7,other,yes,1,1,0,Low,1,1,0.8003722
6010,36,services,single,secondary,342,yes,no,unknown,may,1,-1,0,unknown,no,0,0,1,Low,0,0,0.017473107
6011,37,technician,married,secondary,1762,no,no,cellular,apr,2,-1,0,unknown,yes,1,0,0,Medium,1,0,0.32933336
6012,47,management,married,tertiary,3844,yes,no,cellular,nov,4,-1,0,unknown,no,0,0,1,Medium,0,0,0.04173738
6013,54,retired,married,secondary,3538,no,no,cellular,may,1,-1,0,unknown,yes,1,0,0,Medium,1,0,0.28777438
6014,34,technician,married,secondary,2019,yes,yes,unknown,jun,1,-1,0,unknown,no,0,0,1,Medium,0,0,0.024538938
6015,58,retired,married,secondary,3542,yes,no,telephone,jul,17,-1,0,unknown,no,0,0,1,Medium,0,0,0.20817584
6016,33,technician,married,secondary,1264,no,yes,cellular,aug,6,-1,0,unknown,no,0,0,1,Medium,0,0,0.090729274
6017,35,management,married,tertiary,506,yes,no,cellular,feb,4,-1,0,unknown,no,0,0,1,Low,0,0,0.055314753
6018,34,technician,married,tertiary,477,no,no,telephone,jul,11,-1,0,unknown,no,0,0,0,Low,0,0,0.074733794
6019,34,blue-collar,single,primary,2146,yes,no,unknown,may,1,-1,0,unknown,no,0,0,1,Medium,0,0,0.04484634
6020,40,management,married,tertiary,4381,no,no,telephone,jul,2,-1,0,unknown,no,0,0,0,Medium,0,0,0.09753928
6021,33,blue-collar,single,tertiary,-303,yes,no,unknown,may,2,-1,0,unknown,no,0,0,1,Negative,0,0,0.010024893
6022,38,management,divorced,tertiary,637,yes,no,cellular,may,2,343,1,other,no,0,1,1,Low,0,0,0.04278955
6023,55,technician,married,secondary,956,yes,yes,cellular,feb,4,-1,0,unknown,no,0,0,1,Low,0,0,0.046047285
6024,60,retired,married,secondary,2537,yes,yes,unknown,may,1,-1,0,unknown,no,0,0,1,Medium,0,0,0.0575261
6025,58,unemployed,divorced,primary,414,no,no,cellular,jan,1,-1,0,unknown,no,0,0,0,Low,0,0,0.035766345
6026,35,management,married,tertiary,126,no,yes,cellular,jul,2,-1,0,unknown,no,0,0,1,Low,0,0,0.036601275
6027,40,technician,single,secondary,34,no,no,cellular,aug,3,-1,0,unknown,no,0,0,0,Low,0,0,0.053088713
6028,48,management,married,tertiary,732,no,no,cellular,aug,2,-1,0,unknown,no,0,0,0,Low,0,0,0.06375887
6029,36,technician,single,secondary,0,no,no,cellular,aug,2,-1,0,unknown,no,0,0,0,Negative,0,0,0.020674435
6030,43,management,single,tertiary,0,no,no,cellular,aug,2,-1,0,unknown,no,0,0,0,Negative,0,0,0.031992506
6031,33,technician,single,secondary,1733,yes,no,cellular,may,3,-1,0,unknown,no,0,0,1,Medium,0,0,0.15650946
6032,50,management,married,tertiary,89,no,no,unknown,jun,2,-1,0,unknown,no,0,0,0,Low,0,0,0.03310003
6033,58,retired,married,unknown,928,no,no,telephone,aug,2,-1,0,unknown,no,0,0,0,Low,0,0,0.05807171
6034,31,self-employed,married,secondary,131,yes,no,cellular,may,1,370,1,failure,no,0,1,1,Low,0,0,0.0435133
6035,38,technician,married,secondary,37,no,no,cellular,jul,1,-1,0,unknown,no,0,0,0,Low,0,0,0.07956497
6036,48,admin.,single,secondary,1234,yes,no,cellular,apr,1,-1,0,unknown,no,0,0,1,Medium,0,0,0.09898064
6037,47,housemaid,married,primary,0,yes,no,telephone,jul,1,-1,0,unknown,no,0,0,1,Negative,0,0,0.009189647
6038,48,blue-collar,married,secondary,387,yes,no,telephone,jul,18,-1,0,unknown,no,0,0,1,Low,0,0,0.030756474
6039,27,services,divorced,secondary,10,yes,no,cellular,jul,1,-1,0,unknown,no,0,0,1,Low,0,0,0.12220552
6040,33,unemployed,married,secondary,-108,yes,yes,cellular,nov,3,-1,0,unknown,no,0,0,1,Negative,0,0,0.018103195
6041,50,admin.,married,unknown,4861,no,no,cellular,nov,2,-1,0,unknown,no,0,0,0,Medium,0,0,0.046005275
6042,33,blue-collar,married,secondary,308,yes,no,cellular,may,2,-1,0,unknown,no,0,0,1,Low,0,0,0.11215238
6043,29,services,married,secondary,30,yes,no,cellular,jul,3,-1,0,unknown,no,0,0,1,Low,0,0,0.04153762
6044,27,technician,single,secondary,1235,no,no,cellular,feb,1,-1,0,unknown,no,0,0,0,Medium,0,0,0.25823793
6045,33,unknown,single,secondary,9,no,no,cellular,oct,1,-1,0,unknown,no,0,0,0,Low,0,0,0.21800597
6046,31,self-employed,single,tertiary,120,yes,no,unknown,may,2,-1,0,unknown,no,0,0,1,Low,0,0,0.03731384
6047,49,technician,single,secondary,-120,yes,yes,cellular,jul,5,-1,0,unknown,no,0,0,1,Negative,0,0,0.08164259
6048,52,blue-collar,married,secondary,1493,no,no,cellular,aug,2,-1,0,unknown,no,0,0,0,Medium,0,0,0.067807436
6049,65,retired,married,primary,1343,no,no,telephone,feb,2,-1,0,unknown,no,0,0,0,Medium,0,0,0.32025853
6050,46,entrepreneur,married,secondary,0,no,yes,cellular,jul,1,-1,0,unknown,no,0,0,1,Negative,0,0,0.047017865
6051,60,technician,married,tertiary,6573,yes,no,cellular,aug,1,274,1,failure,no,0,1,1,High,0,1,0.5196191
6052,26,blue-collar,single,primary,52,yes,no,cellular,apr,1,300,2,success,no,0,1,1,Low,0,1,0.57033587
6053,43,admin.,married,secondary,25741,yes,no,unknown,may,2,-1,0,unknown,no,0,0,1,High,0,0,0.0168969
6054,26,admin.,single,tertiary,1100,yes,no,cellular,jul,1,-1,0,unknown,no,0,0,1,Medium,0,0,0.081921384
6055,32,services,married,secondary,-489,yes,yes,cellular,may,1,180,3,failure,no,0,1,1,Negative,0,0,0.41590947
6056,39,management,married,tertiary,514,no,no,telephone,nov,4,-1,0,unknown,no,0,0,0,Low,0,0,0.034027044
6057,36,technician,single,secondary,27,yes,no,cellular,feb,1,260,2,success,yes,1,1,1,Low,1,0,0.41490987
6058,41,self-employed,married,secondary,3123,yes,no,cellular,apr,2,135,2,failure,yes,1,1,1,Medium,1,0,0.0652836
6059,50,services,married,secondary,3374,no,no,unknown,jun,2,-1,0,unknown,no,0,0,0,Medium,0,0,0.034770943
6060,46,services,married,secondary,1474,yes,no,unknown,may,3,-1,0,unknown,no,0,0,1,Medium,0,0,0.042593285
6061,30,management,single,tertiary,5288,yes,no,unknown,may,3,-1,0,unknown,no,0,0,1,High,0,0,0.18787141
6062,27,technician,single,secondary,-69,no,no,unknown,jul,1,-1,0,unknown,no,0,0,0,Negative,0,0,0.036098473
6063,42,blue-collar,married,primary,258,yes,no,cellular,may,1,366,1,failure,no,0,1,1,Low,0,0,0.017682722
6064,33,blue-collar,divorced,secondary,-238,yes,no,unknown,may,2,-1,0,unknown,no,0,0,1,Negative,0,0,0.22047718
6065,51,blue-collar,married,primary,40,yes,no,cellular,may,1,370,1,failure,no,0,1,1,Low,0,0,0.03213494
6066,53,retired,married,tertiary,7132,no,no,cellular,aug,2,-1,0,unknown,no,0,0,0,High,0,0,0.086239606
6067,34,blue-collar,married,secondary,-563,yes,no,unknown,may,1,-1,0,unknown,no,0,0,1,Negative,0,0,0.008802767
6068,26,management,single,tertiary,212,no,no,cellular,feb,1,-1,0,unknown,no,0,0,0,Low,0,0,0.032858696
6069,30,blue-collar,divorced,secondary,251,yes,yes,unknown,may,2,-1,0,unknown,no,0,0,1,Low,0,0,0.030919932
6070,50,blue-collar,married,primary,403,no,no,cellular,aug,6,-1,0,unknown,no,0,0,0,Low,0,0,0.0400931
6071,49,entrepreneur,married,primary,3112,yes,no,unknown,may,3,-1,0,unknown,no,0,0,1,Medium,0,0,0.03404328
6072,26,admin.,married,tertiary,2855,no,no,cellular,mar,3,-1,0,unknown,no,0,0,0,Medium,0,0,0.48095044
6073,35,services,single,secondary,-291,yes,no,cellular,apr,3,-1,0,unknown,no,0,0,1,Negative,0,0,0.03731098
6074,34,admin.,married,tertiary,10,no,no,cellular,aug,1,91,1,failure,no,0,1,0,Low,0,0,0.0926728
6075,28,services,single,secondary,1636,yes,no,cellular,may,1,355,2,failure,no,0,1,1,Medium,0,0,0.040519897
6076,43,blue-collar,married,secondary,408,yes,no,unknown,sep,1,838,3,other,no,0,1,1,Low,0,0,0.20871371
6077,29,blue-collar,married,secondary,9,yes,no,unknown,may,1,-1,0,unknown,no,0,0,1,Low,0,0,0.008974955
6078,35,management,married,tertiary,62,no,no,cellular,feb,2,185,2,failure,yes,1,1,0,Low,1,0,0.0669499
6079,52,management,married,tertiary,-1224,yes,no,cellular,may,4,-1,0,unknown,no,0,0,1,Negative,0,0,0.044285912
6080,47,technician,married,primary,1280,no,no,cellular,may,1,-1,0,unknown,no,0,0,0,Medium,0,0,0.1601138
6081,31,management,married,tertiary,2,yes,no,cellular,nov,1,-1,0,unknown,no,0,0,1,Low,0,0,0.034905825
6082,45,admin.,married,primary,542,no,no,cellular,may,5,350,3,other,no,0,1,0,Low,0,0,0.06375398
6083,56,retired,married,secondary,646,no,no,cellular,aug,2,-1,0,unknown,no,0,0,0,Low,0,0,0.06779686
6084,41,management,married,tertiary,6060,yes,no,unknown,may,2,-1,0,unknown,no,0,0,1,High,0,0,0.019836081
6085,46,admin.,single,unknown,2273,no,no,cellular,jul,3,-1,0,unknown,no,0,0,0,Medium,0,0,0.19247189
6086,65,retired,married,tertiary,162,no,no,cellular,aug,3,185,2,failure,no,0,1,0,Low,0,0,0.1873681
6087,35,entrepreneur,married,tertiary,-31,yes,no,cellular,nov,2,-1,0,unknown,no,0,0,1,Negative,0,0,0.041507255
6088,42,management,single,tertiary,1608,no,no,cellular,aug,21,-1,0,unknown,no,0,0,0,Medium,0,0,0.01360417
6089,32,entrepreneur,married,primary,3083,no,no,cellular,jun,2,-1,0,unknown,no,0,0,0,Medium,0,0,0.38534763
6090,46,management,married,tertiary,1038,yes,yes,unknown,may,3,-1,0,unknown,no,0,0,1,Medium,0,0,0.033615932
6091,22,student,single,secondary,4038,yes,no,cellular,may,1,-1,0,unknown,no,0,0,1,Medium,0,0,0.16216113
6092,50,services,married,primary,12,yes,no,cellular,aug,1,-1,0,unknown,no,0,0,1,Low,0,0,0.07093815
6093,33,blue-collar,single,unknown,129,yes,yes,cellular,apr,1,161,1,failure,yes,1,1,1,Low,1,0,0.108243644
6094,40,technician,divorced,secondary,700,yes,yes,cellular,jul,2,-1,0,unknown,no,0,0,1,Low,0,0,0.07679205
6095,31,technician,married,secondary,1072,no,no,cellular,aug,3,-1,0,unknown,no,0,0,0,Medium,0,0,0.04751476
6096,49,services,married,unknown,463,yes,no,telephone,jul,2,-1,0,unknown,no,0,0,1,Low,0,0,0.07010536
6097,28,student,single,secondary,1377,yes,no,cellular,may,2,-1,0,unknown,yes,1,0,1,Medium,1,0,0.09835917
6098,34,blue-collar,single,primary,4723,yes,no,cellular,may,3,-1,0,unknown,no,0,0,1,Medium,0,0,0.12399434
6099,34,technician,single,secondary,1313,no,no,cellular,aug,1,21,6,failure,no,0,1,0,Medium,0,0,0.2969228
6100,53,retired,married,primary,232,yes,yes,unknown,jun,2,-1,0,unknown,no,0,0,1,Low,0,0,0.036431797
6101,53,retired,married,secondary,330,yes,no,unknown,may,2,-1,0,unknown,no,0,0,1,Low,0,0,0.01922233
6102,49,technician,married,tertiary,523,yes,no,cellular,mar,2,-1,0,unknown,yes,1,0,1,Low,1,1,0.59537977
6103,44,housemaid,married,secondary,829,no,no,cellular,jul,3,-1,0,unknown,no,0,0,0,Low,0,0,0.072519794
6104,29,technician,single,tertiary,2269,yes,no,cellular,apr,1,346,1,failure,no,0,1,1,Medium,0,0,0.04034981
6105,53,housemaid,married,primary,70,no,no,cellular,aug,8,-1,0,unknown,no,0,0,0,Low,0,0,0.017791178
6106,33,blue-collar,married,secondary,61,yes,no,unknown,may,3,-1,0,unknown,no,0,0,1,Low,0,0,0.034589496
6107,68,retired,married,secondary,20723,yes,no,cellular,apr,2,-1,0,unknown,no,0,0,1,High,0,1,0.7687585
6108,57,technician,married,secondary,7766,yes,no,cellular,nov,1,-1,0,unknown,no,0,0,1,High,0,0,0.11204016
6109,34,management,single,tertiary,1494,yes,no,cellular,nov,1,182,1,other,yes,1,1,1,Medium,1,0,0.02013548
6110,32,technician,married,secondary,0,no,no,cellular,aug,1,-1,0,unknown,no,0,0,0,Negative,0,0,0.041363623
6111,35,admin.,married,secondary,1098,yes,yes,unknown,jun,2,-1,0,unknown,no,0,0,1,Medium,0,0,0.021834586
6112,51,services,married,secondary,615,no,no,cellular,feb,2,-1,0,unknown,no,0,0,0,Low,0,0,0.086566456
6113,51,technician,married,secondary,1113,no,yes,cellular,aug,4,-1,0,unknown,no,0,0,1,Medium,0,0,0.061930325
6114,55,technician,married,secondary,303,no,yes,cellular,aug,2,-1,0,unknown,no,0,0,1,Low,0,0,0.040451292
6115,25,blue-collar,married,primary,0,no,no,cellular,jul,1,-1,0,unknown,no,0,0,0,Negative,0,0,0.04642189
6116,41,services,married,secondary,0,yes,yes,telephone,may,4,-1,0,unknown,no,0,0,1,Negative,0,0,0.025487263
6117,55,services,married,secondary,0,no,no,cellular,may,1,-1,0,unknown,no,0,0,0,Negative,0,0,0.1130934
6118,30,management,single,tertiary,119,no,no,cellular,jan,1,-1,0,unknown,no,0,0,0,Low,0,0,0.0398085
6119,29,entrepreneur,divorced,tertiary,444,no,no,cellular,jul,2,-1,0,unknown,no,0,0,0,Low,0,0,0.1699851
6120,30,management,single,tertiary,147,no,no,cellular,sep,1,100,1,failure,yes,1,1,0,Low,1,0,0.45097968
6121,42,admin.,divorced,secondary,490,no,no,cellular,jul,4,-1,0,unknown,no,0,0,0,Low,0,0,0.06921041
6122,50,blue-collar,married,primary,2167,no,no,cellular,aug,2,-1,0,unknown,no,0,0,0,Medium,0,0,0.055174563
6123,42,blue-collar,married,secondary,2913,no,no,cellular,jun,1,195,1,failure,yes,1,1,0,Medium,1,0,0.38771304
6124,33,entrepreneur,married,unknown,73,yes,no,cellular,aug,1,263,2,failure,no,0,1,1,Low,0,0,0.10138181
6125,61,retired,married,primary,2863,no,no,cellular,nov,1,-1,0,unknown,no,0,0,0,Medium,0,0,0.3535218
6126,42,self-employed,married,secondary,95,no,no,cellular,aug,6,-1,0,unknown,no,0,0,0,Low,0,0,0.033693165
6127,41,housemaid,married,primary,1618,yes,no,cellular,jul,2,-1,0,unknown,no,0,0,1,Medium,0,0,0.031595066
6128,35,blue-collar,married,secondary,5304,yes,no,cellular,nov,1,183,2,failure,no,0,1,1,High,0,0,0.032091137
6129,32,admin.,divorced,secondary,-331,yes,yes,unknown,may,3,-1,0,unknown,no,0,0,1,Negative,0,0,0.03235063
6130,34,admin.,married,tertiary,899,yes,no,unknown,nov,1,170,3,failure,yes,1,1,1,Low,1,0,0.07826065
6131,47,blue-collar,married,primary,-169,no,yes,cellular,may,1,349,3,failure,no,0,1,1,Negative,0,0,0.060971443
6132,39,admin.,married,primary,237,no,no,unknown,jun,2,-1,0,unknown,no,0,0,0,Low,0,0,0.031546053
6133,23,admin.,single,secondary,366,no,no,unknown,aug,1,-1,0,unknown,no,0,0,0,Low,0,0,0.15497027
6134,62,management,married,tertiary,10373,no,no,cellular,aug,3,-1,0,unknown,no,0,0,0,High,0,0,0.20934805
6135,43,blue-collar,married,secondary,917,yes,no,cellular,may,2,-1,0,unknown,no,0,0,1,Low,0,0,0.09533455
6136,39,management,single,tertiary,-145,yes,no,cellular,feb,2,196,2,failure,no,0,1,1,Negative,0,0,0.024302581
6137,33,unemployed,married,secondary,456,no,no,telephone,nov,1,-1,0,unknown,no,0,0,0,Low,0,0,0.44216996
6138,53,management,married,tertiary,7067,no,no,unknown,jun,3,-1,0,unknown,no,0,0,0,High,0,0,0.080114804
6139,44,management,married,tertiary,2383,no,no,cellular,jul,2,-1,0,unknown,yes,1,0,0,Medium,1,0,0.4349199
6140,51,admin.,married,secondary,1699,no,no,unknown,jun,2,-1,0,unknown,no,0,0,0,Medium,0,0,0.05404526
6141,45,technician,married,secondary,3241,no,no,cellular,aug,2,-1,0,unknown,no,0,0,0,Medium,0,0,0.102052614
6142,42,admin.,married,secondary,2918,yes,no,unknown,may,2,-1,0,unknown,no,0,0,1,Medium,0,0,0.029653752
6143,59,unemployed,married,primary,19102,no,no,cellular,feb,1,-1,0,unknown,no,0,0,0,High,0,0,0.01917
6144,32,management,married,secondary,6217,yes,yes,cellular,nov,2,181,2,failure,no,0,1,1,High,0,0,0.011776889
6145,49,technician,married,tertiary,2611,no,no,cellular,apr,2,-1,0,unknown,yes,1,0,0,Medium,1,0,0.36214617
6146,27,admin.,married,secondary,1417,yes,no,cellular,may,2,343,3,failure,no,0,1,1,Medium,0,0,0.054885548
6147,38,admin.,single,secondary,137,yes,yes,unknown,may,2,-1,0,unknown,no,0,0,1,Low,0,0,0.038762446
6148,34,entrepreneur,married,secondary,3119,yes,no,cellular,nov,1,183,4,failure,no,0,1,1,Medium,0,0,0.06824316
6149,51,self-employed,married,secondary,95,yes,no,cellular,jul,4,-1,0,unknown,yes,1,0,1,Low,1,0,0.020575449
6150,63,retired,married,unknown,538,no,no,cellular,aug,2,-1,0,unknown,no,0,0,0,Low,0,0,0.4453211
6151,55,services,divorced,secondary,72,yes,yes,unknown,may,4,-1,0,unknown,no,0,0,1,Low,0,0,0.017826917
6152,42,blue-collar,married,unknown,2906,no,no,cellular,nov,1,-1,0,unknown,no,0,0,0,Medium,0,0,0.09736445
6153,31,admin.,single,secondary,0,no,no,telephone,jan,3,-1,0,unknown,no,0,0,0,Negative,0,0,0.005890828
6154,31,management,married,tertiary,302,yes,yes,cellular,feb,1,257,1,failure,no,0,1,1,Low,0,0,0.03238368
6155,49,services,married,secondary,653,no,no,cellular,aug,2,-1,0,unknown,no,0,0,0,Low,0,0,0.073430866
6156,37,entrepreneur,married,tertiary,264,yes,yes,cellular,nov,1,157,1,failure,no,0,1,1,Low,0,0,0.027060043
6157,47,unknown,married,unknown,0,no,no,unknown,jun,2,-1,0,unknown,no,0,0,0,Negative,0,0,0.003588491
6158,43,blue-collar,married,secondary,664,yes,no,unknown,jun,1,-1,0,unknown,no,0,0,1,Low,0,0,0.059906043
6159,38,entrepreneur,married,tertiary,4,yes,no,cellular,jul,1,-1,0,unknown,no,0,0,1,Low,0,0,0.06005449
6160,53,blue-collar,married,primary,354,no,no,cellular,apr,2,-1,0,unknown,no,0,0,0,Low,0,0,0.29997635
6161,33,admin.,married,secondary,394,yes,no,telephone,sep,3,-1,0,unknown,no,0,0,1,Low,0,0,0.19691995
6162,48,technician,married,tertiary,0,no,no,cellular,aug,2,-1,0,unknown,no,0,0,0,Negative,0,0,0.042786334
6163,39,services,married,secondary,5731,yes,no,unknown,may,2,-1,0,unknown,no,0,0,1,High,0,0,0.03794336
6164,34,management,single,tertiary,6766,no,no,cellular,aug,5,-1,0,unknown,no,0,0,0,High,0,0,0.058798824
6165,59,services,married,secondary,0,yes,no,cellular,may,3,-1,0,unknown,no,0,0,1,Negative,0,0,0.06193731
6166,40,blue-collar,married,secondary,-365,yes,no,unknown,may,43,-1,0,unknown,no,0,0,1,Negative,0,0,0.00085634564
6167,40,blue-collar,married,primary,418,no,no,cellular,feb,2,-1,0,unknown,no,0,0,0,Low,0,0,0.06351554
6168,34,management,single,tertiary,681,no,no,cellular,aug,2,-1,0,unknown,yes,1,0,0,Low,1,0,0.1528177
6169,32,services,single,secondary,1659,yes,no,unknown,may,6,-1,0,unknown,no,0,0,1,Medium,0,0,0.031666208
6170,34,blue-collar,married,secondary,490,yes,no,unknown,jun,12,-1,0,unknown,no,0,0,1,Low,0,0,0.009046403
6171,35,blue-collar,married,secondary,1330,no,no,cellular,jul,1,-1,0,unknown,yes,1,0,0,Medium,1,0,0.12261887
6172,33,management,married,primary,91,no,yes,cellular,jul,3,-1,0,unknown,no,0,0,1,Low,0,0,0.046500836
6173,28,blue-collar,single,secondary,3817,yes,no,cellular,may,3,-1,0,unknown,no,0,0,1,Medium,0,0,0.16237566
6174,45,management,single,secondary,142,no,yes,cellular,aug,4,-1,0,unknown,no,0,0,1,Low,0,0,0.100908816
6175,28,admin.,married,secondary,0,yes,no,cellular,may,1,-1,0,unknown,no,0,0,1,Negative,0,0,0.053792227
6176,35,blue-collar,married,primary,108,yes,no,unknown,may,4,-1,0,unknown,no,0,0,1,Low,0,0,0.024909364
6177,32,blue-collar,divorced,primary,473,yes,no,unknown,may,2,-1,0,unknown,no,0,0,1,Low,0,0,0.03558847
6178,35,services,single,secondary,544,yes,no,cellular,may,1,345,2,failure,no,0,1,1,Low,0,0,0.05861277
6179,68,retired,married,secondary,1146,no,no,cellular,mar,2,110,3,success,yes,1,1,0,Medium,1,1,0.6580144
6180,29,admin.,single,secondary,187,no,no,cellular,jan,1,-1,0,unknown,no,0,0,0,Low,0,0,0.040078927
6181,31,services,married,secondary,655,no,yes,cellular,feb,6,-1,0,unknown,no,0,0,1,Low,0,0,0.042312328
6182,36,admin.,married,secondary,176,yes,no,unknown,may,1,-1,0,unknown,no,0,0,1,Low,0,0,0.024989137
6183,42,admin.,divorced,secondary,490,yes,no,cellular,nov,1,97,5,other,no,0,1,1,Low,0,1,0.64462584
6184,78,retired,married,primary,832,no,no,telephone,may,3,-1,0,unknown,no,0,0,0,Low,0,0,0.43718746
6185,50,services,married,secondary,2956,yes,no,unknown,may,1,-1,0,unknown,no,0,0,1,Medium,0,0,0.022158906
6186,37,blue-collar,divorced,secondary,-689,no,no,unknown,jun,1,-1,0,unknown,no,0,0,0,Negative,0,0,0.023487657
6187,49,blue-collar,married,secondary,787,yes,no,unknown,jun,1,-1,0,unknown,no,0,0,1,Low,0,0,0.034542497
6188,39,technician,married,secondary,768,yes,yes,unknown,may,4,-1,0,unknown,no,0,0,1,Low,0,0,0.010139257
6189,34,blue-collar,married,secondary,1924,yes,yes,cellular,apr,2,253,1,failure,no,0,1,1,Medium,0,0,0.029812755
6190,56,management,married,tertiary,705,no,no,cellular,nov,2,-1,0,unknown,no,0,0,0,Low,0,0,0.048563477
6191,43,blue-collar,married,secondary,1025,yes,no,cellular,jun,1,-1,0,unknown,no,0,0,1,Medium,0,0,0.38313133
6192,28,admin.,divorced,secondary,451,yes,no,cellular,may,1,301,1,success,yes,1,1,1,Low,1,1,0.5883073
6193,36,blue-collar,married,primary,106,yes,no,cellular,jul,13,-1,0,unknown,no,0,0,1,Low,0,0,0.008825951
6194,51,self-employed,married,primary,183,no,yes,cellular,aug,2,-1,0,unknown,no,0,0,1,Low,0,0,0.018222107
6195,25,services,single,secondary,895,yes,no,unknown,jun,1,-1,0,unknown,no,0,0,1,Low,0,0,0.10927931
6196,36,admin.,divorced,tertiary,4708,no,no,cellular,jun,1,-1,0,unknown,no,0,0,0,Medium,0,1,0.5981746
6197,55,admin.,married,secondary,139,no,no,cellular,apr,1,-1,0,unknown,yes,1,0,0,Low,1,0,0.18321161
6198,37,admin.,single,secondary,569,yes,yes,unknown,may,2,-1,0,unknown,no,0,0,1,Low,0,0,0.044990562
6199,34,management,single,tertiary,0,no,no,cellular,aug,2,-1,0,unknown,no,0,0,0,Negative,0,0,0.03935192
6200,35,blue-collar,single,secondary,-482,yes,no,unknown,may,1,-1,0,unknown,no,0,0,1,Negative,0,0,0.014975836
6201,44,technician,married,secondary,-372,yes,no,cellular,apr,3,-1,0,unknown,no,0,0,1,Negative,0,0,0.19193593
6202,39,blue-collar,married,secondary,-66,no,yes,telephone,jul,5,-1,0,unknown,no,0,0,1,Negative,0,0,0.012961154
6203,38,management,single,tertiary,574,yes,no,cellular,jan,1,-1,0,unknown,no,0,0,1,Low,0,0,0.035446692
6204,45,technician,married,tertiary,3626,no,no,unknown,jun,2,-1,0,unknown,no,0,0,0,Medium,0,0,0.07290406
6205,54,admin.,married,secondary,66,yes,no,cellular,nov,1,-1,0,unknown,yes,1,0,1,Low,1,0,0.36676064
6206,34,blue-collar,married,secondary,0,yes,yes,cellular,may,4,-1,0,unknown,no,0,0,1,Negative,0,0,0.03566393
6207,36,services,divorced,secondary,223,yes,yes,cellular,may,1,-1,0,unknown,no,0,0,1,Low,0,0,0.09541894
6208,31,housemaid,married,secondary,0,yes,no,unknown,may,2,-1,0,unknown,no,0,0,1,Negative,0,0,0.008574838
6209,31,management,single,tertiary,3289,no,no,cellular,apr,1,314,1,failure,no,0,1,0,Medium,0,0,0.3858152
6210,64,retired,married,tertiary,2139,no,no,cellular,jan,1,91,2,failure,no,0,1,0,Medium,0,1,0.5396026
6211,29,management,single,tertiary,4694,no,no,cellular,jun,1,-1,0,unknown,no,0,0,0,Medium,0,1,0.56507117
6212,58,services,married,secondary,50,yes,no,cellular,nov,7,-1,0,unknown,no,0,0,1,Low,0,0,0.02244052
6213,31,management,married,tertiary,4148,yes,no,cellular,nov,3,99,9,other,yes,1,1,1,Medium,1,0,0.041977316
6214,44,management,married,tertiary,756,yes,no,cellular,nov,1,130,2,failure,no,0,1,1,Low,0,0,0.018954827
6215,30,blue-collar,married,primary,190,no,no,telephone,may,2,370,1,failure,no,0,1,0,Low,0,0,0.0117818555
6216,47,blue-collar,single,secondary,-380,no,no,cellular,jul,17,-1,0,unknown,no,0,0,0,Negative,0,0,0.059407845
6217,37,blue-collar,divorced,secondary,-175,yes,no,cellular,jan,4,266,1,failure,no,0,1,1,Negative,0,0,0.012569007
6218,32,services,married,secondary,99,yes,no,cellular,may,3,-1,0,unknown,no,0,0,1,Low,0,0,0.117606275
6219,28,admin.,single,secondary,127,no,no,cellular,sep,2,-1,0,unknown,yes,1,0,0,Low,1,0,0.43229586
6220,36,management,divorced,tertiary,1057,no,no,cellular,jul,2,164,2,failure,yes,1,1,0,Medium,1,0,0.17336915
6221,41,technician,divorced,secondary,0,no,no,cellular,jul,4,-1,0,unknown,no,0,0,0,Negative,0,0,0.0843452
6222,45,blue-collar,married,secondary,-96,no,no,cellular,jan,2,-1,0,unknown,no,0,0,0,Negative,0,0,0.0065655024
6223,30,technician,divorced,tertiary,317,yes,no,cellular,may,3,294,5,failure,no,0,1,1,Low,0,0,0.19034784
6224,37,technician,single,secondary,1211,yes,no,unknown,may,1,-1,0,unknown,yes,1,0,1,Medium,1,0,0.07401962
6225,48,blue-collar,married,primary,492,no,yes,cellular,aug,2,-1,0,unknown,no,0,0,1,Low,0,0,0.03331283
6226,33,services,single,secondary,148,yes,no,cellular,apr,1,150,1,failure,no,0,1,1,Low,0,0,0.039011735
6227,34,housemaid,married,tertiary,5011,yes,no,unknown,jun,2,-1,0,unknown,no,0,0,1,High,0,0,0.01280848
6228,36,blue-collar,single,tertiary,1830,no,no,cellular,jul,5,181,6,failure,no,0,1,0,Medium,0,0,0.3904275
6229,42,blue-collar,divorced,primary,299,yes,no,cellular,jan,2,261,2,failure,no,0,1,1,Low,0,0,0.008703745
6230,41,entrepreneur,single,secondary,3216,no,no,unknown,jun,3,-1,0,unknown,no,0,0,0,Medium,0,0,0.05950287
6231,57,retired,married,secondary,975,no,no,cellular,jul,1,-1,0,unknown,no,0,0,0,Low,0,0,0.11183997
6232,37,blue-collar,married,secondary,43,yes,no,unknown,jun,3,-1,0,unknown,no,0,0,1,Low,0,0,0.033202194
6233,29,management,married,tertiary,30,no,no,cellular,apr,1,-1,0,unknown,no,0,0,0,Low,0,1,0.5117229
6234,33,blue-collar,married,secondary,524,yes,no,unknown,may,2,-1,0,unknown,no,0,0,1,Low,0,0,0.039944485
6235,27,unemployed,single,tertiary,-446,yes,no,unknown,may,1,-1,0,unknown,no,0,0,1,Negative,0,0,0.024853295
6236,38,blue-collar,single,secondary,0,no,no,cellular,aug,2,105,1,failure,no,0,1,0,Negative,0,0,0.1458615
6237,38,technician,single,secondary,46,no,no,cellular,aug,2,-1,0,unknown,no,0,0,0,Low,0,0,0.03827066
6238,45,blue-collar,married,primary,194,yes,yes,unknown,jun,2,-1,0,unknown,no,0,0,1,Low,0,0,0.02307178
6239,49,management,single,tertiary,53,no,no,unknown,jun,3,-1,0,unknown,no,0,0,0,Low,0,0,0.04023765
6240,33,management,married,tertiary,644,no,no,cellular,aug,2,-1,0,unknown,no,0,0,0,Low,0,0,0.084356174
6241,41,blue-collar,married,primary,484,yes,no,cellular,jul,3,-1,0,unknown,no,0,0,1,Low,0,0,0.09120408
6242,48,management,single,tertiary,460,yes,no,cellular,feb,3,264,2,other,no,0,1,1,Low,0,0,0.043562885
6243,29,blue-collar,married,primary,236,yes,no,unknown,may,1,-1,0,unknown,no,0,0,1,Low,0,0,0.04038033
6244,45,management,married,secondary,2873,yes,no,cellular,aug,16,-1,0,unknown,no,0,0,1,Medium,0,0,0.025878571
6245,37,blue-collar,married,secondary,1,no,no,unknown,jun,2,-1,0,unknown,no,0,0,0,Low,0,0,0.02293444
6246,54,services,married,secondary,4353,yes,yes,cellular,jul,2,-1,0,unknown,no,0,0,1,Medium,0,0,0.01566598
6247,38,technician,married,secondary,183,yes,no,cellular,apr,3,339,2,failure,no,0,1,1,Low,0,0,0.0602151
6248,37,housemaid,married,secondary,1558,no,no,cellular,aug,2,-1,0,unknown,no,0,0,0,Medium,0,0,0.06693998
6249,37,blue-collar,married,primary,1104,no,no,unknown,jun,8,-1,0,unknown,no,0,0,0,Medium,0,0,0.056864437
6250,30,technician,single,secondary,2782,no,no,cellular,aug,2,-1,0,unknown,no,0,0,0,Medium,0,0,0.15952396
6251,37,admin.,single,secondary,0,yes,no,cellular,apr,2,-1,0,unknown,no,0,0,1,Negative,0,0,0.064329565
6252,33,blue-collar,married,tertiary,870,no,yes,cellular,jul,3,-1,0,unknown,no,0,0,1,Low,0,0,0.092454836
6253,74,retired,married,tertiary,4912,no,no,telephone,oct,3,-1,0,unknown,no,0,0,0,Medium,0,1,0.5582725
6254,44,management,divorced,secondary,5757,yes,no,cellular,may,1,-1,0,unknown,no,0,0,1,High,0,0,0.16250429
6255,74,retired,divorced,primary,2308,no,no,telephone,sep,2,535,2,success,no,0,1,0,Medium,0,1,0.5397662
6256,39,blue-collar,married,secondary,0,yes,no,cellular,nov,2,-1,0,unknown,no,0,0,1,Negative,0,0,0.026453307
6257,32,admin.,single,tertiary,272,yes,no,cellular,oct,2,-1,0,unknown,no,0,0,1,Low,0,0,0.24475978
6258,26,management,single,secondary,2613,no,no,cellular,jun,1,-1,0,unknown,yes,1,0,0,Medium,1,1,0.54708886
6259,56,retired,married,secondary,0,yes,no,unknown,may,4,-1,0,unknown,no,0,0,1,Negative,0,0,0.007083102
6260,53,blue-collar,married,primary,1868,no,no,cellular,aug,4,-1,0,unknown,no,0,0,0,Medium,0,0,0.05966763
6261,37,services,married,secondary,1328,yes,no,telephone,may,2,341,4,failure,no,0,1,1,Medium,0,0,0.03853239
6262,49,technician,married,secondary,0,yes,yes,cellular,jul,1,-1,0,unknown,no,0,0,1,Negative,0,0,0.03852976
6263,52,management,married,tertiary,2428,yes,no,cellular,jul,3,-1,0,unknown,no,0,0,1,Medium,0,0,0.071976885
6264,45,self-employed,married,secondary,-124,no,no,cellular,aug,4,-1,0,unknown,no,0,0,0,Negative,0,0,0.0089734625
6265,33,blue-collar,married,unknown,24,yes,no,cellular,may,1,-1,0,unknown,no,0,0,1,Low,0,0,0.08746954
6266,34,blue-collar,single,tertiary,-303,yes,no,cellular,may,5,355,2,failure,no,0,1,1,Negative,0,0,0.022002857
6267,35,technician,married,secondary,0,yes,no,telephone,jul,4,-1,0,unknown,no,0,0,1,Negative,0,0,0.038374774
6268,37,blue-collar,married,secondary,395,yes,no,cellular,apr,2,-1,0,unknown,no,0,0,1,Low,0,0,0.050802883
6269,47,admin.,divorced,secondary,-407,yes,no,unknown,may,1,-1,0,unknown,no,0,0,1,Negative,0,0,0.0137587525
6270,26,technician,single,secondary,1842,yes,yes,cellular,jul,1,-1,0,unknown,no,0,0,1,Medium,0,0,0.070517175
6271,55,technician,married,primary,938,no,yes,cellular,nov,1,-1,0,unknown,no,0,0,1,Low,0,0,0.062433112
6272,27,management,single,tertiary,1,yes,no,cellular,jul,4,-1,0,unknown,yes,1,0,1,Low,1,0,0.05871502
6273,34,technician,married,secondary,33,no,no,cellular,aug,1,-1,0,unknown,no,0,0,0,Low,0,0,0.029611342
6274,38,management,married,tertiary,389,yes,no,unknown,may,1,-1,0,unknown,no,0,0,1,Low,0,0,0.018402152
6275,35,management,single,tertiary,181,yes,no,cellular,aug,4,-1,0,unknown,no,0,0,1,Low,0,0,0.062070385
6276,32,technician,single,secondary,10,yes,no,unknown,may,1,-1,0,unknown,no,0,0,1,Low,0,0,0.019459357
6277,56,retired,married,secondary,2749,yes,yes,cellular,nov,1,172,2,failure,no,0,1,1,Medium,0,0,0.05508813
6278,42,management,divorced,tertiary,401,yes,no,cellular,jul,9,-1,0,unknown,no,0,0,1,Low,0,0,0.028031142
6279,45,blue-collar,married,primary,512,no,no,cellular,aug,2,-1,0,unknown,no,0,0,0,Low,0,0,0.036679514
6280,44,admin.,married,tertiary,688,no,no,telephone,nov,1,-1,0,unknown,no,0,0,0,Low,0,0,0.04980916
6281,33,blue-collar,married,secondary,1905,yes,no,cellular,may,1,301,2,success,no,0,1,1,Medium,0,0,0.25588477
6282,36,blue-collar,married,primary,1177,no,no,cellular,apr,1,311,4,success,yes,1,1,0,Medium,1,1,0.5911882
6283,57,technician,divorced,tertiary,126,no,no,telephone,jun,2,-1,0,unknown,yes,1,0,0,Low,1,0,0.4071923
6284,28,self-employed,single,tertiary,0,yes,no,unknown,may,2,-1,0,unknown,yes,1,0,1,Negative,1,0,0.08159941
6285,47,blue-collar,married,primary,2749,yes,no,cellular,apr,2,164,1,failure,yes,1,1,1,Medium,1,0,0.09797999
6286,58,unemployed,married,secondary,4497,yes,no,unknown,may,1,-1,0,unknown,no,0,0,1,Medium,0,0,0.014133737
6287,37,management,married,tertiary,3794,no,no,cellular,aug,1,379,1,failure,no,0,1,0,Medium,0,0,0.26756936
6288,52,technician,married,secondary,279,no,yes,cellular,feb,1,203,3,failure,no,0,1,1,Low,0,0,0.023203732
6289,59,retired,married,secondary,2768,no,yes,cellular,aug,5,-1,0,unknown,no,0,0,1,Medium,0,0,0.10708689
6290,27,student,single,secondary,1164,no,no,cellular,oct,2,104,2,failure,no,0,1,0,Medium,0,0,0.20774235
6291,45,management,divorced,tertiary,3150,yes,no,cellular,nov,2,-1,0,unknown,no,0,0,1,Medium,0,0,0.085339494
6292,40,management,married,tertiary,2763,yes,no,cellular,jul,1,395,2,success,yes,1,1,1,Medium,1,1,0.8572286
6293,52,retired,divorced,primary,-779,yes,yes,cellular,apr,1,-1,0,unknown,yes,1,0,1,Negative,1,0,0.08385329
6294,42,management,divorced,tertiary,357,yes,no,cellular,may,1,-1,0,unknown,no,0,0,1,Low,0,0,0.06866631
6295,54,blue-collar,single,secondary,1633,yes,no,unknown,oct,1,-1,0,unknown,no,0,0,1,Medium,0,0,0.08360292
6296,36,technician,married,secondary,1319,yes,no,unknown,jun,1,-1,0,unknown,no,0,0,1,Medium,0,0,0.06954515
6297,59,retired,married,tertiary,422,yes,no,cellular,may,4,-1,0,unknown,yes,1,0,1,Low,1,0,0.043554313
6298,29,student,single,tertiary,459,no,no,unknown,may,1,-1,0,unknown,no,0,0,0,Low,0,0,0.032979324
6299,36,management,married,tertiary,0,yes,no,unknown,may,2,-1,0,unknown,no,0,0,1,Negative,0,0,0.014844496
6300,43,blue-collar,married,primary,12618,yes,no,cellular,nov,1,-1,0,unknown,no,0,0,1,High,0,0,0.034883287
6301,51,management,married,tertiary,1069,no,no,unknown,jun,7,-1,0,unknown,no,0,0,0,Medium,0,0,0.03971793
6302,41,admin.,married,secondary,1245,no,no,unknown,jun,3,-1,0,unknown,no,0,0,0,Medium,0,0,0.047702447
6303,33,management,married,tertiary,1514,no,no,cellular,aug,1,728,2,failure,yes,1,1,0,Medium,1,0,0.24617968
6304,53,management,married,tertiary,694,no,no,unknown,jun,6,-1,0,unknown,no,0,0,0,Low,0,0,0.031028239
6305,43,housemaid,married,primary,94,no,no,cellular,jul,9,-1,0,unknown,no,0,0,0,Low,0,0,0.03142502
6306,39,services,married,secondary,93,yes,no,cellular,may,4,-1,0,unknown,no,0,0,1,Low,0,0,0.04336574
6307,70,management,married,tertiary,13297,no,no,cellular,feb,2,-1,0,unknown,no,0,0,0,High,0,0,0.06508043
6308,32,blue-collar,married,secondary,3514,yes,no,unknown,may,2,-1,0,unknown,no,0,0,1,Medium,0,0,0.049382888
6309,35,management,married,tertiary,298,yes,no,unknown,jun,7,-1,0,unknown,no,0,0,1,Low,0,0,0.034820277
6310,56,retired,married,secondary,393,no,yes,cellular,dec,1,206,1,failure,no,0,1,1,Low,0,0,0.05411557
6311,57,services,married,primary,1728,yes,no,telephone,jul,1,-1,0,unknown,no,0,0,1,Medium,0,0,0.066153675
6312,46,blue-collar,divorced,primary,0,no,no,unknown,jun,2,-1,0,unknown,no,0,0,0,Negative,0,0,0.047466595
6313,42,entrepreneur,married,secondary,2239,yes,no,cellular,jul,1,-1,0,unknown,no,0,0,1,Medium,0,0,0.07562526
6314,32,management,single,tertiary,156,yes,no,unknown,jun,6,-1,0,unknown,no,0,0,1,Low,0,0,0.08348345
6315,31,management,single,tertiary,2016,no,no,cellular,apr,1,-1,0,unknown,yes,1,0,0,Medium,1,0,0.42455357
6316,26,services,married,secondary,864,yes,yes,cellular,may,1,-1,0,unknown,no,0,0,1,Low,0,0,0.110891506
6317,34,services,married,secondary,0,yes,no,cellular,jul,3,-1,0,unknown,no,0,0,1,Negative,0,0,0.046566155
6318,34,technician,single,secondary,124,no,no,telephone,aug,2,-1,0,unknown,no,0,0,0,Low,0,0,0.06546585
6319,33,technician,married,tertiary,6843,no,no,cellular,nov,1,100,10,other,yes,1,1,0,High,1,0,0.16473626
6320,37,blue-collar,single,primary,147,no,no,cellular,jul,19,-1,0,unknown,no,0,0,0,Low,0,0,0.0068391957
6321,35,blue-collar,married,secondary,848,yes,no,cellular,may,3,366,2,failure,no,0,1,1,Low,0,0,0.03557825
6322,31,management,married,tertiary,430,yes,no,cellular,jul,16,-1,0,unknown,no,0,0,1,Low,0,0,0.15679885
6323,51,services,married,secondary,2248,yes,no,unknown,may,2,-1,0,unknown,no,0,0,1,Medium,0,0,0.015117838
6324,30,technician,divorced,tertiary,33,yes,no,cellular,may,3,-1,0,unknown,no,0,0,1,Low,0,0,0.07494692
6325,59,blue-collar,married,secondary,12928,no,no,cellular,aug,2,-1,0,unknown,no,0,0,0,High,0,0,0.062460113
6326,37,management,married,primary,5427,no,no,cellular,nov,1,159,1,failure,no,0,1,0,High,0,0,0.09722516
6327,46,unemployed,married,secondary,16397,no,no,cellular,nov,1,-1,0,unknown,no,0,0,0,High,0,0,0.0063298424
6328,41,blue-collar,married,secondary,580,yes,no,cellular,may,1,363,1,failure,yes,1,1,1,Low,1,0,0.017856715
6329,29,student,single,secondary,314,no,no,cellular,dec,2,116,4,failure,yes,1,1,0,Low,1,0,0.21790738
6330,56,management,married,unknown,4623,no,no,cellular,feb,1,192,1,success,yes,1,1,0,Medium,1,1,0.80951124
6331,53,housemaid,married,primary,0,no,no,unknown,jun,8,-1,0,unknown,no,0,0,0,Negative,0,0,0.00905989
6332,38,management,single,tertiary,83,no,yes,telephone,jul,7,-1,0,unknown,no,0,0,1,Low,0,0,0.17190827
6333,39,blue-collar,divorced,secondary,-202,yes,yes,cellular,may,4,-1,0,unknown,no,0,0,1,Negative,0,0,0.10859589
6334,19,student,single,unknown,1169,no,no,cellular,feb,18,-1,0,unknown,no,0,0,0,Medium,0,0,0.14496434
6335,36,technician,married,secondary,1840,no,no,cellular,aug,6,-1,0,unknown,no,0,0,0,Medium,0,0,0.060064085
6336,44,technician,divorced,secondary,-865,yes,no,cellular,apr,1,-1,0,unknown,no,0,0,1,Negative,0,0,0.29348266
6337,47,blue-collar,married,primary,4157,no,no,unknown,jun,3,-1,0,unknown,no,0,0,0,Medium,0,0,0.03260399
6338,59,retired,married,primary,-1,no,no,cellular,aug,2,-1,0,unknown,no,0,0,0,Negative,0,0,0.04435884
6339,32,blue-collar,married,primary,-175,yes,no,unknown,may,1,-1,0,unknown,no,0,0,1,Negative,0,0,0.034186702
6340,58,admin.,married,secondary,0,no,no,cellular,aug,13,-1,0,unknown,no,0,0,0,Negative,0,0,0.037054297
6341,38,self-employed,single,tertiary,1612,yes,no,cellular,may,1,-1,0,unknown,yes,1,0,1,Medium,1,0,0.1452998
6342,41,management,married,tertiary,2646,no,no,cellular,jul,2,-1,0,unknown,no,0,0,0,Medium,0,0,0.11737605
6343,34,management,divorced,tertiary,0,no,no,cellular,feb,4,175,3,failure,no,0,1,0,Negative,0,0,0.15789466
6344,57,technician,married,secondary,1070,no,no,unknown,jun,1,-1,0,unknown,no,0,0,0,Medium,0,0,0.032364447
6345,56,retired,married,primary,63,no,no,cellular,aug,2,-1,0,unknown,no,0,0,0,Low,0,0,0.024539389
6346,34,services,single,secondary,2,yes,no,cellular,may,2,-1,0,unknown,yes,1,0,1,Low,1,0,0.12820782
6347,31,technician,single,secondary,1094,yes,no,unknown,jun,8,-1,0,unknown,no,0,0,1,Medium,0,0,0.09794925
6348,38,admin.,married,secondary,-500,no,yes,cellular,feb,1,195,5,other,no,0,1,1,Negative,0,0,0.024944324
6349,25,blue-collar,single,secondary,-250,yes,no,unknown,may,1,-1,0,unknown,no,0,0,1,Negative,0,0,0.033195093
6350,41,technician,single,secondary,568,yes,no,unknown,may,2,-1,0,unknown,no,0,0,1,Low,0,0,0.12237436
6351,35,blue-collar,married,secondary,1290,yes,no,cellular,jul,1,-1,0,unknown,no,0,0,1,Medium,0,0,0.069586374
6352,33,blue-collar,single,secondary,266,yes,yes,cellular,apr,2,-1,0,unknown,no,0,0,1,Low,0,0,0.10612923
6353,46,technician,married,secondary,0,no,no,cellular,aug,2,-1,0,unknown,no,0,0,0,Negative,0,0,0.025457628
6354,52,self-employed,single,secondary,207,no,yes,cellular,nov,1,-1,0,unknown,no,0,0,1,Low,0,0,0.027853038
6355,45,services,married,secondary,222,no,no,cellular,aug,11,-1,0,unknown,no,0,0,0,Low,0,0,0.024017027
6356,46,housemaid,divorced,primary,41,no,no,cellular,aug,2,-1,0,unknown,no,0,0,0,Low,0,0,0.052424956
6357,55,retired,married,primary,628,no,yes,cellular,aug,2,-1,0,unknown,no,0,0,1,Low,0,0,0.07559224
6358,31,management,single,tertiary,86,no,no,cellular,jan,1,170,4,failure,no,0,1,0,Low,0,0,0.0058688233
6359,40,blue-collar,married,primary,106,yes,no,cellular,may,1,370,1,failure,no,0,1,1,Low,0,0,0.022937395
6360,31,technician,married,tertiary,3338,yes,no,cellular,jun,2,185,2,success,no,0,1,1,Medium,0,1,0.61084855
6361,32,blue-collar,single,secondary,1143,yes,yes,cellular,may,1,300,1,failure,no,0,1,1,Medium,0,0,0.03188015
6362,29,management,married,tertiary,451,no,no,cellular,jan,1,-1,0,unknown,no,0,0,0,Low,0,0,0.044755492
6363,32,unknown,single,secondary,-274,no,yes,unknown,may,3,-1,0,unknown,no,0,0,1,Negative,0,0,0.0068846997
6364,45,blue-collar,married,primary,751,no,no,cellular,aug,4,-1,0,unknown,no,0,0,0,Low,0,0,0.035992023
6365,31,services,married,secondary,132,no,no,cellular,jul,1,152,1,other,no,0,1,0,Low,0,0,0.20027386
6366,39,entrepreneur,married,secondary,2139,yes,no,cellular,may,4,371,1,failure,yes,1,1,1,Medium,1,0,0.06437586
6367,29,management,single,tertiary,307,yes,no,cellular,jun,1,-1,0,unknown,yes,1,0,1,Low,1,0,0.13974917
6368,45,admin.,married,secondary,1214,yes,no,cellular,jul,2,-1,0,unknown,no,0,0,1,Medium,0,0,0.04214796
6369,29,technician,married,tertiary,858,yes,no,cellular,jun,7,330,1,failure,no,0,1,1,Low,0,0,0.10407012
6370,37,blue-collar,single,unknown,-114,yes,no,unknown,may,2,-1,0,unknown,no,0,0,1,Negative,0,0,0.026085246
6371,42,services,single,secondary,2628,yes,no,cellular,nov,1,-1,0,unknown,no,0,0,1,Medium,0,0,0.12941155
6372,55,management,divorced,tertiary,9756,yes,no,cellular,jun,2,95,1,other,yes,1,1,1,High,1,0,0.3810367
6373,37,technician,single,secondary,194,yes,no,cellular,feb,1,-1,0,unknown,no,0,0,1,Low,0,0,0.04081032
6374,37,management,married,tertiary,7100,no,no,cellular,nov,2,-1,0,unknown,no,0,0,0,High,0,0,0.08948768
6375,30,admin.,single,tertiary,41,yes,no,cellular,feb,4,186,2,success,no,0,1,1,Low,0,1,0.7132546
6376,33,technician,divorced,secondary,558,yes,no,cellular,nov,2,93,3,failure,no,0,1,1,Low,0,0,0.05225168
6377,33,blue-collar,single,unknown,129,yes,yes,cellular,nov,1,-1,0,unknown,no,0,0,1,Low,0,0,0.090683095
6378,60,retired,divorced,secondary,1091,no,no,cellular,jul,5,-1,0,unknown,yes,1,0,0,Medium,1,0,0.06835047
6379,39,blue-collar,married,primary,-388,yes,no,unknown,may,1,-1,0,unknown,no,0,0,1,Negative,0,0,0.0041257883
6380,29,blue-collar,single,secondary,-61,no,no,cellular,jul,1,-1,0,unknown,no,0,0,0,Negative,0,0,0.06466181
6381,59,unemployed,married,primary,13836,no,no,telephone,nov,1,-1,0,unknown,no,0,0,0,High,0,0,0.0112003265
6382,33,management,divorced,secondary,1897,yes,yes,unknown,jun,1,-1,0,unknown,no,0,0,1,Medium,0,0,0.014715127
6383,46,admin.,married,secondary,974,no,no,cellular,jun,2,80,1,success,yes,1,1,0,Low,1,1,0.8996491
6384,31,admin.,divorced,secondary,2980,no,no,cellular,apr,4,292,2,other,no,0,1,0,Medium,0,0,0.3237834
6385,42,admin.,married,secondary,947,no,no,cellular,jul,2,-1,0,unknown,no,0,0,0,Low,0,0,0.045556463
6386,31,admin.,married,unknown,-295,yes,no,unknown,may,3,-1,0,unknown,no,0,0,1,Negative,0,0,0.004978614
6387,34,blue-collar,single,unknown,484,no,no,cellular,oct,1,-1,0,unknown,no,0,0,0,Low,0,1,0.5472628
6388,30,management,single,tertiary,222,no,yes,cellular,feb,1,204,2,other,no,0,1,1,Low,0,0,0.054085243
6389,40,services,divorced,secondary,105,yes,no,unknown,may,2,-1,0,unknown,no,0,0,1,Low,0,0,0.01788878
6390,26,technician,divorced,tertiary,3154,yes,yes,cellular,jan,3,248,1,failure,no,0,1,1,Medium,0,0,0.0032619408
6391,32,self-employed,divorced,tertiary,3271,no,no,cellular,may,3,-1,0,unknown,yes,1,0,0,Medium,1,0,0.27020666
6392,45,blue-collar,married,unknown,818,yes,no,unknown,may,3,-1,0,unknown,no,0,0,1,Low,0,0,0.036392223
6393,57,admin.,married,unknown,5,no,no,unknown,jun,2,-1,0,unknown,no,0,0,0,Low,0,0,0.018966706
6394,32,housemaid,divorced,secondary,715,yes,yes,unknown,may,15,-1,0,unknown,no,0,0,1,Low,0,0,0.007763698
6395,39,blue-collar,married,secondary,0,no,no,unknown,jun,1,-1,0,unknown,no,0,0,0,Negative,0,0,0.032946758
6396,49,management,married,tertiary,-190,no,no,unknown,jun,7,-1,0,unknown,no,0,0,0,Negative,0,0,0.12996411
6397,45,blue-collar,married,primary,2523,yes,no,cellular,may,4,-1,0,unknown,no,0,0,1,Medium,0,0,0.08057435
6398,36,self-employed,single,tertiary,4752,yes,no,unknown,may,2,-1,0,unknown,no,0,0,1,Medium,0,0,0.090744026
6399,28,blue-collar,married,secondary,17,no,no,unknown,may,4,-1,0,unknown,no,0,0,0,Low,0,0,0.00714608
6400,56,technician,married,tertiary,655,yes,yes,cellular,apr,1,-1,0,unknown,no,0,0,1,Low,0,0,0.06329419
6401,55,services,single,secondary,1539,no,no,unknown,jun,2,-1,0,unknown,no,0,0,0,Medium,0,0,0.04222643
6402,40,services,married,secondary,-192,yes,no,cellular,may,1,-1,0,unknown,yes,1,0,1,Negative,1,0,0.035811435
6403,44,admin.,married,secondary,2687,yes,no,unknown,may,4,-1,0,unknown,no,0,0,1,Medium,0,0,0.02162438
6404,33,self-employed,single,tertiary,2155,no,no,cellular,nov,1,-1,0,unknown,no,0,0,0,Medium,0,0,0.07783435
6405,60,blue-collar,married,primary,4903,no,yes,unknown,jun,1,-1,0,unknown,no,0,0,1,Medium,0,0,0.023417577
6406,35,admin.,single,secondary,2452,yes,no,unknown,jun,2,-1,0,unknown,no,0,0,1,Medium,0,0,0.029742861
6407,32,management,single,tertiary,623,no,no,telephone,dec,1,203,1,failure,no,0,1,0,Low,0,0,0.1085873
6408,24,self-employed,single,tertiary,931,yes,no,unknown,may,4,-1,0,unknown,no,0,0,1,Low,0,0,0.20517504
6409,44,services,married,secondary,972,yes,no,cellular,jul,3,-1,0,unknown,no,0,0,1,Low,0,0,0.047958758
6410,31,blue-collar,single,unknown,667,yes,no,unknown,may,3,-1,0,unknown,no,0,0,1,Low,0,0,0.08038077
6411,45,management,married,tertiary,324,no,no,cellular,aug,4,-1,0,unknown,no,0,0,0,Low,0,0,0.08905685
6412,59,housemaid,married,primary,0,yes,no,cellular,jul,2,-1,0,unknown,no,0,0,1,Negative,0,0,0.040051155
6413,30,management,single,tertiary,0,no,yes,unknown,jul,1,-1,0,unknown,no,0,0,1,Negative,0,0,0.012663412
6414,58,management,married,secondary,407,yes,no,cellular,jul,2,-1,0,unknown,no,0,0,1,Low,0,0,0.049424306
6415,43,blue-collar,divorced,primary,49,yes,no,unknown,may,1,-1,0,unknown,no,0,0,1,Low,0,0,0.038000092
6416,29,admin.,married,secondary,387,yes,yes,unknown,may,1,-1,0,unknown,no,0,0,1,Low,0,0,0.026535617
6417,23,technician,single,secondary,158,yes,no,unknown,may,1,-1,0,unknown,no,0,0,1,Low,0,0,0.054086547
6418,59,unemployed,single,primary,7724,no,no,cellular,nov,3,-1,0,unknown,yes,1,0,0,High,1,0,0.040900327
6419,49,technician,married,secondary,307,no,no,cellular,dec,1,-1,0,unknown,yes,1,0,0,Low,1,0,0.47482345
6420,40,management,single,tertiary,171,no,no,cellular,aug,3,-1,0,unknown,no,0,0,0,Low,0,0,0.078638375
6421,50,blue-collar,married,primary,1290,yes,no,unknown,may,14,-1,0,unknown,no,0,0,1,Medium,0,0,0.02317696
6422,42,admin.,married,secondary,645,yes,yes,cellular,jul,2,-1,0,unknown,no,0,0,1,Low,0,0,0.04859304
6423,39,technician,married,secondary,-72,yes,no,unknown,may,2,-1,0,unknown,no,0,0,1,Negative,0,0,0.009281017
6424,49,admin.,married,secondary,0,yes,no,cellular,nov,1,-1,0,unknown,no,0,0,1,Negative,0,0,0.028841242
6425,56,housemaid,married,primary,19,no,no,cellular,aug,2,-1,0,unknown,no,0,0,0,Low,0,0,0.047553662
6426,58,housemaid,single,tertiary,145,yes,yes,cellular,jul,2,-1,0,unknown,no,0,0,1,Low,0,0,0.11902325
6427,48,services,single,secondary,133,yes,yes,cellular,jul,1,-1,0,unknown,no,0,0,1,Low,0,0,0.10354361
6428,34,unemployed,married,secondary,2126,yes,no,cellular,jul,2,-1,0,unknown,no,0,0,1,Medium,0,0,0.07047573
6429,40,services,married,secondary,51,yes,no,cellular,may,1,-1,0,unknown,no,0,0,1,Low,0,0,0.08915131
6430,41,services,married,secondary,96,yes,no,unknown,may,2,-1,0,unknown,no,0,0,1,Low,0,0,0.040812075
6431,34,entrepreneur,single,secondary,339,yes,no,cellular,may,2,359,2,failure,no,0,1,1,Low,0,0,0.023355447
6432,30,technician,married,secondary,289,yes,no,cellular,aug,4,-1,0,unknown,yes,1,0,1,Low,1,0,0.04644766
6433,51,admin.,married,primary,943,yes,no,unknown,may,1,-1,0,unknown,no,0,0,1,Low,0,0,0.011384238
6434,45,blue-collar,married,primary,2128,yes,no,unknown,may,4,-1,0,unknown,no,0,0,1,Medium,0,0,0.02226688
6435,46,management,married,tertiary,740,yes,no,cellular,may,1,359,2,failure,no,0,1,1,Low,0,0,0.017377952
6436,32,services,married,secondary,1167,yes,yes,telephone,apr,3,147,1,failure,no,0,1,1,Medium,0,0,0.04595593
6437,38,blue-collar,single,secondary,0,no,no,cellular,jan,1,92,4,success,no,0,1,0,Negative,0,1,0.63537055
6438,47,blue-collar,married,primary,584,yes,yes,cellular,aug,2,-1,0,unknown,no,0,0,1,Low,0,0,0.046118796
6439,37,services,divorced,secondary,652,no,no,cellular,jul,2,-1,0,unknown,no,0,0,0,Low,0,0,0.10806381
6440,54,services,married,secondary,-165,no,yes,unknown,jul,1,-1,0,unknown,no,0,0,1,Negative,0,0,0.009483867
6441,36,blue-collar,married,secondary,1828,yes,no,telephone,oct,1,-1,0,unknown,no,0,0,1,Medium,0,0,0.26140773
6442,53,blue-collar,married,secondary,2047,no,no,telephone,jul,6,-1,0,unknown,no,0,0,0,Medium,0,0,0.03974785
6443,33,entrepreneur,married,secondary,5809,yes,no,cellular,aug,4,-1,0,unknown,no,0,0,1,High,0,0,0.08926737
6444,45,blue-collar,married,primary,0,yes,no,cellular,jul,1,-1,0,unknown,no,0,0,1,Negative,0,0,0.024411306
6445,31,admin.,single,secondary,2144,yes,no,unknown,may,1,-1,0,unknown,no,0,0,1,Medium,0,0,0.02489546
6446,25,technician,single,secondary,31,no,no,cellular,aug,3,-1,0,unknown,no,0,0,0,Low,0,0,0.06809278
6447,29,admin.,single,secondary,464,no,no,cellular,nov,2,91,3,success,yes,1,1,0,Low,1,1,0.9020005
6448,37,management,single,tertiary,499,yes,no,unknown,may,1,-1,0,unknown,no,0,0,1,Low,0,0,0.07536838
6449,26,management,single,tertiary,3,yes,yes,cellular,apr,1,350,1,success,yes,1,1,1,Low,1,1,0.9566091
6450,33,unknown,married,tertiary,8971,no,no,cellular,aug,1,-1,0,unknown,no,0,0,0,High,0,0,0.12837154
6451,20,student,single,tertiary,79,yes,no,unknown,may,3,-1,0,unknown,no,0,0,1,Low,0,0,0.01545816
6452,26,blue-collar,single,secondary,1802,yes,no,unknown,jun,19,-1,0,unknown,no,0,0,1,Medium,0,0,0.009307387
6453,42,admin.,single,secondary,4253,yes,no,cellular,may,1,-1,0,unknown,no,0,0,1,Medium,0,0,0.16999882
6454,68,retired,married,secondary,1146,no,no,cellular,may,1,71,5,success,yes,1,1,0,Medium,1,1,0.7339942
6455,38,self-employed,married,tertiary,585,yes,no,unknown,may,3,-1,0,unknown,no,0,0,1,Low,0,0,0.030522062
6456,41,management,single,tertiary,236,no,no,cellular,aug,4,-1,0,unknown,no,0,0,0,Low,0,0,0.07592062
6457,40,services,divorced,primary,471,yes,no,cellular,apr,1,345,2,failure,yes,1,1,1,Low,1,0,0.052181285
6458,45,technician,married,secondary,858,no,no,cellular,feb,4,251,2,failure,no,0,1,0,Low,0,0,0.08043125
6459,30,admin.,single,unknown,1,no,no,unknown,may,1,-1,0,unknown,no,0,0,0,Low,0,0,0.010418855
6460,60,services,single,secondary,739,no,no,cellular,jul,1,182,1,success,no,0,1,0,Low,0,1,0.720357
6461,41,admin.,married,secondary,-111,yes,no,unknown,may,3,-1,0,unknown,no,0,0,1,Negative,0,0,0.008757947
6462,55,housemaid,married,primary,1563,yes,no,cellular,nov,2,-1,0,unknown,no,0,0,1,Medium,0,0,0.034629915
6463,44,admin.,married,secondary,266,yes,no,cellular,apr,2,-1,0,unknown,no,0,0,1,Low,0,0,0.044058528
6464,37,blue-collar,single,primary,12130,yes,no,unknown,jun,13,-1,0,unknown,no,0,0,1,High,0,0,0.015273237
6465,28,self-employed,single,tertiary,442,no,no,cellular,jun,3,95,3,other,yes,1,1,0,Low,1,1,0.58089924
6466,71,retired,married,secondary,5715,no,no,cellular,nov,2,-1,0,unknown,yes,1,0,0,High,1,1,0.5609215
6467,29,admin.,single,secondary,305,yes,no,cellular,may,4,304,1,failure,no,0,1,1,Low,0,0,0.10570405
6468,21,student,single,primary,281,no,no,unknown,aug,1,-1,0,unknown,no,0,0,0,Low,0,0,0.20571673
6469,34,management,single,tertiary,2093,no,no,cellular,aug,6,-1,0,unknown,no,0,0,0,Medium,0,0,0.09457261
6470,31,management,married,secondary,8629,yes,no,unknown,may,2,-1,0,unknown,no,0,0,1,High,0,0,0.023736494
6471,77,retired,married,tertiary,699,no,no,cellular,aug,2,-1,0,unknown,yes,1,0,0,Low,1,0,0.21687794
6472,35,management,married,tertiary,0,yes,no,telephone,jul,12,-1,0,unknown,no,0,0,1,Negative,0,0,0.021587055
6473,32,management,single,tertiary,4262,yes,no,cellular,nov,1,-1,0,unknown,no,0,0,1,Medium,0,0,0.09004596
6474,34,blue-collar,single,primary,0,yes,no,unknown,may,1,-1,0,unknown,no,0,0,1,Negative,0,0,0.019243976
6475,47,management,married,tertiary,509,no,yes,cellular,aug,4,-1,0,unknown,no,0,0,1,Low,0,0,0.03392111
6476,31,technician,single,secondary,118,no,no,cellular,feb,1,-1,0,unknown,no,0,0,0,Low,0,0,0.063498765
6477,36,management,married,tertiary,3007,yes,no,cellular,aug,1,-1,0,unknown,no,0,0,1,Medium,0,0,0.077716805
6478,28,student,single,secondary,196,no,no,cellular,jul,3,-1,0,unknown,yes,1,0,0,Low,1,0,0.4779986
6479,36,unemployed,divorced,secondary,8267,no,no,unknown,jun,2,-1,0,unknown,no,0,0,0,High,0,0,0.009236533
6480,50,admin.,single,primary,1367,no,no,telephone,jul,2,-1,0,unknown,no,0,0,0,Medium,0,0,0.07668294
6481,63,retired,married,primary,12067,no,no,telephone,apr,1,191,1,failure,yes,1,1,0,High,1,0,0.43918934
6482,42,technician,single,secondary,716,yes,no,cellular,nov,1,-1,0,unknown,no,0,0,1,Low,0,0,0.091851644
6483,32,admin.,married,tertiary,1,yes,yes,cellular,jul,1,-1,0,unknown,no,0,0,1,Low,0,0,0.045313112
6484,51,management,married,tertiary,10077,no,no,cellular,aug,2,-1,0,unknown,no,0,0,0,High,0,0,0.102000386
6485,21,student,single,secondary,123,no,no,telephone,nov,1,91,1,success,yes,1,1,0,Low,1,1,0.8210878
6486,39,blue-collar,married,secondary,123,no,no,unknown,jun,1,-1,0,unknown,no,0,0,0,Low,0,0,0.065977216
6487,45,entrepreneur,single,primary,0,no,no,cellular,apr,1,-1,0,unknown,no,0,0,0,Negative,0,0,0.17555963
6488,27,management,single,tertiary,498,yes,no,cellular,may,1,369,3,failure,no,0,1,1,Low,0,0,0.062075816
6489,47,blue-collar,married,primary,0,no,no,cellular,aug,3,-1,0,unknown,no,0,0,0,Negative,0,0,0.03886967
6490,57,admin.,married,secondary,92,no,yes,cellular,nov,3,-1,0,unknown,no,0,0,1,Low,0,0,0.015957804
6491,37,blue-collar,married,secondary,-83,yes,no,cellular,may,4,-1,0,unknown,no,0,0,1,Negative,0,0,0.03065185
6492,33,management,single,secondary,-665,yes,yes,cellular,apr,1,342,1,failure,no,0,1,1,Negative,0,0,0.117974155
6493,26,student,single,unknown,598,no,no,cellular,mar,1,-1,0,unknown,no,0,0,0,Low,0,0,0.42340422
6494,32,blue-collar,single,secondary,-255,no,yes,unknown,jul,3,-1,0,unknown,no,0,0,1,Negative,0,0,0.034504488
6495,49,management,married,tertiary,64,no,no,unknown,jun,1,-1,0,unknown,yes,1,0,0,Low,1,0,0.05560245
6496,32,management,married,tertiary,169,no,yes,cellular,aug,2,-1,0,unknown,no,0,0,1,Low,0,0,0.044226114
6497,56,services,divorced,secondary,935,no,no,cellular,jun,1,96,3,failure,no,0,1,0,Low,0,0,0.3427776
6498,31,services,single,secondary,1629,yes,no,unknown,may,2,-1,0,unknown,no,0,0,1,Medium,0,0,0.04066263
6499,38,management,single,tertiary,231,no,no,cellular,aug,2,-1,0,unknown,no,0,0,0,Low,0,0,0.07810929
6500,22,student,single,secondary,23,no,no,cellular,oct,1,-1,0,unknown,yes,1,0,0,Low,1,1,0.53586084
6501,35,blue-collar,married,primary,11,yes,no,unknown,may,4,-1,0,unknown,no,0,0,1,Low,0,0,0.02315574
6502,58,retired,married,primary,282,yes,no,cellular,jul,4,-1,0,unknown,no,0,0,1,Low,0,0,0.049580302
6503,39,entrepreneur,married,tertiary,345,yes,yes,cellular,jul,3,-1,0,unknown,no,0,0,1,Low,0,0,0.027923217
6504,44,blue-collar,married,primary,3057,yes,no,unknown,may,4,-1,0,unknown,no,0,0,1,Medium,0,0,0.0257329
6505,49,admin.,married,secondary,387,yes,no,unknown,may,1,-1,0,unknown,no,0,0,1,Low,0,0,0.021485643
6506,32,blue-collar,single,secondary,551,yes,no,cellular,aug,3,-1,0,unknown,no,0,0,1,Low,0,0,0.22932568
6507,39,technician,married,secondary,13165,yes,yes,cellular,aug,4,-1,0,unknown,no,0,0,1,High,0,0,0.07814437
6508,31,technician,married,secondary,1868,yes,no,unknown,may,2,-1,0,unknown,no,0,0,1,Medium,0,0,0.02012158
6509,35,technician,single,secondary,0,no,no,cellular,aug,2,-1,0,unknown,no,0,0,0,Negative,0,0,0.03754065
6510,31,management,single,tertiary,499,yes,no,unknown,jun,2,-1,0,unknown,no,0,0,1,Low,0,0,0.11245383
6511,35,entrepreneur,married,secondary,10,yes,no,cellular,jul,7,-1,0,unknown,no,0,0,1,Low,0,0,0.092974015
6512,32,technician,married,secondary,-91,yes,no,unknown,may,2,-1,0,unknown,no,0,0,1,Negative,0,0,0.013865193
6513,39,management,single,tertiary,889,no,no,cellular,nov,2,185,4,failure,no,0,1,0,Low,0,0,0.05152744
6514,37,admin.,single,secondary,597,yes,no,cellular,may,1,-1,0,unknown,no,0,0,1,Low,0,0,0.07970386
6515,29,services,married,secondary,10,yes,no,cellular,jul,2,-1,0,unknown,no,0,0,1,Low,0,0,0.04467453
6516,25,blue-collar,married,secondary,-306,yes,no,unknown,jun,3,-1,0,unknown,no,0,0,1,Negative,0,0,0.09332509
6517,36,technician,married,secondary,1659,no,no,cellular,aug,2,-1,0,unknown,no,0,0,0,Medium,0,0,0.092403874
6518,36,technician,single,secondary,-272,no,yes,cellular,jul,6,-1,0,unknown,no,0,0,1,Negative,0,0,0.28056756
6519,57,management,married,tertiary,12048,no,no,telephone,nov,3,-1,0,unknown,no,0,0,0,High,0,0,0.0722095
6520,55,retired,married,primary,159,yes,yes,telephone,jul,1,-1,0,unknown,no,0,0,1,Low,0,0,0.029508814
6521,32,management,married,tertiary,1522,yes,no,unknown,may,3,-1,0,unknown,no,0,0,1,Medium,0,0,0.037930567
6522,52,admin.,divorced,unknown,0,no,no,cellular,aug,4,-1,0,unknown,no,0,0,0,Negative,0,0,0.050643407
6523,37,blue-collar,single,secondary,5024,no,yes,cellular,jul,4,-1,0,unknown,yes,1,0,1,High,1,0,0.05721757
6524,31,services,single,tertiary,10122,yes,no,cellular,jul,1,-1,0,unknown,no,0,0,1,High,0,0,0.07520492
6525,58,technician,married,tertiary,332,no,no,cellular,aug,3,-1,0,unknown,no,0,0,0,Low,0,0,0.110179916
6526,27,student,single,tertiary,24,yes,no,cellular,feb,2,-1,0,unknown,no,0,0,1,Low,0,0,0.045347355
6527,41,management,single,tertiary,1216,yes,no,unknown,may,3,-1,0,unknown,no,0,0,1,Medium,0,0,0.09424468
6528,52,unemployed,married,primary,255,no,yes,cellular,jul,3,-1,0,unknown,no,0,0,1,Low,0,0,0.06785256
6529,50,blue-collar,married,primary,859,yes,yes,telephone,feb,5,196,7,failure,no,0,1,1,Low,0,0,0.0067225145
6530,41,services,single,secondary,92,no,no,cellular,nov,1,-1,0,unknown,yes,1,0,0,Low,1,0,0.107085876
6531,36,management,single,secondary,0,no,no,cellular,aug,5,-1,0,unknown,no,0,0,0,Negative,0,0,0.08049578
6532,27,technician,married,secondary,876,yes,no,cellular,may,1,355,1,failure,no,0,1,1,Low,0,0,0.022370312
6533,33,student,single,tertiary,71,no,no,cellular,jul,4,-1,0,unknown,no,0,0,0,Low,0,0,0.45921937
6534,58,management,divorced,tertiary,315,yes,no,cellular,nov,2,-1,0,unknown,no,0,0,1,Low,0,0,0.06803393
6535,31,unemployed,single,primary,1,no,no,cellular,feb,6,-1,0,unknown,no,0,0,0,Low,0,0,0.03389336
6536,48,blue-collar,married,primary,2519,no,no,telephone,aug,5,-1,0,unknown,no,0,0,0,Medium,0,0,0.041749828
6537,34,entrepreneur,married,tertiary,412,yes,yes,cellular,jul,1,-1,0,unknown,no,0,0,1,Low,0,0,0.03478186
6538,38,admin.,married,secondary,1973,no,no,cellular,nov,2,-1,0,unknown,no,0,0,0,Medium,0,0,0.08809038
6539,60,retired,divorced,secondary,4243,no,no,cellular,oct,2,-1,0,unknown,yes,1,0,0,Medium,1,1,0.88133013
6540,53,technician,married,secondary,56,yes,yes,unknown,may,2,-1,0,unknown,no,0,0,1,Low,0,0,0.013258084
6541,42,unemployed,divorced,secondary,759,no,no,cellular,aug,3,-1,0,unknown,no,0,0,0,Low,0,0,0.12827976
6542,44,management,married,tertiary,1788,no,no,cellular,aug,2,-1,0,unknown,no,0,0,0,Medium,0,0,0.14306378
6543,47,blue-collar,married,secondary,33,no,no,telephone,nov,1,-1,0,unknown,no,0,0,0,Low,0,0,0.03200862
6544,60,services,divorced,secondary,47,no,no,unknown,jun,1,-1,0,unknown,no,0,0,0,Low,0,0,0.18515389
6545,44,unemployed,married,secondary,-505,yes,no,unknown,jun,11,-1,0,unknown,no,0,0,1,Negative,0,0,0.07907285
6546,37,management,married,tertiary,293,yes,no,cellular,may,1,349,4,failure,no,0,1,1,Low,0,0,0.035723746
6547,61,technician,married,secondary,1191,no,no,cellular,may,4,-1,0,unknown,yes,1,0,0,Medium,1,0,0.3419825
6548,48,management,divorced,tertiary,4961,yes,no,unknown,jun,1,-1,0,unknown,no,0,0,1,Medium,0,0,0.04036013
6549,39,blue-collar,married,primary,0,yes,no,unknown,jun,4,-1,0,unknown,no,0,0,1,Negative,0,0,0.030023726
6550,56,retired,married,secondary,334,no,no,cellular,jul,1,-1,0,unknown,no,0,0,0,Low,0,0,0.103616424
6551,34,admin.,single,secondary,0,yes,no,cellular,jun,2,-1,0,unknown,no,0,0,1,Negative,0,0,0.20528889
6552,46,blue-collar,divorced,secondary,1815,yes,no,unknown,may,4,-1,0,unknown,no,0,0,1,Medium,0,0,0.08319744
6553,35,admin.,married,secondary,159,yes,no,cellular,apr,2,262,1,failure,no,0,1,1,Low,0,0,0.046358857
6554,59,blue-collar,married,secondary,0,no,no,unknown,jun,1,-1,0,unknown,no,0,0,0,Negative,0,0,0.03491
6555,36,technician,married,secondary,295,no,no,cellular,aug,6,-1,0,unknown,no,0,0,0,Low,0,0,0.088454396
6556,33,blue-collar,married,secondary,7048,yes,no,cellular,apr,2,-1,0,unknown,no,0,0,1,High,0,0,0.03958391
6557,30,unemployed,married,secondary,-98,yes,no,unknown,may,1,-1,0,unknown,no,0,0,1,Negative,0,0,0.014486373
6558,32,services,married,secondary,201,yes,no,unknown,jun,2,-1,0,unknown,no,0,0,1,Low,0,0,0.06860498
6559,54,self-employed,divorced,secondary,1374,yes,no,unknown,may,2,-1,0,unknown,no,0,0,1,Medium,0,0,0.041166853
6560,56,retired,married,tertiary,89,no,no,telephone,jul,1,-1,0,unknown,no,0,0,0,Low,0,0,0.065760665
6561,53,blue-collar,married,secondary,-102,yes,no,cellular,may,2,-1,0,unknown,no,0,0,1,Negative,0,0,0.038799196
6562,39,admin.,single,secondary,14,yes,yes,unknown,may,9,-1,0,unknown,no,0,0,1,Low,0,0,0.016734619
6563,47,self-employed,married,tertiary,3072,no,no,cellular,nov,3,-1,0,unknown,no,0,0,0,Medium,0,0,0.091830105
6564,60,housemaid,married,primary,0,no,no,unknown,jun,1,-1,0,unknown,no,0,0,0,Negative,0,0,0.025767673
6565,40,unemployed,single,tertiary,7968,no,no,cellular,jun,1,-1,0,unknown,yes,1,0,0,High,1,0,0.16199325
6566,24,admin.,single,secondary,1235,yes,yes,unknown,may,3,-1,0,unknown,no,0,0,1,Medium,0,0,0.03418953
6567,45,entrepreneur,married,secondary,404,yes,no,unknown,may,2,-1,0,unknown,no,0,0,1,Low,0,0,0.038484864
6568,32,services,married,secondary,-173,yes,no,cellular,jul,2,-1,0,unknown,no,0,0,1,Negative,0,0,0.035904292
6569,40,entrepreneur,single,secondary,943,yes,no,cellular,feb,3,-1,0,unknown,no,0,0,1,Low,0,0,0.09931205
6570,57,unemployed,married,secondary,468,yes,no,unknown,jun,1,-1,0,unknown,no,0,0,1,Low,0,0,0.030885184
6571,23,student,single,tertiary,250,yes,no,unknown,may,2,-1,0,unknown,no,0,0,1,Low,0,0,0.008062945
6572,29,management,single,tertiary,559,no,no,telephone,may,4,-1,0,unknown,no,0,0,0,Low,0,0,0.07106706
6573,37,technician,married,secondary,603,no,no,unknown,jun,2,-1,0,unknown,no,0,0,0,Low,0,0,0.03190865
6574,72,retired,married,tertiary,3561,no,no,telephone,sep,3,184,7,success,yes,1,1,0,Medium,1,1,0.8319308
6575,32,services,married,secondary,1844,yes,yes,cellular,jul,6,-1,0,unknown,no,0,0,1,Medium,0,0,0.06095462
6576,52,blue-collar,married,secondary,1374,yes,no,cellular,apr,2,322,1,failure,no,0,1,1,Medium,0,0,0.017237017
6577,32,admin.,single,tertiary,497,yes,no,cellular,aug,4,-1,0,unknown,no,0,0,1,Low,0,0,0.120974414
6578,37,blue-collar,married,primary,510,yes,no,unknown,may,6,-1,0,unknown,no,0,0,1,Low,0,0,0.025195777
6579,31,admin.,divorced,secondary,93,yes,no,cellular,nov,1,-1,0,unknown,no,0,0,1,Low,0,0,0.06695875
6580,55,retired,married,secondary,123,no,no,cellular,aug,8,-1,0,unknown,no,0,0,0,Low,0,0,0.012510896
6581,34,technician,single,secondary,27,no,no,cellular,aug,9,-1,0,unknown,no,0,0,0,Low,0,0,0.017985335
6582,40,admin.,married,tertiary,1108,no,no,cellular,jan,1,92,5,failure,no,0,1,0,Medium,0,0,0.1462337
6583,32,unemployed,married,secondary,2996,yes,no,unknown,may,1,-1,0,unknown,no,0,0,1,Medium,0,0,0.029818974
6584,33,technician,married,secondary,-805,no,no,cellular,jul,2,-1,0,unknown,no,0,0,0,Negative,0,0,0.07659127
6585,42,management,married,tertiary,0,yes,no,cellular,jul,4,-1,0,unknown,no,0,0,1,Negative,0,0,0.051521502
6586,53,technician,single,secondary,198,yes,yes,unknown,may,2,-1,0,unknown,no,0,0,1,Low,0,0,0.025816306
6587,57,blue-collar,married,primary,856,no,no,cellular,aug,6,-1,0,unknown,no,0,0,0,Low,0,0,0.05075385
6588,52,technician,married,secondary,553,yes,no,telephone,oct,1,-1,0,unknown,no,0,0,1,Low,0,0,0.1753869
6589,34,management,married,tertiary,3402,no,no,cellular,jun,2,-1,0,unknown,no,0,0,0,Medium,0,1,0.5453695
6590,36,technician,divorced,secondary,141,yes,no,unknown,may,3,-1,0,unknown,no,0,0,1,Low,0,0,0.023582445
6591,34,management,married,tertiary,0,yes,no,cellular,apr,1,86,1,success,yes,1,1,1,Negative,1,1,0.9063609
6592,37,admin.,divorced,secondary,496,no,no,cellular,feb,4,272,3,failure,no,0,1,0,Low,0,0,0.04343343
6593,38,services,single,secondary,70,yes,no,cellular,may,3,-1,0,unknown,no,0,0,1,Low,0,0,0.15063855
6594,39,management,married,tertiary,21111,yes,no,unknown,may,4,-1,0,unknown,no,0,0,1,High,0,0,0.020153996
6595,32,management,single,tertiary,718,yes,no,cellular,dec,1,197,1,success,yes,1,1,1,Low,1,0,0.23004746
6596,33,self-employed,single,tertiary,1129,yes,no,cellular,jun,2,-1,0,unknown,no,0,0,1,Medium,0,0,0.43182534
6597,25,student,married,tertiary,333,yes,no,unknown,may,3,-1,0,unknown,no,0,0,1,Low,0,0,0.022113891
6598,55,admin.,married,secondary,0,no,no,cellular,aug,28,-1,0,unknown,no,0,0,0,Negative,0,0,0.0053703645
6599,29,self-employed,single,secondary,970,yes,no,cellular,may,1,-1,0,unknown,no,0,0,1,Low,0,0,0.12347801
6600,37,admin.,married,secondary,306,no,no,unknown,jun,1,-1,0,unknown,no,0,0,0,Low,0,0,0.040891696
6601,41,technician,single,secondary,294,yes,no,cellular,aug,14,-1,0,unknown,no,0,0,1,Low,0,0,0.031995315
6602,34,management,divorced,tertiary,488,yes,no,unknown,may,2,-1,0,unknown,no,0,0,1,Low,0,0,0.110335246
6603,36,management,married,tertiary,806,yes,no,cellular,feb,2,259,1,failure,no,0,1,1,Low,0,0,0.04298007
6604,48,services,married,secondary,288,yes,no,cellular,may,3,-1,0,unknown,no,0,0,1,Low,0,0,0.06722503
6605,27,admin.,married,secondary,941,yes,no,cellular,jul,1,-1,0,unknown,no,0,0,1,Low,0,0,0.08152916
6606,30,management,single,tertiary,21,no,no,cellular,aug,7,-1,0,unknown,no,0,0,0,Low,0,0,0.07869632
6607,35,blue-collar,married,unknown,53,no,no,unknown,jun,2,-1,0,unknown,no,0,0,0,Low,0,0,0.027708527
6608,60,retired,single,tertiary,568,no,no,unknown,jun,1,-1,0,unknown,no,0,0,0,Low,0,0,0.10024202
6609,37,admin.,married,secondary,-498,yes,yes,unknown,may,1,-1,0,unknown,no,0,0,1,Negative,0,0,0.018398933
6610,51,blue-collar,married,primary,377,yes,no,telephone,feb,4,272,1,failure,no,0,1,1,Low,0,0,0.004435289
6611,20,student,single,secondary,1819,no,no,cellular,apr,3,-1,0,unknown,yes,1,0,0,Medium,1,0,0.3878965
6612,51,self-employed,married,primary,0,yes,no,telephone,jul,1,-1,0,unknown,no,0,0,1,Negative,0,0,0.02595846
6613,41,services,single,secondary,-68,yes,no,cellular,apr,3,-1,0,unknown,no,0,0,1,Negative,0,0,0.07652424
6614,36,blue-collar,single,secondary,2596,no,no,unknown,jun,6,-1,0,unknown,no,0,0,0,Medium,0,0,0.08937396
6615,55,retired,married,tertiary,127,no,no,cellular,feb,2,-1,0,unknown,no,0,0,0,Low,0,0,0.11525254
6616,31,admin.,single,tertiary,52,yes,no,cellular,oct,1,-1,0,unknown,no,0,0,1,Low,0,0,0.20521311
6617,47,blue-collar,married,secondary,473,yes,no,cellular,nov,2,176,2,other,no,0,1,1,Low,0,0,0.05439728
6618,30,entrepreneur,married,tertiary,366,no,no,cellular,aug,6,-1,0,unknown,no,0,0,0,Low,0,0,0.16103807
6619,48,management,divorced,unknown,343,no,no,cellular,feb,1,-1,0,unknown,no,0,0,0,Low,0,0,0.112015046
6620,30,unemployed,married,secondary,1210,no,no,cellular,jul,4,-1,0,unknown,no,0,0,0,Medium,0,0,0.15164857
6621,50,technician,married,secondary,0,yes,yes,cellular,nov,2,-1,0,unknown,no,0,0,1,Negative,0,0,0.018100759
6622,26,management,single,tertiary,2725,no,no,cellular,jan,1,-1,0,unknown,no,0,0,0,Medium,0,0,0.22747998
6623,33,services,married,secondary,-333,yes,no,cellular,jul,5,-1,0,unknown,no,0,0,1,Negative,0,0,0.011406918
6624,28,technician,single,secondary,289,yes,no,unknown,may,1,-1,0,unknown,no,0,0,1,Low,0,0,0.06999399
6625,32,management,married,tertiary,393,no,no,cellular,jan,2,-1,0,unknown,no,0,0,0,Low,0,0,0.06116384
6626,47,management,married,secondary,2892,no,no,unknown,jun,1,-1,0,unknown,yes,1,0,0,Medium,1,0,0.037221458
6627,36,services,married,secondary,184,yes,no,unknown,may,3,-1,0,unknown,no,0,0,1,Low,0,0,0.016010521
6628,57,technician,married,primary,4442,no,no,cellular,jul,6,-1,0,unknown,no,0,0,0,Medium,0,0,0.12302448
6629,48,admin.,married,secondary,0,no,no,cellular,aug,4,-1,0,unknown,no,0,0,0,Negative,0,0,0.023656074
6630,53,admin.,single,secondary,2892,no,no,cellular,apr,3,-1,0,unknown,yes,1,0,0,Medium,1,0,0.46150377
6631,53,management,divorced,tertiary,243,yes,no,cellular,jul,2,-1,0,unknown,no,0,0,1,Low,0,0,0.07700593
6632,28,management,single,tertiary,0,yes,no,cellular,jul,5,-1,0,unknown,yes,1,0,1,Negative,1,0,0.1290411
6633,50,management,married,tertiary,5794,no,no,cellular,nov,1,-1,0,unknown,no,0,0,0,High,0,0,0.092643976
6634,53,housemaid,divorced,primary,947,yes,no,unknown,may,1,-1,0,unknown,no,0,0,1,Low,0,0,0.04784416
6635,48,blue-collar,divorced,secondary,-535,yes,no,cellular,feb,2,187,2,failure,no,0,1,1,Negative,0,0,0.017512215
6636,39,technician,married,secondary,52,no,no,cellular,aug,2,-1,0,unknown,no,0,0,0,Low,0,0,0.062619
6637,45,management,divorced,tertiary,24598,yes,no,unknown,may,3,-1,0,unknown,no,0,0,1,High,0,0,0.05195666
6638,32,management,married,tertiary,3651,yes,no,cellular,nov,3,-1,0,unknown,no,0,0,1,Medium,0,0,0.100693926
6639,71,retired,married,unknown,1741,no,no,cellular,aug,1,-1,0,unknown,no,0,0,0,Medium,0,0,0.41147286
6640,44,management,divorced,tertiary,-411,yes,no,unknown,jun,4,-1,0,unknown,yes,1,0,1,Negative,1,0,0.048936512
6641,28,admin.,single,secondary,260,yes,no,unknown,may,2,-1,0,unknown,no,0,0,1,Low,0,0,0.030556649
6642,51,technician,married,secondary,0,no,yes,cellular,jul,3,-1,0,unknown,no,0,0,1,Negative,0,0,0.037319656
6643,53,technician,divorced,secondary,392,yes,no,unknown,may,1,-1,0,unknown,no,0,0,1,Low,0,0,0.05314582
6644,34,services,single,primary,654,no,no,unknown,jun,14,-1,0,unknown,no,0,0,0,Low,0,0,0.012407929
6645,35,blue-collar,married,primary,0,yes,yes,cellular,feb,2,271,2,other,no,0,1,1,Negative,0,0,0.016285794
6646,54,services,married,secondary,386,yes,no,cellular,aug,2,-1,0,unknown,no,0,0,1,Low,0,0,0.046777736
6647,39,self-employed,married,secondary,454,yes,no,cellular,aug,8,-1,0,unknown,no,0,0,1,Low,0,0,0.028876709
6648,44,housemaid,married,primary,3706,no,no,unknown,jun,3,-1,0,unknown,no,0,0,0,Medium,0,0,0.018181609
6649,37,technician,married,secondary,729,no,no,cellular,aug,8,-1,0,unknown,no,0,0,0,Low,0,0,0.013794047
6650,55,technician,married,secondary,0,yes,yes,unknown,jun,1,-1,0,unknown,no,0,0,1,Negative,0,0,0.046970498
6651,34,technician,single,secondary,692,yes,no,unknown,may,1,-1,0,unknown,no,0,0,1,Low,0,0,0.05181507
6652,57,technician,married,secondary,573,yes,yes,cellular,may,2,-1,0,unknown,no,0,0,1,Low,0,0,0.05824858
6653,44,management,married,tertiary,13853,yes,no,cellular,nov,3,-1,0,unknown,no,0,0,1,High,0,0,0.028336676
6654,53,management,divorced,tertiary,0,yes,no,cellular,jul,3,-1,0,unknown,no,0,0,1,Negative,0,0,0.072121106
6655,39,blue-collar,single,tertiary,172,yes,no,cellular,feb,2,183,2,failure,yes,1,1,1,Low,1,0,0.11745865
6656,50,technician,married,secondary,315,no,no,cellular,aug,10,-1,0,unknown,no,0,0,0,Low,0,0,0.02657056
6657,29,management,single,tertiary,176,no,no,cellular,feb,2,-1,0,unknown,no,0,0,0,Low,0,0,0.22793257
6658,50,blue-collar,divorced,secondary,41,yes,no,unknown,may,1,-1,0,unknown,no,0,0,1,Low,0,0,0.017111804
6659,45,services,married,secondary,0,no,no,unknown,jun,6,-1,0,unknown,no,0,0,0,Negative,0,0,0.020196937
6660,26,admin.,single,secondary,140,yes,no,cellular,may,5,-1,0,unknown,no,0,0,1,Low,0,0,0.07897417
6661,54,blue-collar,married,secondary,682,yes,yes,unknown,may,1,-1,0,unknown,no,0,0,1,Low,0,0,0.026347762
6662,55,entrepreneur,married,tertiary,22,no,yes,cellular,jul,1,-1,0,unknown,no,0,0,1,Low,0,0,0.035443448
6663,42,technician,single,tertiary,135,no,no,cellular,aug,2,-1,0,unknown,no,0,0,0,Low,0,0,0.12103002
6664,31,services,single,secondary,658,no,no,cellular,may,1,-1,0,unknown,no,0,0,0,Low,0,0,0.23749214
6665,34,self-employed,married,tertiary,1545,yes,no,cellular,nov,1,183,2,failure,no,0,1,1,Medium,0,0,0.024815567
6666,40,blue-collar,married,secondary,750,yes,yes,cellular,apr,1,281,1,failure,no,0,1,1,Low,0,0,0.039621342
6667,47,technician,married,secondary,57,no,no,cellular,may,1,342,1,success,no,0,1,0,Low,0,0,0.28216675
6668,34,admin.,single,secondary,63,yes,no,cellular,apr,1,-1,0,unknown,yes,1,0,1,Low,1,0,0.095310874
6669,48,blue-collar,married,primary,762,yes,no,unknown,may,4,-1,0,unknown,no,0,0,1,Low,0,0,0.027313361
6670,36,management,married,secondary,873,yes,no,unknown,may,1,-1,0,unknown,no,0,0,1,Low,0,0,0.02890637
6671,29,management,married,tertiary,247,no,no,cellular,sep,2,587,3,failure,yes,1,1,0,Low,1,0,0.34550226
6672,45,housemaid,married,secondary,4068,no,no,cellular,aug,1,-1,0,unknown,yes,1,0,0,Medium,1,0,0.05786388
6673,39,admin.,divorced,tertiary,1087,no,yes,cellular,jul,2,-1,0,unknown,no,0,0,1,Medium,0,0,0.07841083
6674,44,blue-collar,single,secondary,184,yes,no,cellular,may,2,-1,0,unknown,no,0,0,1,Low,0,0,0.05807914
6675,32,admin.,married,tertiary,2831,yes,no,cellular,nov,2,-1,0,unknown,no,0,0,1,Medium,0,0,0.063563414
6676,36,technician,married,secondary,145,yes,yes,cellular,feb,2,-1,0,unknown,no,0,0,1,Low,0,0,0.043914106
6677,28,technician,married,secondary,916,yes,no,cellular,may,1,371,2,other,no,0,1,1,Low,0,0,0.11318252
6678,50,management,married,tertiary,2479,no,no,cellular,nov,1,-1,0,unknown,no,0,0,0,Medium,0,0,0.07668031
6679,83,retired,divorced,primary,46,no,no,cellular,mar,1,-1,0,unknown,yes,1,0,0,Low,1,1,0.55377066
6680,53,management,married,primary,1925,no,no,cellular,nov,1,-1,0,unknown,no,0,0,0,Medium,0,0,0.05379627
6681,35,admin.,married,secondary,1,yes,no,cellular,jul,1,-1,0,unknown,no,0,0,1,Low,0,0,0.04644537
6682,45,admin.,married,secondary,204,yes,no,cellular,jun,2,-1,0,unknown,yes,1,0,1,Low,1,0,0.4402061
6683,32,blue-collar,single,secondary,1143,yes,yes,cellular,jul,1,-1,0,unknown,no,0,0,1,Medium,0,0,0.11995255
6684,30,management,single,tertiary,368,yes,no,cellular,aug,2,-1,0,unknown,no,0,0,1,Low,0,0,0.07812446
6685,30,management,single,tertiary,1466,no,no,cellular,aug,4,-1,0,unknown,no,0,0,0,Medium,0,0,0.08164772
6686,32,admin.,married,secondary,739,yes,yes,unknown,may,3,-1,0,unknown,no,0,0,1,Low,0,0,0.04331313
6687,77,retired,divorced,secondary,0,no,no,cellular,sep,1,-1,0,unknown,yes,1,0,0,Negative,1,0,0.38726038
6688,31,services,single,tertiary,620,no,no,cellular,apr,1,87,1,failure,no,0,1,0,Low,0,1,0.5080861
6689,55,blue-collar,married,secondary,630,no,no,cellular,aug,2,-1,0,unknown,no,0,0,0,Low,0,0,0.046823587
6690,53,retired,divorced,tertiary,599,yes,no,unknown,may,3,-1,0,unknown,no,0,0,1,Low,0,0,0.05992075
6691,43,blue-collar,married,primary,361,yes,no,cellular,may,2,-1,0,unknown,no,0,0,1,Low,0,0,0.059822004
6692,32,management,single,secondary,1615,yes,no,cellular,nov,3,-1,0,unknown,no,0,0,1,Medium,0,0,0.093579024
6693,32,student,single,unknown,4110,no,no,cellular,feb,8,-1,0,unknown,no,0,0,0,Medium,0,0,0.06567784
6694,36,admin.,married,tertiary,0,yes,no,cellular,jul,1,-1,0,unknown,no,0,0,1,Negative,0,0,0.037028953
6695,35,management,married,tertiary,1041,no,no,cellular,nov,1,120,3,other,no,0,1,0,Medium,0,0,0.050854694
6696,40,admin.,married,tertiary,764,yes,no,unknown,nov,1,-1,0,unknown,yes,1,0,1,Low,1,0,0.019690488
6697,58,retired,divorced,secondary,1080,yes,no,cellular,jul,2,-1,0,unknown,yes,1,0,1,Medium,1,0,0.066197224
6698,51,management,married,tertiary,248,yes,yes,cellular,nov,2,126,3,failure,no,0,1,1,Low,0,0,0.015953042
6699,28,blue-collar,married,secondary,214,yes,yes,cellular,jul,3,-1,0,unknown,no,0,0,1,Low,0,0,0.07112114
6700,57,management,divorced,tertiary,909,yes,no,cellular,jul,2,-1,0,unknown,no,0,0,1,Low,0,0,0.070502356
6701,29,blue-collar,married,secondary,15,no,no,cellular,jun,1,-1,0,unknown,no,0,0,0,Low,0,0,0.2888191
6702,45,technician,married,tertiary,5110,no,no,cellular,apr,2,-1,0,unknown,yes,1,0,0,High,1,1,0.6573299
6703,52,self-employed,married,primary,-107,yes,yes,unknown,jun,2,-1,0,unknown,no,0,0,1,Negative,0,0,0.036632665
6704,31,technician,single,secondary,579,yes,yes,cellular,apr,3,322,15,other,no,0,1,1,Low,0,0,0.038430512
6705,30,technician,single,secondary,54,no,no,cellular,aug,2,-1,0,unknown,no,0,0,0,Low,0,0,0.07641539
6706,52,blue-collar,married,primary,0,yes,no,cellular,jul,28,-1,0,unknown,no,0,0,1,Negative,0,0,0.004126439
6707,57,self-employed,married,secondary,2109,no,no,cellular,aug,6,-1,0,unknown,no,0,0,0,Medium,0,0,0.045561623
6708,50,services,divorced,secondary,256,yes,no,unknown,may,2,-1,0,unknown,no,0,0,1,Low,0,0,0.03879748
6709,51,self-employed,married,tertiary,2007,no,no,unknown,jun,1,-1,0,unknown,no,0,0,0,Medium,0,0,0.034132
6710,55,technician,married,primary,202,no,yes,unknown,jun,1,-1,0,unknown,no,0,0,1,Low,0,0,0.04053715
6711,59,retired,married,secondary,1875,yes,no,unknown,may,1,-1,0,unknown,no,0,0,1,Medium,0,0,0.036054175
6712,45,services,married,secondary,0,no,yes,unknown,jun,2,-1,0,unknown,no,0,0,1,Negative,0,0,0.024801498
6713,21,student,single,secondary,164,no,no,cellular,feb,5,-1,0,unknown,no,0,0,0,Low,0,1,0.62824816
6714,31,management,single,secondary,2317,no,no,cellular,apr,2,-1,0,unknown,no,0,0,0,Medium,0,0,0.33708492
6715,48,technician,married,secondary,2111,no,no,cellular,apr,1,-1,0,unknown,no,0,0,0,Medium,0,0,0.36783642
6716,51,housemaid,divorced,secondary,330,no,no,telephone,nov,3,-1,0,unknown,no,0,0,0,Low,0,0,0.027531961
6717,32,management,single,tertiary,0,no,no,cellular,may,2,-1,0,unknown,no,0,0,0,Negative,0,0,0.117912464
6718,38,blue-collar,married,secondary,814,yes,no,cellular,feb,1,-1,0,unknown,no,0,0,1,Low,0,0,0.093211144
6719,34,blue-collar,single,secondary,4536,yes,no,cellular,nov,1,-1,0,unknown,yes,1,0,1,Medium,1,0,0.09621534
6720,36,services,single,secondary,-253,yes,no,cellular,apr,1,-1,0,unknown,yes,1,0,1,Negative,1,0,0.050334245
6721,27,management,single,secondary,116,yes,no,cellular,feb,2,-1,0,unknown,no,0,0,1,Low,0,0,0.07161204
6722,53,technician,married,tertiary,856,yes,no,cellular,feb,2,-1,0,unknown,no,0,0,1,Low,0,0,0.07896026
6723,38,self-employed,married,secondary,30,no,no,unknown,jun,1,-1,0,unknown,no,0,0,0,Low,0,0,0.028103368
6724,41,blue-collar,married,secondary,1394,yes,no,cellular,nov,1,-1,0,unknown,no,0,0,1,Medium,0,0,0.08254533
6725,44,blue-collar,married,primary,3433,yes,no,unknown,jun,8,-1,0,unknown,no,0,0,1,Medium,0,0,0.036094103
6726,38,management,married,secondary,341,no,no,cellular,may,3,346,2,failure,no,0,1,0,Low,0,0,0.16483231
6727,29,admin.,divorced,secondary,2,no,yes,cellular,jan,1,-1,0,unknown,no,0,0,1,Low,0,0,0.031528328
6728,32,admin.,married,secondary,193,yes,no,unknown,may,4,-1,0,unknown,no,0,0,1,Low,0,0,0.03023509
6729,24,student,single,primary,474,no,no,cellular,aug,1,104,1,success,no,0,1,0,Low,0,1,0.52002054
6730,49,management,divorced,tertiary,300,no,no,cellular,jul,1,-1,0,unknown,yes,1,0,0,Low,1,0,0.16168611
6731,35,admin.,married,secondary,1286,yes,no,cellular,may,3,337,1,other,yes,1,1,1,Medium,1,0,0.06617365
6732,28,blue-collar,married,secondary,-95,yes,no,unknown,may,1,-1,0,unknown,no,0,0,1,Negative,0,0,0.01729832
6733,52,services,divorced,secondary,-57,no,no,cellular,feb,1,-1,0,unknown,no,0,0,0,Negative,0,0,0.0940988
6734,43,management,married,tertiary,2640,no,no,cellular,nov,4,-1,0,unknown,yes,1,0,0,Medium,1,0,0.13381904
6735,58,management,divorced,unknown,3498,no,no,cellular,nov,1,-1,0,unknown,no,0,0,0,Medium,0,0,0.14012718
6736,34,admin.,married,secondary,1158,yes,no,cellular,may,7,-1,0,unknown,no,0,0,1,Medium,0,0,0.03086698
6737,44,blue-collar,married,secondary,841,no,no,cellular,jul,4,-1,0,unknown,no,0,0,0,Low,0,0,0.0998061
6738,40,technician,married,secondary,4,no,no,cellular,aug,3,-1,0,unknown,no,0,0,0,Low,0,0,0.03580718
6739,32,management,single,tertiary,1434,no,no,cellular,aug,3,-1,0,unknown,no,0,0,0,Medium,0,0,0.08064902
6740,51,management,married,tertiary,248,yes,yes,cellular,jul,3,-1,0,unknown,no,0,0,1,Low,0,0,0.0502429
6741,34,technician,married,secondary,652,yes,yes,cellular,jul,4,-1,0,unknown,no,0,0,1,Low,0,0,0.07749161
6742,31,admin.,single,secondary,1201,no,no,cellular,feb,5,-1,0,unknown,no,0,0,0,Medium,0,0,0.14028348
6743,34,admin.,married,tertiary,434,no,no,cellular,jul,3,-1,0,unknown,no,0,0,0,Low,0,0,0.09852076
6744,44,admin.,divorced,secondary,66,yes,no,unknown,may,1,-1,0,unknown,no,0,0,1,Low,0,0,0.03489703
6745,44,admin.,married,secondary,1074,yes,no,cellular,jul,2,-1,0,unknown,yes,1,0,1,Medium,1,0,0.05830514
6746,56,services,married,primary,444,yes,no,unknown,jun,1,-1,0,unknown,no,0,0,1,Low,0,0,0.013738954
6747,46,blue-collar,married,secondary,3696,yes,no,unknown,jun,2,-1,0,unknown,no,0,0,1,Medium,0,0,0.043690097
6748,54,services,divorced,primary,234,yes,no,unknown,may,3,-1,0,unknown,no,0,0,1,Low,0,0,0.029920258
6749,36,blue-collar,single,secondary,767,no,no,cellular,feb,1,-1,0,unknown,no,0,0,0,Low,0,0,0.16072874
6750,41,entrepreneur,married,primary,0,no,no,unknown,jun,2,-1,0,unknown,no,0,0,0,Negative,0,0,0.028483188
6751,29,blue-collar,married,secondary,1052,yes,no,cellular,may,1,-1,0,unknown,no,0,0,1,Medium,0,0,0.09707234
6752,34,management,married,tertiary,520,yes,no,cellular,aug,4,-1,0,unknown,yes,1,0,1,Low,1,0,0.094417
6753,45,technician,single,secondary,21,yes,no,cellular,aug,3,-1,0,unknown,no,0,0,1,Low,0,0,0.036542125
6754,35,services,married,secondary,1453,yes,no,unknown,may,1,-1,0,unknown,no,0,0,1,Medium,0,0,0.023570403
6755,30,technician,married,primary,95,yes,no,cellular,may,2,298,1,failure,no,0,1,1,Low,0,0,0.03478093
6756,35,technician,single,tertiary,364,no,yes,cellular,jul,3,-1,0,unknown,no,0,0,1,Low,0,0,0.08724389
6757,41,blue-collar,single,secondary,277,yes,no,unknown,may,4,-1,0,unknown,no,0,0,1,Low,0,0,0.03371912
6758,46,blue-collar,single,secondary,152,yes,no,unknown,may,4,-1,0,unknown,no,0,0,1,Low,0,0,0.029332576
6759,33,blue-collar,married,secondary,89,yes,no,cellular,jul,2,-1,0,unknown,yes,1,0,1,Low,1,0,0.052510086
6760,55,self-employed,married,secondary,2408,no,no,telephone,apr,2,140,1,failure,no,0,1,0,Medium,0,0,0.15641358
6761,30,blue-collar,married,primary,243,no,yes,cellular,feb,2,213,2,failure,no,0,1,1,Low,0,0,0.02547093
6762,37,technician,married,secondary,827,yes,yes,cellular,aug,16,-1,0,unknown,no,0,0,1,Low,0,0,0.010943984
6763,57,retired,married,tertiary,138,no,no,unknown,may,5,-1,0,unknown,no,0,0,0,Low,0,0,0.013457116
6764,45,blue-collar,married,secondary,2246,yes,yes,cellular,nov,2,99,2,other,no,0,1,1,Medium,0,0,0.04081565
6765,48,technician,married,secondary,42,yes,yes,cellular,nov,1,-1,0,unknown,no,0,0,1,Low,0,0,0.025139816
6766,45,technician,single,secondary,113,yes,yes,cellular,aug,2,-1,0,unknown,no,0,0,1,Low,0,0,0.08482359
6767,59,retired,married,unknown,1033,no,no,unknown,jun,1,-1,0,unknown,yes,1,0,0,Medium,1,0,0.036884937
6768,30,services,married,secondary,0,yes,no,cellular,nov,4,-1,0,unknown,yes,1,0,1,Negative,1,0,0.03336245
6769,52,housemaid,divorced,secondary,131,yes,yes,cellular,may,1,-1,0,unknown,no,0,0,1,Low,0,0,0.07812429
6770,40,blue-collar,single,primary,1055,no,no,unknown,jun,2,-1,0,unknown,no,0,0,0,Medium,0,0,0.08083772
6771,54,admin.,married,secondary,0,no,no,cellular,oct,2,-1,0,unknown,no,0,0,0,Negative,0,0,0.1881804
6772,33,technician,divorced,secondary,801,no,no,cellular,aug,5,-1,0,unknown,yes,1,0,0,Low,1,0,0.052561622
6773,37,services,married,secondary,1960,yes,yes,cellular,oct,5,-1,0,unknown,no,0,0,1,Medium,0,0,0.148955
6774,34,technician,married,tertiary,555,yes,no,cellular,aug,18,-1,0,unknown,no,0,0,1,Low,0,0,0.13993214
6775,37,blue-collar,married,secondary,408,yes,no,telephone,feb,9,-1,0,unknown,no,0,0,1,Low,0,0,0.028259166
6776,36,blue-collar,married,secondary,604,yes,no,unknown,may,1,-1,0,unknown,no,0,0,1,Low,0,0,0.038079143
6777,31,management,single,tertiary,533,no,no,cellular,feb,1,91,9,success,yes,1,1,0,Low,1,1,0.9226448
6778,46,self-employed,married,secondary,0,no,no,unknown,may,1,-1,0,unknown,no,0,0,0,Negative,0,0,0.011163779
6779,59,retired,married,secondary,9976,yes,no,unknown,may,2,-1,0,unknown,no,0,0,1,High,0,0,0.036821965
6780,29,technician,single,secondary,-522,yes,yes,cellular,jul,6,-1,0,unknown,no,0,0,1,Negative,0,0,0.0449348
6781,33,blue-collar,married,secondary,705,yes,no,cellular,may,2,-1,0,unknown,no,0,0,1,Low,0,0,0.19239192
6782,39,technician,single,secondary,391,no,yes,cellular,jul,4,-1,0,unknown,yes,1,0,1,Low,1,0,0.07273528
6783,58,management,married,tertiary,-565,yes,yes,cellular,nov,2,-1,0,unknown,no,0,0,1,Negative,0,0,0.058957826
6784,52,housemaid,married,primary,0,no,no,unknown,jun,3,-1,0,unknown,no,0,0,0,Negative,0,0,0.012635261
6785,59,unemployed,married,secondary,1047,no,no,cellular,aug,1,184,3,success,yes,1,1,0,Medium,1,1,0.9597314
6786,33,technician,married,tertiary,35,no,no,cellular,aug,4,-1,0,unknown,no,0,0,0,Low,0,0,0.08215747
6787,38,blue-collar,married,secondary,4321,no,no,cellular,may,1,85,6,failure,no,0,1,0,Medium,0,0,0.21251442
6788,37,technician,married,secondary,1016,yes,yes,cellular,nov,3,8,1,failure,no,0,1,1,Medium,0,0,0.10378703
6789,56,services,married,primary,444,yes,no,cellular,nov,1,166,1,failure,no,0,1,1,Low,0,0,0.0091448575
6790,51,unemployed,married,secondary,1760,no,yes,cellular,nov,1,-1,0,unknown,no,0,0,1,Medium,0,0,0.047231127
6791,35,technician,married,secondary,4508,yes,no,cellular,nov,1,-1,0,unknown,yes,1,0,1,Medium,1,0,0.08291906
6792,32,blue-collar,married,primary,1076,yes,no,unknown,may,1,-1,0,unknown,no,0,0,1,Medium,0,0,0.025737073
6793,44,services,divorced,secondary,-574,yes,no,unknown,jun,2,-1,0,unknown,no,0,0,1,Negative,0,0,0.11806927
6794,34,technician,married,tertiary,23,no,no,cellular,aug,6,-1,0,unknown,no,0,0,0,Low,0,0,0.03638942
6795,51,admin.,married,secondary,176,no,no,cellular,jan,1,183,2,failure,no,0,1,0,Low,0,0,0.022294343
6796,35,management,married,tertiary,244,yes,no,cellular,may,2,173,1,failure,no,0,1,1,Low,0,0,0.022963202
6797,42,entrepreneur,single,primary,103,yes,no,unknown,may,5,-1,0,unknown,no,0,0,1,Low,0,0,0.02363827
6798,44,services,single,secondary,5045,yes,no,cellular,nov,6,175,15,other,no,0,1,1,High,0,0,0.021735316
6799,35,blue-collar,married,secondary,274,yes,no,unknown,may,1,-1,0,unknown,no,0,0,1,Low,0,0,0.038831208
6800,55,self-employed,divorced,secondary,148,no,no,unknown,jun,3,-1,0,unknown,no,0,0,0,Low,0,0,0.039636586
6801,35,entrepreneur,single,tertiary,-68,yes,yes,unknown,may,4,-1,0,unknown,no,0,0,1,Negative,0,0,0.07106693
6802,33,technician,single,tertiary,258,no,no,cellular,mar,4,-1,0,unknown,yes,1,0,0,Low,1,1,0.6877913
6803,44,entrepreneur,married,secondary,-165,yes,yes,unknown,jun,2,-1,0,unknown,no,0,0,1,Negative,0,0,0.013046258
6804,50,blue-collar,married,secondary,907,no,yes,cellular,jul,1,-1,0,unknown,no,0,0,1,Low,0,0,0.057929937
6805,36,entrepreneur,married,secondary,227,no,no,cellular,nov,2,-1,0,unknown,no,0,0,0,Low,0,0,0.0491086
6806,38,blue-collar,married,secondary,451,no,no,cellular,jan,1,-1,0,unknown,no,0,0,0,Low,0,0,0.050899584
6807,43,retired,married,primary,222,no,no,cellular,jul,2,-1,0,unknown,no,0,0,0,Low,0,0,0.041617107
6808,36,services,married,tertiary,0,yes,no,cellular,may,1,-1,0,unknown,no,0,0,1,Negative,0,0,0.06421009
6809,36,management,single,tertiary,953,yes,no,cellular,apr,1,346,1,other,no,0,1,1,Low,0,0,0.092587374
6810,45,services,married,secondary,-158,yes,no,telephone,jul,1,-1,0,unknown,no,0,0,1,Negative,0,0,0.009626953
6811,30,blue-collar,married,primary,837,yes,no,cellular,apr,2,-1,0,unknown,no,0,0,1,Low,0,0,0.090067476
6812,36,technician,divorced,tertiary,1381,no,no,cellular,mar,1,-1,0,unknown,no,0,0,0,Medium,0,1,0.64544016
6813,35,technician,married,secondary,1368,no,no,cellular,aug,2,78,3,success,no,0,1,0,Medium,0,1,0.5514935
6814,39,management,married,secondary,1007,yes,no,cellular,nov,1,-1,0,unknown,no,0,0,1,Medium,0,0,0.04793498
6815,41,management,married,tertiary,3353,no,no,cellular,aug,2,-1,0,unknown,no,0,0,0,Medium,0,0,0.09033394
6816,44,management,married,tertiary,1242,yes,no,cellular,aug,6,-1,0,unknown,no,0,0,1,Medium,0,0,0.12115361
6817,45,blue-collar,married,primary,114,yes,no,cellular,jul,4,-1,0,unknown,no,0,0,1,Low,0,0,0.027064806
6818,53,blue-collar,married,secondary,248,yes,no,telephone,may,2,-1,0,unknown,no,0,0,1,Low,0,0,0.027236236
6819,28,blue-collar,married,secondary,-26,no,yes,cellular,jan,1,-1,0,unknown,no,0,0,1,Negative,0,0,0.063631885
6820,33,blue-collar,married,secondary,1101,yes,no,cellular,apr,2,-1,0,unknown,no,0,0,1,Medium,0,0,0.13407691
6821,53,technician,married,secondary,112,no,no,telephone,may,4,-1,0,unknown,no,0,0,0,Low,0,0,0.04728244
6822,32,services,divorced,secondary,5267,yes,no,cellular,nov,1,168,2,failure,no,0,1,1,High,0,0,0.05091639
6823,27,technician,single,secondary,2293,yes,no,cellular,may,3,364,1,other,no,0,1,1,Medium,0,0,0.10701818
6824,55,management,married,secondary,964,no,no,cellular,feb,3,-1,0,unknown,no,0,0,0,Low,0,0,0.1152058
6825,48,management,single,tertiary,5904,yes,no,cellular,aug,2,-1,0,unknown,no,0,0,1,High,0,0,0.12804104
6826,49,services,married,secondary,29,yes,no,cellular,apr,1,-1,0,unknown,no,0,0,1,Low,0,0,0.03853446
6827,43,entrepreneur,married,secondary,3862,yes,no,unknown,jun,1,-1,0,unknown,no,0,0,1,Medium,0,0,0.014567108
6828,71,retired,married,primary,3230,no,no,cellular,may,2,133,3,failure,yes,1,1,0,Medium,1,1,0.50205714
6829,31,technician,single,secondary,200,no,no,cellular,aug,2,-1,0,unknown,no,0,0,0,Low,0,0,0.1519455
6830,55,management,married,tertiary,13578,no,no,cellular,oct,2,-1,0,unknown,no,0,0,0,High,0,0,0.27543542
6831,44,technician,married,secondary,5597,no,no,unknown,jun,3,-1,0,unknown,no,0,0,0,High,0,0,0.044161014
6832,34,management,single,tertiary,454,no,no,cellular,aug,3,-1,0,unknown,no,0,0,0,Low,0,0,0.11164944
6833,35,services,married,secondary,501,yes,yes,cellular,jul,8,-1,0,unknown,no,0,0,1,Low,0,0,0.08295346
6834,48,blue-collar,married,primary,-83,no,no,cellular,aug,3,-1,0,unknown,no,0,0,0,Negative,0,0,0.016938616
6835,37,management,married,tertiary,59,yes,yes,telephone,feb,1,213,1,failure,no,0,1,1,Low,0,0,0.021435989
6836,55,technician,married,secondary,0,yes,yes,cellular,mar,1,-1,0,unknown,yes,1,0,1,Negative,1,1,0.6131697
6837,34,technician,single,secondary,103,yes,yes,cellular,jul,1,-1,0,unknown,no,0,0,1,Low,0,0,0.07092779
6838,28,student,single,tertiary,385,yes,no,telephone,may,5,-1,0,unknown,no,0,0,1,Low,0,0,0.0858125
6839,32,technician,single,unknown,317,yes,no,cellular,jan,2,253,2,failure,no,0,1,1,Low,0,0,0.004104287
6840,42,blue-collar,married,primary,208,yes,no,cellular,apr,1,-1,0,unknown,no,0,0,1,Low,0,0,0.06371839
6841,36,technician,single,tertiary,1324,no,no,cellular,aug,2,-1,0,unknown,no,0,0,0,Medium,0,0,0.07367585
6842,36,blue-collar,married,secondary,-461,no,no,cellular,may,2,353,1,failure,no,0,1,0,Negative,0,0,0.003831668
6843,34,management,married,tertiary,5334,no,no,cellular,aug,4,-1,0,unknown,no,0,0,0,High,0,0,0.1282955
6844,55,management,married,secondary,0,yes,no,unknown,may,2,-1,0,unknown,no,0,0,1,Negative,0,0,0.012935715
6845,60,retired,married,secondary,5632,yes,no,cellular,jul,7,-1,0,unknown,no,0,0,1,High,0,0,0.09214915
6846,53,technician,divorced,secondary,751,yes,no,unknown,may,4,-1,0,unknown,no,0,0,1,Low,0,0,0.025565874
6847,31,management,married,tertiary,6980,no,no,cellular,aug,2,-1,0,unknown,no,0,0,0,High,0,0,0.070089586
6848,54,management,divorced,tertiary,2037,no,no,cellular,feb,1,-1,0,unknown,no,0,0,0,Medium,0,0,0.13217394
6849,35,blue-collar,married,secondary,625,no,no,cellular,may,1,-1,0,unknown,no,0,0,0,Low,0,0,0.23695204
6850,49,technician,single,secondary,1245,no,no,cellular,apr,2,198,2,failure,no,0,1,0,Medium,0,0,0.21973328
6851,25,admin.,single,tertiary,11,no,yes,cellular,aug,3,-1,0,unknown,no,0,0,1,Low,0,0,0.069378965
6852,40,management,married,tertiary,655,yes,no,unknown,may,1,-1,0,unknown,no,0,0,1,Low,0,0,0.018274391
6853,33,housemaid,married,primary,212,yes,no,cellular,jul,2,-1,0,unknown,no,0,0,1,Low,0,0,0.019425657
6854,30,management,married,tertiary,151,no,no,cellular,aug,1,-1,0,unknown,no,0,0,0,Low,0,0,0.12059559
6855,43,self-employed,married,tertiary,819,no,no,unknown,jun,4,-1,0,unknown,no,0,0,0,Low,0,0,0.09248947
6856,57,retired,single,secondary,5305,no,no,unknown,jun,1,-1,0,unknown,no,0,0,0,High,0,0,0.07425531
6857,45,technician,married,secondary,1477,yes,no,cellular,jul,1,-1,0,unknown,no,0,0,1,Medium,0,0,0.07025398
6858,34,technician,divorced,secondary,558,no,no,cellular,nov,2,-1,0,unknown,no,0,0,0,Low,0,0,0.09805474
6859,37,technician,divorced,tertiary,1174,yes,no,cellular,apr,1,140,2,failure,no,0,1,1,Medium,0,0,0.04269345
6860,28,admin.,married,secondary,-97,yes,no,cellular,may,1,-1,0,unknown,no,0,0,1,Negative,0,0,0.04034721
6861,32,management,divorced,secondary,-107,yes,no,unknown,jun,2,-1,0,unknown,no,0,0,1,Negative,0,0,0.020962568
6862,67,retired,married,tertiary,3810,no,no,cellular,oct,1,-1,0,unknown,no,0,0,0,Medium,0,0,0.47370645
6863,39,management,married,tertiary,151,yes,no,unknown,may,1,-1,0,unknown,no,0,0,1,Low,0,0,0.049970184
6864,46,services,married,secondary,4,no,no,cellular,apr,1,261,5,other,yes,1,1,0,Low,1,0,0.43033272
6865,28,blue-collar,married,secondary,2322,no,no,cellular,jul,4,-1,0,unknown,no,0,0,0,Medium,0,0,0.10495088
6866,43,admin.,married,secondary,71,no,no,unknown,may,5,-1,0,unknown,no,0,0,0,Low,0,0,0.017765598
6867,26,unemployed,single,tertiary,3511,no,no,cellular,apr,2,-1,0,unknown,yes,1,0,0,Medium,1,1,0.55681413
6868,37,admin.,married,secondary,0,yes,no,cellular,may,1,-1,0,unknown,no,0,0,1,Negative,0,0,0.07432075
6869,45,admin.,married,unknown,323,no,no,telephone,feb,4,7,6,other,no,0,1,0,Low,0,0,0.042597838
6870,33,blue-collar,married,primary,0,no,no,cellular,jul,2,-1,0,unknown,no,0,0,0,Negative,0,0,0.028702559
6871,47,blue-collar,single,secondary,263,yes,yes,cellular,jan,2,255,1,other,no,0,1,1,Low,0,0,0.011084364
6872,38,self-employed,divorced,secondary,0,yes,no,cellular,apr,1,-1,0,unknown,no,0,0,1,Negative,0,0,0.17773627
6873,32,unemployed,married,tertiary,7,yes,no,cellular,jul,3,-1,0,unknown,no,0,0,1,Low,0,0,0.09629043
6874,44,management,married,secondary,597,yes,no,cellular,aug,2,-1,0,unknown,no,0,0,1,Low,0,0,0.06265239
6875,43,services,married,secondary,384,yes,yes,unknown,may,3,-1,0,unknown,no,0,0,1,Low,0,0,0.026834885
6876,37,services,married,secondary,-349,yes,no,unknown,may,5,-1,0,unknown,no,0,0,1,Negative,0,0,0.0028458175
6877,45,admin.,married,secondary,1435,yes,no,cellular,aug,1,103,1,failure,no,0,1,1,Medium,0,0,0.04901984
6878,20,admin.,single,secondary,66,yes,no,unknown,jun,2,-1,0,unknown,no,0,0,1,Low,0,0,0.07993541
6879,32,blue-collar,single,secondary,53,yes,no,cellular,may,1,169,2,failure,no,0,1,1,Low,0,0,0.051561866
6880,31,blue-collar,married,primary,224,yes,no,unknown,jun,19,-1,0,unknown,no,0,0,1,Low,0,0,0.0032099767
6881,38,management,married,tertiary,2724,yes,no,unknown,may,4,-1,0,unknown,no,0,0,1,Medium,0,0,0.0464885
6882,49,blue-collar,married,tertiary,1769,yes,no,cellular,may,2,-1,0,unknown,no,0,0,1,Medium,0,0,0.102767944
6883,56,retired,married,tertiary,281,no,no,cellular,may,1,83,2,success,no,0,1,0,Low,0,1,0.71479195
6884,58,entrepreneur,married,secondary,0,no,yes,cellular,nov,2,-1,0,unknown,no,0,0,1,Negative,0,0,0.021658434
6885,26,technician,single,secondary,-213,no,yes,cellular,jul,5,-1,0,unknown,no,0,0,1,Negative,0,0,0.23241277
6886,39,management,married,tertiary,1738,yes,no,cellular,may,1,358,1,other,yes,1,1,1,Medium,1,0,0.06988085
6887,35,technician,married,secondary,1364,yes,yes,cellular,apr,2,-1,0,unknown,no,0,0,1,Medium,0,0,0.059490796
6888,34,blue-collar,single,secondary,783,yes,no,cellular,feb,1,-1,0,unknown,no,0,0,1,Low,0,0,0.1486375
6889,27,services,single,secondary,453,no,no,cellular,apr,2,-1,0,unknown,yes,1,0,0,Low,1,0,0.29580107
6890,48,housemaid,single,primary,46,no,no,cellular,aug,2,180,1,failure,yes,1,1,0,Low,1,0,0.2648656
6891,28,housemaid,married,primary,5,no,no,cellular,jan,1,-1,0,unknown,no,0,0,0,Low,0,0,0.028178329
6892,49,management,married,tertiary,22520,no,no,cellular,nov,9,-1,0,unknown,yes,1,0,0,High,1,0,0.037089013
6893,40,management,married,tertiary,226,yes,no,cellular,may,2,-1,0,unknown,no,0,0,1,Low,0,0,0.05944776
6894,28,student,single,unknown,78,no,no,cellular,dec,3,310,2,failure,yes,1,1,0,Low,1,1,0.54474515
6895,31,services,divorced,secondary,-274,yes,no,unknown,may,1,-1,0,unknown,no,0,0,1,Negative,0,0,0.032612197
6896,37,blue-collar,single,secondary,690,yes,no,cellular,nov,1,179,2,failure,no,0,1,1,Low,0,0,0.04683742
6897,37,technician,married,secondary,952,yes,no,cellular,apr,1,-1,0,unknown,no,0,0,1,Low,0,0,0.08497444
6898,33,services,married,secondary,56,yes,no,telephone,may,9,-1,0,unknown,no,0,0,1,Low,0,0,0.019292234
6899,43,blue-collar,divorced,primary,75,yes,no,cellular,jul,1,-1,0,unknown,no,0,0,1,Low,0,0,0.08666656
6900,38,technician,single,secondary,3278,no,no,cellular,aug,14,-1,0,unknown,yes,1,0,0,Medium,1,0,0.03065134
6901,56,blue-collar,married,unknown,260,yes,no,telephone,jul,2,-1,0,unknown,no,0,0,1,Low,0,0,0.035491988
6902,34,management,married,tertiary,520,yes,no,cellular,apr,1,248,4,success,no,0,1,1,Low,0,0,0.2372194
6903,52,technician,divorced,secondary,106,no,no,cellular,aug,4,-1,0,unknown,no,0,0,0,Low,0,0,0.049107313
6904,27,blue-collar,single,secondary,0,yes,no,unknown,may,4,-1,0,unknown,no,0,0,1,Negative,0,0,0.017551376
6905,30,technician,married,secondary,173,yes,no,unknown,jun,3,-1,0,unknown,no,0,0,1,Low,0,0,0.038761985
6906,43,self-employed,divorced,primary,0,no,no,cellular,jul,6,-1,0,unknown,no,0,0,0,Negative,0,0,0.26746604
6907,47,technician,married,secondary,-545,yes,yes,unknown,may,5,-1,0,unknown,no,0,0,1,Negative,0,0,0.0038957924
6908,38,technician,single,secondary,103,yes,no,cellular,feb,1,187,3,failure,no,0,1,1,Low,0,0,0.026934229
6909,38,blue-collar,single,unknown,495,yes,no,unknown,may,1,-1,0,unknown,no,0,0,1,Low,0,0,0.03655499
6910,35,blue-collar,single,primary,1772,no,no,unknown,jun,7,-1,0,unknown,no,0,0,0,Medium,0,0,0.050868116
6911,50,blue-collar,married,secondary,289,no,no,unknown,jun,1,-1,0,unknown,no,0,0,0,Low,0,0,0.029858213
6912,59,blue-collar,married,secondary,-1336,no,yes,cellular,jul,2,-1,0,unknown,no,0,0,1,Negative,0,0,0.03726708
6913,36,management,married,tertiary,0,no,no,unknown,jun,3,-1,0,unknown,no,0,0,0,Negative,0,0,0.0278465
6914,43,services,single,secondary,-63,yes,no,cellular,may,3,374,1,other,no,0,1,1,Negative,0,0,0.25240925
6915,39,technician,single,tertiary,393,no,no,cellular,mar,1,-1,0,unknown,yes,1,0,0,Low,1,1,0.6040851
6916,38,blue-collar,married,secondary,0,yes,no,unknown,jun,1,-1,0,unknown,no,0,0,1,Negative,0,0,0.035777897
6917,36,blue-collar,divorced,secondary,638,yes,no,unknown,jun,2,-1,0,unknown,yes,1,0,1,Low,1,0,0.10925045
6918,43,technician,divorced,secondary,305,yes,no,cellular,may,2,250,4,failure,no,0,1,1,Low,0,0,0.07809636
6919,34,blue-collar,married,secondary,156,yes,no,cellular,jul,3,-1,0,unknown,no,0,0,1,Low,0,0,0.04427642
6920,58,blue-collar,married,secondary,556,no,yes,telephone,jul,4,-1,0,unknown,no,0,0,1,Low,0,0,0.017152222
6921,54,management,married,tertiary,12,no,no,telephone,jul,4,-1,0,unknown,no,0,0,0,Low,0,0,0.020034648
6922,31,management,single,tertiary,9874,yes,no,unknown,may,5,-1,0,unknown,no,0,0,1,High,0,0,0.041179802
6923,45,admin.,married,secondary,985,yes,no,telephone,feb,1,267,1,failure,no,0,1,1,Low,0,0,0.036631063
6924,51,blue-collar,married,primary,63,yes,yes,cellular,jul,4,-1,0,unknown,no,0,0,1,Low,0,0,0.043431096
6925,43,technician,divorced,tertiary,27,no,no,cellular,jul,4,-1,0,unknown,no,0,0,0,Low,0,0,0.1014354
6926,36,technician,divorced,tertiary,1023,yes,no,cellular,jul,4,-1,0,unknown,no,0,0,1,Medium,0,0,0.07772641
6927,55,blue-collar,married,secondary,212,yes,no,unknown,may,2,-1,0,unknown,no,0,0,1,Low,0,0,0.01869775
6928,49,blue-collar,married,secondary,4259,no,no,cellular,nov,3,111,7,failure,no,0,1,0,Medium,0,0,0.0055278437
6929,60,retired,married,tertiary,1224,yes,no,unknown,may,1,-1,0,unknown,no,0,0,1,Medium,0,0,0.040892012
6930,51,blue-collar,married,primary,129,yes,no,cellular,may,2,-1,0,unknown,yes,1,0,1,Low,1,0,0.050954293
6931,33,technician,married,secondary,183,no,no,cellular,jul,2,182,3,other,yes,1,1,0,Low,1,1,0.8144157
6932,30,blue-collar,single,primary,5641,no,no,cellular,nov,3,-1,0,unknown,no,0,0,0,High,0,0,0.18253858
6933,38,blue-collar,married,unknown,0,no,no,cellular,jul,1,-1,0,unknown,no,0,0,0,Negative,0,0,0.050106905
6934,36,technician,married,secondary,494,yes,no,unknown,may,3,-1,0,unknown,no,0,0,1,Low,0,0,0.021758627
6935,31,technician,married,tertiary,1385,no,no,cellular,aug,8,-1,0,unknown,no,0,0,0,Medium,0,0,0.09498503
6936,34,blue-collar,single,primary,2299,no,no,cellular,nov,2,-1,0,unknown,no,0,0,0,Medium,0,0,0.06277685
6937,53,blue-collar,married,primary,600,yes,no,unknown,may,1,-1,0,unknown,no,0,0,1,Low,0,0,0.031751387
6938,54,technician,divorced,secondary,221,no,no,cellular,aug,2,-1,0,unknown,no,0,0,0,Low,0,0,0.06742822
6939,35,entrepreneur,married,secondary,2074,yes,no,unknown,jun,7,-1,0,unknown,no,0,0,1,Medium,0,0,0.03531218
6940,52,management,divorced,tertiary,427,no,yes,telephone,nov,3,-1,0,unknown,no,0,0,1,Low,0,0,0.02027101
6941,23,technician,single,secondary,1587,yes,yes,cellular,may,2,-1,0,unknown,no,0,0,1,Medium,0,0,0.087519236
6942,39,blue-collar,married,primary,774,yes,no,unknown,may,1,-1,0,unknown,no,0,0,1,Low,0,0,0.025432508
6943,25,management,single,tertiary,289,no,no,cellular,jun,1,-1,0,unknown,no,0,0,0,Low,0,1,0.5649307
6944,36,management,single,tertiary,1013,yes,no,cellular,jul,1,-1,0,unknown,no,0,0,1,Medium,0,0,0.09573761
6945,55,admin.,married,secondary,0,no,no,cellular,aug,2,-1,0,unknown,no,0,0,0,Negative,0,0,0.015890084
6946,31,technician,single,unknown,187,no,no,cellular,jul,1,-1,0,unknown,no,0,0,0,Low,0,0,0.16826738
6947,44,management,married,primary,107,no,no,unknown,jun,3,-1,0,unknown,no,0,0,0,Low,0,0,0.022556718
6948,40,technician,single,secondary,556,yes,no,cellular,apr,1,323,1,failure,no,0,1,1,Low,0,0,0.035359256
6949,48,technician,married,secondary,101,yes,no,cellular,jan,2,192,3,failure,no,0,1,1,Low,0,0,0.0025507607
6950,48,unemployed,married,secondary,1218,no,no,cellular,aug,1,-1,0,unknown,no,0,0,0,Medium,0,0,0.23586358
6951,36,blue-collar,married,primary,0,no,no,telephone,jul,1,-1,0,unknown,no,0,0,0,Negative,0,0,0.038754553
6952,29,admin.,single,tertiary,2904,yes,no,unknown,may,1,-1,0,unknown,no,0,0,1,Medium,0,0,0.07121864
6953,49,blue-collar,divorced,primary,912,no,no,unknown,jun,2,-1,0,unknown,no,0,0,0,Low,0,0,0.057289094
6954,41,housemaid,married,primary,322,no,no,cellular,may,1,324,2,failure,no,0,1,0,Low,0,0,0.043722637
6955,46,blue-collar,married,secondary,125,yes,yes,unknown,may,2,-1,0,unknown,no,0,0,1,Low,0,0,0.020653617
6956,60,admin.,married,secondary,504,no,no,unknown,jun,4,-1,0,unknown,no,0,0,0,Low,0,0,0.026129464
6957,57,retired,married,secondary,2020,no,no,unknown,jun,4,-1,0,unknown,no,0,0,0,Medium,0,0,0.024897525
6958,30,blue-collar,married,secondary,-18,no,no,unknown,jun,2,-1,0,unknown,no,0,0,0,Negative,0,0,0.029103354
6959,36,admin.,single,secondary,319,yes,no,cellular,may,2,-1,0,unknown,no,0,0,1,Low,0,0,0.109702535
6960,43,technician,married,tertiary,2331,yes,no,unknown,may,4,-1,0,unknown,no,0,0,1,Medium,0,0,0.019299584
6961,33,technician,single,secondary,781,yes,no,cellular,jun,1,27,1,failure,no,0,1,1,Low,0,0,0.16608362
6962,47,blue-collar,married,secondary,265,yes,no,cellular,may,2,368,1,failure,no,0,1,1,Low,0,0,0.0221006
6963,59,retired,married,secondary,5678,yes,no,unknown,may,2,-1,0,unknown,no,0,0,1,High,0,0,0.03762842
6964,43,technician,married,secondary,186,yes,no,cellular,nov,1,-1,0,unknown,no,0,0,1,Low,0,0,0.035318717
6965,38,admin.,single,secondary,2329,yes,no,cellular,jan,1,-1,0,unknown,no,0,0,1,Medium,0,0,0.05908333
6966,30,admin.,single,tertiary,0,yes,no,cellular,feb,2,-1,0,unknown,yes,1,0,1,Negative,1,0,0.09933628
6967,36,technician,married,secondary,197,yes,no,cellular,may,2,-1,0,unknown,no,0,0,1,Low,0,0,0.049216386
6968,46,services,married,primary,437,yes,no,cellular,may,3,-1,0,unknown,yes,1,0,1,Low,1,0,0.05386314
6969,52,services,married,secondary,393,yes,yes,cellular,jan,1,182,8,failure,no,0,1,1,Low,0,0,0.027536508
6970,36,management,married,tertiary,1434,no,no,cellular,nov,1,-1,0,unknown,no,0,0,0,Medium,0,0,0.065772705
6971,41,management,married,tertiary,5883,no,no,cellular,nov,2,-1,0,unknown,no,0,0,0,High,0,0,0.11834169
6972,40,technician,divorced,secondary,6,no,no,cellular,aug,16,-1,0,unknown,no,0,0,0,Low,0,0,0.00375838
6973,58,admin.,divorced,secondary,3058,yes,no,telephone,may,1,368,1,failure,no,0,1,1,Medium,0,0,0.092318594
6974,73,retired,married,primary,253,no,no,cellular,apr,1,-1,0,unknown,yes,1,0,0,Low,1,1,0.5677537
6975,29,technician,single,secondary,825,no,no,cellular,jun,2,-1,0,unknown,yes,1,0,0,Low,1,0,0.28860962
6976,48,services,married,secondary,665,yes,no,cellular,apr,2,230,3,failure,no,0,1,1,Low,0,0,0.05035623
6977,56,services,divorced,secondary,141,yes,no,cellular,may,2,370,2,failure,no,0,1,1,Low,0,0,0.027639626
6978,42,services,married,secondary,1301,yes,no,cellular,jul,6,-1,0,unknown,no,0,0,1,Medium,0,0,0.051996034
6979,41,admin.,married,tertiary,1536,no,no,cellular,may,2,-1,0,unknown,no,0,0,0,Medium,0,0,0.257771
6980,60,self-employed,married,primary,46,yes,no,unknown,may,4,-1,0,unknown,no,0,0,1,Low,0,0,0.011334239
6981,29,student,single,tertiary,5,no,no,cellular,jul,5,-1,0,unknown,yes,1,0,0,Low,1,0,0.37346447
6982,33,blue-collar,married,primary,170,yes,yes,telephone,may,3,367,4,other,no,0,1,1,Low,0,0,0.01750002
6983,32,blue-collar,single,tertiary,60,yes,yes,cellular,aug,2,462,1,failure,no,0,1,1,Low,0,1,0.5430194
6984,38,admin.,single,unknown,446,yes,no,unknown,may,1,-1,0,unknown,no,0,0,1,Low,0,0,0.045873422
6985,62,management,married,tertiary,7458,no,no,cellular,oct,2,-1,0,unknown,yes,1,0,0,High,1,1,0.6457992
6986,60,management,married,tertiary,3876,no,yes,cellular,aug,3,-1,0,unknown,no,0,0,1,Medium,0,0,0.1781258
6987,36,technician,single,tertiary,197,no,no,cellular,apr,1,-1,0,unknown,yes,1,0,0,Low,1,1,0.75461715
6988,38,self-employed,married,tertiary,656,yes,no,cellular,aug,7,-1,0,unknown,no,0,0,1,Low,0,0,0.04642544
6989,37,blue-collar,married,primary,240,yes,no,cellular,may,1,370,2,other,no,0,1,1,Low,0,0,0.039155755
6990,35,blue-collar,married,secondary,463,yes,no,unknown,may,1,-1,0,unknown,no,0,0,1,Low,0,0,0.04873472
6991,29,unemployed,single,unknown,1584,no,no,cellular,sep,1,-1,0,unknown,yes,1,0,0,Medium,1,0,0.12810895
6992,57,management,divorced,tertiary,461,yes,no,unknown,may,10,-1,0,unknown,no,0,0,1,Low,0,0,0.03764817
6993,27,services,single,secondary,795,no,no,cellular,feb,3,-1,0,unknown,no,0,0,0,Low,0,0,0.097865626
6994,43,services,divorced,secondary,957,no,yes,cellular,jul,4,-1,0,unknown,no,0,0,1,Low,0,0,0.11156148
6995,39,admin.,married,secondary,9618,yes,no,cellular,may,2,338,1,failure,no,0,1,1,High,0,0,0.101839416
6996,32,services,married,secondary,387,yes,no,cellular,nov,2,-1,0,unknown,no,0,0,1,Low,0,0,0.043175865
6997,42,entrepreneur,divorced,tertiary,367,yes,no,cellular,jul,1,-1,0,unknown,no,0,0,1,Low,0,0,0.07056959
6998,26,technician,single,secondary,1231,yes,no,cellular,sep,1,93,7,success,yes,1,1,1,Medium,1,1,0.85902756
6999,43,blue-collar,married,secondary,1311,yes,no,unknown,may,1,-1,0,unknown,no,0,0,1,Medium,0,0,0.049855895
7000,36,unemployed,married,secondary,733,yes,no,unknown,may,1,-1,0,unknown,no,0,0,1,Low,0,0,0.026363865
7001,35,admin.,married,secondary,557,yes,no,cellular,jun,4,-1,0,unknown,no,0,0,1,Low,0,0,0.29558048
7002,51,services,single,secondary,516,yes,no,cellular,may,1,363,1,failure,no,0,1,1,Low,0,0,0.029776862
7003,36,housemaid,married,primary,4324,yes,no,cellular,jul,4,-1,0,unknown,no,0,0,1,Medium,0,0,0.14176042
7004,37,technician,married,secondary,146,yes,yes,cellular,may,2,356,2,failure,no,0,1,1,Low,0,0,0.092627145
7005,48,blue-collar,married,secondary,1230,yes,yes,unknown,may,3,-1,0,unknown,no,0,0,1,Medium,0,0,0.030153101
7006,47,management,divorced,tertiary,0,yes,yes,cellular,nov,3,-1,0,unknown,no,0,0,1,Negative,0,0,0.039081622
7007,38,admin.,single,secondary,2470,no,no,telephone,oct,1,-1,0,unknown,yes,1,0,0,Medium,1,0,0.25009593
7008,60,management,married,tertiary,3029,no,no,cellular,aug,9,-1,0,unknown,no,0,0,0,Medium,0,0,0.10257215
7009,36,management,single,tertiary,2944,no,no,cellular,aug,8,-1,0,unknown,yes,1,0,0,Medium,1,0,0.14799395
7010,57,blue-collar,married,secondary,6004,yes,no,cellular,aug,6,-1,0,unknown,no,0,0,1,High,0,0,0.052216824
7011,51,management,married,primary,192,no,no,unknown,jun,3,-1,0,unknown,no,0,0,0,Low,0,0,0.020875832
7012,38,self-employed,single,secondary,677,yes,no,cellular,may,2,-1,0,unknown,no,0,0,1,Low,0,0,0.08949133
7013,23,student,single,tertiary,0,no,no,cellular,aug,1,-1,0,unknown,yes,1,0,0,Negative,1,0,0.1818302
7014,33,admin.,married,tertiary,957,yes,no,unknown,may,4,-1,0,unknown,no,0,0,1,Low,0,0,0.024056207
7015,31,services,married,secondary,1129,yes,no,unknown,may,2,-1,0,unknown,no,0,0,1,Medium,0,0,0.019837277
7016,28,admin.,single,secondary,1448,no,no,cellular,jun,5,-1,0,unknown,no,0,0,0,Medium,0,0,0.42705938
7017,49,services,married,primary,784,yes,no,cellular,jul,4,-1,0,unknown,no,0,0,1,Low,0,0,0.09039159
7018,53,retired,married,primary,828,yes,no,unknown,jun,1,-1,0,unknown,no,0,0,1,Low,0,0,0.029619778
7019,52,management,married,tertiary,0,no,no,unknown,jun,1,-1,0,unknown,no,0,0,0,Negative,0,0,0.026542634
7020,55,management,single,unknown,111,no,no,cellular,apr,1,-1,0,unknown,no,0,0,0,Low,0,0,0.23673232
7021,39,services,single,unknown,257,yes,no,unknown,may,1,-1,0,unknown,no,0,0,1,Low,0,0,0.015148759
7022,53,admin.,divorced,secondary,-163,yes,no,cellular,apr,2,343,2,other,no,0,1,1,Negative,0,0,0.011770264
7023,50,management,single,secondary,4527,yes,no,cellular,may,1,-1,0,unknown,no,0,0,1,Medium,0,0,0.16406935
7024,47,technician,married,primary,434,yes,yes,cellular,may,1,-1,0,unknown,no,0,0,1,Low,0,0,0.026853008
7025,33,blue-collar,single,secondary,307,yes,no,unknown,may,2,-1,0,unknown,no,0,0,1,Low,0,0,0.04786414
7026,23,technician,single,secondary,-782,yes,yes,unknown,jun,10,-1,0,unknown,no,0,0,1,Negative,0,0,0.05261604
7027,25,self-employed,single,tertiary,931,yes,no,cellular,may,2,348,4,failure,no,0,1,1,Low,0,0,0.08385098
7028,34,blue-collar,single,primary,18,no,no,cellular,may,4,360,3,other,no,0,1,0,Low,0,0,0.01673097
7029,32,technician,single,secondary,109,no,no,cellular,aug,3,-1,0,unknown,no,0,0,0,Low,0,0,0.05343724
7030,33,admin.,married,secondary,258,yes,no,cellular,may,1,-1,0,unknown,no,0,0,1,Low,0,0,0.079854704
7031,59,management,married,primary,120,no,yes,cellular,jul,2,-1,0,unknown,no,0,0,1,Low,0,0,0.043835264
7032,55,entrepreneur,married,secondary,653,yes,no,cellular,nov,2,186,1,failure,no,0,1,1,Low,0,0,0.009485664
7033,32,technician,single,secondary,-23,no,yes,cellular,aug,5,-1,0,unknown,no,0,0,1,Negative,0,0,0.04107741
7034,48,technician,married,secondary,7373,yes,no,unknown,may,1,-1,0,unknown,no,0,0,1,High,0,0,0.028562311
7035,31,technician,single,secondary,754,no,no,cellular,aug,2,-1,0,unknown,no,0,0,0,Low,0,0,0.06744571
7036,48,blue-collar,single,primary,316,no,no,unknown,jun,2,-1,0,unknown,no,0,0,0,Low,0,0,0.08319487
7037,34,management,married,tertiary,1433,no,no,cellular,nov,3,104,3,failure,no,0,1,0,Medium,0,0,0.017724963
7038,58,retired,married,secondary,268,yes,no,unknown,may,1,-1,0,unknown,no,0,0,1,Low,0,0,0.012173118
7039,27,management,married,tertiary,1109,yes,no,cellular,jul,5,-1,0,unknown,no,0,0,1,Medium,0,0,0.047523286
7040,54,entrepreneur,married,secondary,0,no,no,unknown,jun,1,-1,0,unknown,no,0,0,0,Negative,0,0,0.051604167
7041,59,management,divorced,tertiary,258,yes,no,telephone,oct,1,-1,0,unknown,yes,1,0,1,Low,1,1,0.74983174
7042,32,admin.,single,secondary,64,yes,no,cellular,jul,3,-1,0,unknown,no,0,0,1,Low,0,0,0.08236775
7043,60,housemaid,married,secondary,681,no,yes,cellular,jul,1,-1,0,unknown,no,0,0,1,Low,0,0,0.03282744
7044,54,blue-collar,married,primary,2440,no,yes,cellular,nov,1,-1,0,unknown,no,0,0,1,Medium,0,0,0.053729188
7045,43,blue-collar,married,unknown,705,yes,no,unknown,jun,4,-1,0,unknown,no,0,0,1,Low,0,0,0.051103693
7046,31,admin.,single,tertiary,383,no,yes,cellular,jul,1,-1,0,unknown,no,0,0,1,Low,0,0,0.08120563
7047,46,management,married,tertiary,11385,no,no,cellular,mar,3,-1,0,unknown,yes,1,0,0,High,1,0,0.44132155
7048,47,blue-collar,married,secondary,71,yes,no,cellular,may,1,370,1,failure,no,0,1,1,Low,0,0,0.019825913
7049,43,housemaid,married,primary,522,no,no,unknown,jun,1,-1,0,unknown,no,0,0,0,Low,0,0,0.016594019
7050,47,entrepreneur,married,primary,668,no,no,cellular,may,1,-1,0,unknown,no,0,0,0,Low,0,0,0.13920562
7051,38,blue-collar,married,secondary,602,yes,no,unknown,may,12,-1,0,unknown,no,0,0,1,Low,0,0,0.025202114
7052,48,management,married,tertiary,770,no,yes,cellular,aug,2,-1,0,unknown,no,0,0,1,Low,0,0,0.07096043
7053,33,technician,married,secondary,668,yes,yes,cellular,may,2,173,4,other,no,0,1,1,Low,0,0,0.08217977
7054,32,management,single,tertiary,1966,no,no,cellular,aug,3,-1,0,unknown,no,0,0,0,Medium,0,0,0.09544357
7055,46,blue-collar,married,primary,6150,yes,no,cellular,nov,2,-1,0,unknown,no,0,0,1,High,0,0,0.03309137
7056,30,services,married,secondary,0,yes,no,unknown,may,1,-1,0,unknown,no,0,0,1,Negative,0,0,0.022472488
7057,33,technician,married,secondary,0,no,no,unknown,may,1,-1,0,unknown,no,0,0,0,Negative,0,0,0.016826753
7058,46,technician,married,secondary,487,no,no,cellular,aug,1,-1,0,unknown,no,0,0,0,Low,0,0,0.14005207
7059,52,entrepreneur,married,secondary,330,no,yes,cellular,feb,1,-1,0,unknown,no,0,0,1,Low,0,0,0.053596545
7060,31,self-employed,married,tertiary,1134,no,no,cellular,feb,2,-1,0,unknown,no,0,0,0,Medium,0,0,0.22079185
7061,31,technician,married,tertiary,237,yes,no,cellular,jul,2,-1,0,unknown,no,0,0,1,Low,0,0,0.042370502
7062,59,management,married,tertiary,96,no,yes,cellular,jul,1,-1,0,unknown,no,0,0,1,Low,0,0,0.028771073
7063,32,technician,single,tertiary,1325,no,no,cellular,aug,2,-1,0,unknown,no,0,0,0,Medium,0,0,0.098804854
7064,43,self-employed,married,secondary,-1415,no,no,cellular,jul,1,-1,0,unknown,no,0,0,0,Negative,0,0,0.017570091
7065,44,housemaid,single,primary,1059,no,no,unknown,jun,1,-1,0,unknown,yes,1,0,0,Medium,1,0,0.05064734
7066,60,retired,divorced,tertiary,-79,yes,no,unknown,jun,1,-1,0,unknown,no,0,0,1,Negative,0,0,0.11750744
7067,27,services,single,tertiary,691,no,yes,cellular,feb,12,-1,0,unknown,no,0,0,1,Low,0,0,0.021248076
7068,37,management,married,tertiary,1780,yes,no,cellular,may,1,-1,0,unknown,no,0,0,1,Medium,0,0,0.08966849
7069,31,blue-collar,married,primary,290,yes,no,cellular,jul,3,-1,0,unknown,no,0,0,1,Low,0,0,0.05802801
7070,31,blue-collar,single,secondary,16,no,no,cellular,jul,1,-1,0,unknown,no,0,0,0,Low,0,0,0.045939848
7071,34,management,married,tertiary,7384,no,no,cellular,nov,2,-1,0,unknown,no,0,0,0,High,0,0,0.10733589
7072,28,management,single,tertiary,637,yes,no,cellular,feb,1,-1,0,unknown,no,0,0,1,Low,0,0,0.11017569
7073,57,management,married,tertiary,2101,no,no,cellular,nov,5,-1,0,unknown,no,0,0,0,Medium,0,0,0.072295815
7074,35,management,married,secondary,0,yes,no,cellular,jul,5,-1,0,unknown,no,0,0,1,Negative,0,0,0.05736435
7075,60,unemployed,divorced,secondary,385,yes,no,cellular,feb,1,-1,0,unknown,no,0,0,1,Low,0,0,0.09988378
7076,41,unemployed,married,tertiary,0,no,no,cellular,apr,1,181,3,success,yes,1,1,0,Negative,1,1,0.99023813
7077,51,management,married,tertiary,1612,yes,no,cellular,nov,2,131,1,failure,no,0,1,1,Medium,0,0,0.018600255
7078,52,blue-collar,married,secondary,1319,no,no,telephone,apr,2,-1,0,unknown,no,0,0,0,Medium,0,0,0.11962483
7079,52,blue-collar,married,secondary,1405,no,yes,cellular,jul,2,-1,0,unknown,yes,1,0,1,Medium,1,0,0.0449912
7080,41,blue-collar,single,secondary,1880,no,yes,cellular,may,1,356,10,other,no,0,1,1,Medium,0,0,0.14387299
7081,42,self-employed,married,tertiary,0,no,no,cellular,aug,13,-1,0,unknown,no,0,0,0,Negative,0,0,0.013019467
7082,59,management,single,tertiary,705,no,no,cellular,feb,4,-1,0,unknown,no,0,0,0,Low,0,0,0.17817819
7083,42,blue-collar,married,primary,0,yes,yes,cellular,may,2,-1,0,unknown,no,0,0,1,Negative,0,0,0.035280004
7084,48,self-employed,married,secondary,1559,no,no,cellular,aug,1,190,2,failure,no,0,1,0,Medium,0,0,0.31704497
7085,38,management,married,tertiary,-562,yes,no,unknown,jun,1,-1,0,unknown,no,0,0,1,Negative,0,0,0.014059918
7086,35,admin.,married,secondary,-87,yes,no,unknown,jun,7,-1,0,unknown,yes,1,0,1,Negative,1,0,0.04068451
7087,23,student,single,secondary,922,no,no,cellular,nov,1,85,8,failure,no,0,1,0,Low,0,0,0.39716285
7088,34,admin.,single,secondary,391,yes,no,cellular,jan,1,265,2,failure,no,0,1,1,Low,0,0,0.0071298624
7089,27,blue-collar,single,secondary,103,no,yes,cellular,jul,5,-1,0,unknown,no,0,0,1,Low,0,0,0.024863096
7090,30,technician,married,secondary,9,no,no,cellular,aug,2,-1,0,unknown,no,0,0,0,Low,0,0,0.025867492
7091,60,admin.,married,secondary,12980,no,no,cellular,sep,2,182,1,success,no,0,1,0,High,0,1,0.8520442
7092,43,management,married,unknown,587,yes,no,cellular,feb,6,231,9,failure,no,0,1,1,Low,0,0,0.013218841
7093,58,services,married,secondary,2745,yes,no,cellular,may,1,324,2,failure,no,0,1,1,Medium,0,0,0.04563304
7094,30,blue-collar,married,secondary,-97,yes,yes,cellular,may,1,356,1,other,no,0,1,1,Negative,0,0,0.069344535
7095,43,admin.,married,secondary,0,no,no,cellular,jul,8,-1,0,unknown,no,0,0,0,Negative,0,0,0.043615147
7096,38,blue-collar,married,primary,132,yes,no,cellular,may,2,-1,0,unknown,no,0,0,1,Low,0,0,0.071057856
7097,36,admin.,divorced,secondary,50,yes,no,cellular,may,1,-1,0,unknown,no,0,0,1,Low,0,0,0.1033091
7098,36,management,married,tertiary,361,no,no,cellular,jun,2,-1,0,unknown,no,0,0,0,Low,0,0,0.49499014
7099,30,technician,single,tertiary,4321,yes,no,cellular,jul,6,-1,0,unknown,no,0,0,1,Medium,0,0,0.061911397
7100,30,services,single,secondary,346,yes,no,cellular,may,3,345,5,other,no,0,1,1,Low,0,0,0.06882293
7101,35,technician,married,secondary,483,yes,no,cellular,jul,2,-1,0,unknown,no,0,0,1,Low,0,0,0.07205883
7102,57,technician,married,secondary,29,no,no,cellular,aug,2,-1,0,unknown,no,0,0,0,Low,0,0,0.07963341
7103,57,retired,divorced,primary,914,no,no,unknown,jun,2,-1,0,unknown,no,0,0,0,Low,0,0,0.062328573
7104,47,admin.,single,tertiary,1192,yes,no,unknown,may,2,-1,0,unknown,no,0,0,1,Medium,0,0,0.060497425
7105,47,admin.,divorced,secondary,225,no,no,cellular,aug,4,-1,0,unknown,yes,1,0,0,Low,1,0,0.0461866
7106,38,admin.,married,secondary,46,yes,yes,unknown,may,1,-1,0,unknown,no,0,0,1,Low,0,0,0.029530564
7107,36,services,married,tertiary,2167,yes,yes,unknown,may,2,-1,0,unknown,no,0,0,1,Medium,0,0,0.016872758
7108,60,blue-collar,married,primary,5,no,no,cellular,oct,1,-1,0,unknown,yes,1,0,0,Low,1,0,0.4145522
7109,27,technician,single,unknown,555,no,no,unknown,jun,9,-1,0,unknown,no,0,0,0,Low,0,0,0.04531497
7110,40,management,married,tertiary,1777,yes,no,cellular,nov,4,-1,0,unknown,no,0,0,1,Medium,0,0,0.06506109
7111,28,technician,married,secondary,58,yes,no,cellular,may,6,351,1,failure,no,0,1,1,Low,0,0,0.006943226
7112,38,management,single,tertiary,2454,yes,no,cellular,aug,2,-1,0,unknown,no,0,0,1,Medium,0,0,0.15168716
7113,51,management,married,tertiary,941,yes,yes,cellular,jul,6,-1,0,unknown,no,0,0,1,Low,0,0,0.049402703
7114,43,services,single,unknown,193,yes,no,unknown,may,7,-1,0,unknown,no,0,0,1,Low,0,0,0.012367071
7115,28,blue-collar,married,secondary,1134,no,no,cellular,feb,3,-1,0,unknown,no,0,0,0,Medium,0,0,0.16161005
7116,32,technician,married,tertiary,168,no,no,unknown,may,1,-1,0,unknown,no,0,0,0,Low,0,0,0.02896036
7117,56,technician,divorced,secondary,397,yes,no,unknown,may,7,-1,0,unknown,no,0,0,1,Low,0,0,0.012954481
7118,22,student,single,secondary,10971,no,no,cellular,jun,2,-1,0,unknown,no,0,0,0,High,0,0,0.4058842
7119,36,admin.,married,secondary,498,yes,no,cellular,jan,1,253,1,failure,no,0,1,1,Low,0,0,0.0050073187
7120,59,unknown,married,secondary,402,no,no,telephone,jul,5,-1,0,unknown,no,0,0,0,Low,0,0,0.044179767
7121,49,management,divorced,tertiary,2370,yes,yes,unknown,nov,1,103,2,other,no,0,1,1,Medium,0,0,0.03124801
7122,38,technician,married,secondary,59,yes,no,unknown,may,1,-1,0,unknown,no,0,0,1,Low,0,0,0.023142543
7123,59,management,married,primary,1727,no,no,telephone,may,4,358,2,failure,yes,1,1,0,Medium,1,0,0.24289078
7124,28,management,single,tertiary,4937,yes,no,telephone,may,3,-1,0,unknown,no,0,0,1,Medium,0,0,0.11399236
7125,46,services,married,secondary,997,yes,no,unknown,may,1,-1,0,unknown,no,0,0,1,Low,0,0,0.027109656
7126,33,management,married,tertiary,62,yes,no,cellular,feb,1,264,1,failure,no,0,1,1,Low,0,0,0.017679855
7127,25,services,single,secondary,0,yes,no,cellular,may,1,-1,0,unknown,no,0,0,1,Negative,0,0,0.13204278
7128,23,technician,single,secondary,283,yes,no,cellular,sep,1,184,2,success,yes,1,1,1,Low,1,1,0.9421213
7129,34,blue-collar,married,primary,-1,yes,no,cellular,may,6,355,1,other,yes,1,1,1,Negative,1,0,0.007930225
7130,56,housemaid,divorced,secondary,1866,no,yes,cellular,oct,1,-1,0,unknown,no,0,0,1,Medium,0,0,0.09466266
7131,35,admin.,single,secondary,847,yes,no,cellular,may,2,-1,0,unknown,no,0,0,1,Low,0,0,0.08581727
7132,40,self-employed,married,tertiary,1604,no,no,cellular,nov,1,-1,0,unknown,no,0,0,0,Medium,0,0,0.10326048
7133,43,blue-collar,married,secondary,-179,yes,no,cellular,jul,6,-1,0,unknown,no,0,0,1,Negative,0,0,0.08882228
7134,38,blue-collar,divorced,secondary,2641,no,no,unknown,jun,1,-1,0,unknown,no,0,0,0,Medium,0,0,0.048773777
7135,45,services,married,secondary,27,yes,yes,cellular,jul,2,-1,0,unknown,no,0,0,1,Low,0,0,0.01739744
7136,25,student,married,secondary,37,no,no,unknown,jul,1,-1,0,unknown,no,0,0,0,Low,0,0,0.05643755
7137,31,admin.,married,secondary,368,yes,no,cellular,may,5,361,3,other,no,0,1,1,Low,0,0,0.034682944
7138,37,blue-collar,married,secondary,362,yes,no,unknown,may,2,-1,0,unknown,no,0,0,1,Low,0,0,0.035713308
7139,39,technician,married,secondary,603,no,yes,cellular,apr,1,-1,0,unknown,yes,1,0,1,Low,1,0,0.08843533
7140,53,technician,married,secondary,480,no,no,unknown,jun,2,-1,0,unknown,yes,1,0,0,Low,1,0,0.044092894
7141,44,blue-collar,married,primary,-295,yes,no,unknown,may,4,-1,0,unknown,no,0,0,1,Negative,0,0,0.0060710995
7142,27,blue-collar,single,secondary,940,yes,no,cellular,may,1,343,3,failure,no,0,1,1,Low,0,0,0.10341709
7143,29,admin.,single,secondary,1450,yes,no,unknown,may,1,-1,0,unknown,no,0,0,1,Medium,0,0,0.043426577
7144,59,blue-collar,married,primary,6271,yes,no,cellular,aug,5,-1,0,unknown,no,0,0,1,High,0,0,0.10734855
7145,40,blue-collar,married,secondary,275,yes,no,cellular,feb,2,-1,0,unknown,no,0,0,1,Low,0,0,0.089479074
7146,49,blue-collar,married,primary,3478,no,no,cellular,aug,4,-1,0,unknown,no,0,0,0,Medium,0,0,0.0778182
7147,51,management,married,primary,6298,yes,no,unknown,jun,3,-1,0,unknown,no,0,0,1,High,0,0,0.00987701
7148,27,blue-collar,married,primary,-413,no,yes,unknown,jun,6,-1,0,unknown,yes,1,0,1,Negative,1,0,0.022919608
7149,56,unemployed,married,primary,122,no,no,cellular,feb,2,-1,0,unknown,no,0,0,0,Low,0,0,0.13280834
7150,34,blue-collar,married,secondary,0,yes,yes,cellular,feb,6,-1,0,unknown,no,0,0,1,Negative,0,0,0.028993614
7151,31,management,single,tertiary,404,no,no,cellular,aug,7,-1,0,unknown,no,0,0,0,Low,0,0,0.041497793
7152,38,blue-collar,married,secondary,-152,no,no,unknown,may,1,-1,0,unknown,no,0,0,0,Negative,0,0,0.004464343
7153,30,admin.,married,secondary,214,yes,yes,unknown,may,1,-1,0,unknown,no,0,0,1,Low,0,0,0.041381713
7154,32,services,married,secondary,1273,yes,no,cellular,apr,2,328,1,failure,yes,1,1,1,Medium,1,0,0.059173837
7155,31,self-employed,married,secondary,263,yes,no,unknown,may,2,-1,0,unknown,no,0,0,1,Low,0,0,0.027206575
7156,48,services,married,secondary,109,no,yes,cellular,aug,4,-1,0,unknown,no,0,0,1,Low,0,0,0.029714245
7157,68,retired,married,secondary,0,no,no,cellular,jun,1,-1,0,unknown,yes,1,0,0,Negative,1,0,0.24759334
7158,50,admin.,married,secondary,858,no,no,cellular,jul,12,-1,0,unknown,no,0,0,0,Low,0,0,0.06911601
7159,32,management,divorced,tertiary,5306,yes,no,unknown,may,1,-1,0,unknown,no,0,0,1,High,0,0,0.06731936
7160,39,unknown,single,unknown,2822,no,no,cellular,nov,3,-1,0,unknown,no,0,0,0,Medium,0,0,0.14790702
7161,57,unemployed,divorced,primary,282,no,no,cellular,oct,1,88,4,other,no,0,1,0,Low,0,1,0.82087487
7162,36,technician,married,secondary,25,no,no,cellular,aug,2,-1,0,unknown,no,0,0,0,Low,0,0,0.06258345
7163,47,technician,divorced,secondary,691,no,no,cellular,aug,2,-1,0,unknown,no,0,0,0,Low,0,0,0.080057114
7164,34,management,single,tertiary,1171,yes,no,cellular,jul,1,-1,0,unknown,no,0,0,1,Medium,0,0,0.09107738
7165,52,management,married,secondary,5601,no,no,cellular,aug,1,-1,0,unknown,no,0,0,0,High,0,0,0.15955037
7166,41,student,married,secondary,1309,no,no,unknown,jun,4,-1,0,unknown,no,0,0,0,Medium,0,0,0.028876597
7167,60,services,single,primary,313,yes,no,unknown,may,2,-1,0,unknown,yes,1,0,1,Low,1,0,0.08317443
7168,37,blue-collar,married,primary,-142,no,no,unknown,jun,3,-1,0,unknown,no,0,0,0,Negative,0,0,0.013685757
7169,35,unemployed,single,tertiary,154,no,no,cellular,jul,4,181,2,failure,yes,1,1,0,Low,1,1,0.61701274
7170,50,blue-collar,divorced,primary,171,no,no,cellular,aug,3,-1,0,unknown,no,0,0,0,Low,0,0,0.13107745
7171,60,blue-collar,married,secondary,71,no,no,unknown,jun,1,-1,0,unknown,no,0,0,0,Low,0,0,0.05394676
7172,55,management,divorced,tertiary,481,yes,no,telephone,jul,3,-1,0,unknown,no,0,0,1,Low,0,0,0.10675558
7173,29,management,married,secondary,147,yes,yes,unknown,may,2,-1,0,unknown,no,0,0,1,Low,0,0,0.0153032355
7174,59,management,married,tertiary,3779,no,no,cellular,aug,3,-1,0,unknown,no,0,0,0,Medium,0,0,0.10188952
7175,35,admin.,single,secondary,-16,no,yes,cellular,jul,3,-1,0,unknown,no,0,0,1,Negative,0,0,0.05449255
7176,44,technician,married,secondary,78,yes,no,cellular,may,1,357,1,failure,no,0,1,1,Low,0,0,0.013537522
7177,58,management,married,primary,0,no,no,unknown,jun,6,-1,0,unknown,no,0,0,0,Negative,0,0,0.013636777
7178,36,admin.,single,secondary,60,yes,no,cellular,sep,2,-1,0,unknown,yes,1,0,1,Low,1,1,0.57729554
7179,41,services,married,secondary,1785,no,no,cellular,jul,7,-1,0,unknown,no,0,0,0,Medium,0,0,0.06326519
7180,54,technician,married,tertiary,2883,yes,yes,unknown,may,3,-1,0,unknown,no,0,0,1,Medium,0,0,0.028629692
7181,47,management,single,tertiary,159,no,no,telephone,oct,3,155,3,other,yes,1,1,0,Low,1,0,0.40322465
7182,28,student,single,secondary,1925,no,no,cellular,nov,1,97,2,failure,yes,1,1,0,Medium,1,0,0.13139993
7183,25,student,single,tertiary,326,no,no,cellular,may,1,-1,0,unknown,yes,1,0,0,Low,1,0,0.396735
7184,34,management,single,tertiary,705,yes,no,cellular,may,3,-1,0,unknown,no,0,0,1,Low,0,0,0.10123296
7185,36,management,married,secondary,-148,no,no,cellular,nov,2,-1,0,unknown,no,0,0,0,Negative,0,0,0.0026957428
7186,42,services,married,unknown,7482,no,no,cellular,nov,2,-1,0,unknown,no,0,0,0,High,0,0,0.09267104
7187,48,blue-collar,married,primary,643,yes,no,cellular,may,4,173,7,other,no,0,1,1,Low,0,0,0.044503827
7188,31,blue-collar,married,primary,11,yes,no,unknown,may,3,-1,0,unknown,no,0,0,1,Low,0,0,0.020589482
7189,36,technician,married,secondary,1286,yes,yes,unknown,may,1,-1,0,unknown,no,0,0,1,Medium,0,0,0.018106887
7190,30,services,single,secondary,572,yes,no,cellular,may,1,319,4,other,no,0,1,1,Low,0,0,0.055922903
7191,56,management,married,unknown,4623,no,no,cellular,aug,1,-1,0,unknown,yes,1,0,0,Medium,1,0,0.12047956
7192,49,admin.,divorced,secondary,1320,no,no,cellular,nov,2,-1,0,unknown,no,0,0,0,Medium,0,0,0.066575296
7193,43,technician,married,secondary,-313,no,yes,cellular,jul,4,-1,0,unknown,no,0,0,1,Negative,0,0,0.05470833
7194,55,management,married,tertiary,-408,no,no,cellular,aug,9,-1,0,unknown,no,0,0,0,Negative,0,0,0.1721443
7195,59,admin.,married,secondary,1914,yes,no,cellular,jul,3,-1,0,unknown,no,0,0,1,Medium,0,0,0.063774526
7196,32,technician,single,secondary,3586,no,no,cellular,aug,3,-1,0,unknown,no,0,0,0,Medium,0,0,0.15663522
7197,74,retired,married,primary,1413,no,no,cellular,feb,2,-1,0,unknown,yes,1,0,0,Medium,1,1,0.7338057
7198,58,retired,married,secondary,225,no,no,cellular,aug,6,-1,0,unknown,no,0,0,0,Low,0,0,0.030449191
7199,56,retired,married,secondary,728,no,no,cellular,nov,2,110,15,failure,no,0,1,0,Low,0,0,0.005343033
7200,42,blue-collar,married,secondary,165,no,no,telephone,apr,1,-1,0,unknown,no,0,0,0,Low,0,0,0.1697643
7201,35,blue-collar,married,secondary,-518,yes,no,cellular,jul,5,-1,0,unknown,no,0,0,1,Negative,0,0,0.032314356
7202,54,technician,married,secondary,87,yes,no,cellular,may,8,350,9,failure,no,0,1,1,Low,0,0,0.0019574398
7203,41,management,married,tertiary,0,yes,no,cellular,nov,3,-1,0,unknown,yes,1,0,1,Negative,1,0,0.029169865
7204,35,blue-collar,married,secondary,3015,yes,no,unknown,jun,2,-1,0,unknown,no,0,0,1,Medium,0,0,0.04116639
7205,54,retired,married,secondary,24,yes,no,unknown,may,1,-1,0,unknown,no,0,0,1,Low,0,0,0.012152642
7206,46,blue-collar,divorced,secondary,2441,no,no,unknown,jun,2,-1,0,unknown,no,0,0,0,Medium,0,0,0.08603236
7207,36,admin.,married,secondary,-206,yes,no,cellular,feb,1,-1,0,unknown,no,0,0,1,Negative,0,0,0.050756183
7208,45,admin.,married,secondary,285,no,no,cellular,feb,5,-1,0,unknown,no,0,0,0,Low,0,0,0.06692764
7209,42,admin.,married,secondary,3279,yes,no,cellular,may,1,344,1,failure,no,0,1,1,Medium,0,0,0.038727373
7210,42,admin.,married,secondary,4209,yes,no,unknown,jun,6,-1,0,unknown,no,0,0,1,Medium,0,0,0.022755332
7211,47,technician,divorced,secondary,84,no,no,cellular,aug,2,-1,0,unknown,no,0,0,0,Low,0,0,0.09740631
7212,53,blue-collar,married,primary,4143,no,no,cellular,jul,3,-1,0,unknown,no,0,0,0,Medium,0,0,0.13738906
7213,45,blue-collar,married,primary,0,no,no,cellular,aug,6,-1,0,unknown,no,0,0,0,Negative,0,0,0.061620366
7214,48,blue-collar,married,primary,-254,yes,no,cellular,may,2,346,1,other,no,0,1,1,Negative,0,0,0.015240003
7215,54,management,married,primary,621,no,yes,cellular,jul,1,-1,0,unknown,no,0,0,1,Low,0,0,0.051968794
7216,33,management,married,secondary,56,yes,no,unknown,may,1,-1,0,unknown,no,0,0,1,Low,0,0,0.025686247
7217,56,retired,married,secondary,6114,no,no,telephone,jul,2,-1,0,unknown,no,0,0,0,High,0,0,0.04492146
7218,55,management,married,unknown,1185,no,no,unknown,may,1,-1,0,unknown,no,0,0,0,Medium,0,0,0.02280374
7219,47,housemaid,married,primary,1747,yes,no,cellular,apr,1,-1,0,unknown,no,0,0,1,Medium,0,0,0.057201672
7220,36,management,married,unknown,0,no,no,unknown,jun,1,-1,0,unknown,no,0,0,0,Negative,0,0,0.009654101
7221,36,management,single,tertiary,5171,yes,no,cellular,nov,1,-1,0,unknown,no,0,0,1,High,0,0,0.08774341
7222,34,management,single,tertiary,-444,yes,yes,cellular,apr,2,148,4,other,no,0,1,1,Negative,0,0,0.13363722
7223,34,services,married,secondary,1553,yes,no,cellular,apr,6,328,8,failure,no,0,1,1,Medium,0,0,0.019097239
7224,37,entrepreneur,married,tertiary,264,yes,yes,unknown,jun,1,-1,0,unknown,no,0,0,1,Low,0,0,0.062006358
7225,29,admin.,single,secondary,43,yes,no,unknown,may,2,-1,0,unknown,no,0,0,1,Low,0,0,0.036667388
7226,54,admin.,married,secondary,3136,yes,no,telephone,apr,1,146,1,failure,no,0,1,1,Medium,0,0,0.10938198
7227,32,admin.,single,secondary,89,yes,yes,unknown,may,3,-1,0,unknown,no,0,0,1,Low,0,0,0.048517987
7228,32,blue-collar,married,primary,-6,yes,no,cellular,may,2,-1,0,unknown,no,0,0,1,Negative,0,0,0.04212857
7229,30,blue-collar,single,secondary,583,no,no,cellular,may,2,-1,0,unknown,no,0,0,0,Low,0,0,0.13751437
7230,26,services,single,tertiary,2803,no,no,cellular,feb,7,-1,0,unknown,no,0,0,0,Medium,0,0,0.3105672
7231,33,blue-collar,single,secondary,-38,yes,no,cellular,may,1,-1,0,unknown,no,0,0,1,Negative,0,0,0.1602838
7232,43,management,divorced,unknown,7702,no,no,cellular,sep,7,102,3,success,no,0,1,0,High,0,0,0.34694958
7233,38,admin.,single,unknown,13,no,no,unknown,jun,1,-1,0,unknown,no,0,0,0,Low,0,0,0.0125525845
7234,26,unemployed,single,primary,1213,no,no,cellular,jan,1,-1,0,unknown,no,0,0,0,Medium,0,0,0.1123824
7235,30,blue-collar,married,primary,-336,no,no,cellular,jul,6,-1,0,unknown,no,0,0,0,Negative,0,0,0.032456294
7236,38,management,single,tertiary,2117,no,no,cellular,aug,2,-1,0,unknown,no,0,0,0,Medium,0,0,0.12382926
7237,36,technician,married,secondary,432,yes,yes,unknown,aug,1,-1,0,unknown,no,0,0,1,Low,0,0,0.049357947
7238,27,admin.,divorced,secondary,0,no,yes,cellular,jul,4,-1,0,unknown,no,0,0,1,Negative,0,0,0.2370118
7239,36,management,married,tertiary,1235,no,no,cellular,aug,6,-1,0,unknown,no,0,0,0,Medium,0,0,0.10314333
7240,49,blue-collar,married,primary,1536,yes,no,unknown,may,2,-1,0,unknown,no,0,0,1,Medium,0,0,0.020256868
7241,50,admin.,married,secondary,-437,yes,yes,unknown,jun,1,-1,0,unknown,no,0,0,1,Negative,0,0,0.012261916
7242,53,services,married,secondary,33,yes,no,unknown,may,12,-1,0,unknown,no,0,0,1,Low,0,0,0.00312009
7243,53,management,divorced,tertiary,-187,yes,no,cellular,jul,2,-1,0,unknown,no,0,0,1,Negative,0,0,0.10141734
7244,53,services,married,secondary,10749,yes,no,unknown,may,1,-1,0,unknown,no,0,0,1,High,0,0,0.020611327
7245,40,blue-collar,married,secondary,3765,yes,no,cellular,nov,2,-1,0,unknown,no,0,0,1,Medium,0,0,0.036467593
7246,40,technician,single,tertiary,47,no,no,cellular,aug,4,-1,0,unknown,no,0,0,0,Low,0,0,0.058143634
7247,39,self-employed,divorced,tertiary,1415,no,no,unknown,jun,1,-1,0,unknown,no,0,0,0,Medium,0,0,0.09619751
7248,42,management,married,tertiary,27696,no,no,cellular,aug,1,91,7,success,yes,1,1,0,High,1,1,0.6548401
7249,41,entrepreneur,married,tertiary,0,yes,no,cellular,feb,3,-1,0,unknown,no,0,0,1,Negative,0,0,0.09033347
7250,47,blue-collar,married,primary,206,yes,no,unknown,may,1,-1,0,unknown,no,0,0,1,Low,0,0,0.010849881
7251,57,blue-collar,married,secondary,14093,no,no,cellular,aug,5,-1,0,unknown,no,0,0,0,High,0,0,0.029125402
7252,41,management,divorced,tertiary,1,yes,no,unknown,jun,1,-1,0,unknown,no,0,0,1,Low,0,0,0.042830247
7253,44,technician,married,secondary,251,no,no,unknown,jun,6,-1,0,unknown,no,0,0,0,Low,0,0,0.02420947
7254,50,blue-collar,divorced,primary,1629,yes,no,cellular,may,1,-1,0,unknown,no,0,0,1,Medium,0,0,0.1379834
7255,49,services,married,secondary,-301,yes,no,cellular,may,4,-1,0,unknown,no,0,0,1,Negative,0,0,0.03418224
7256,33,blue-collar,single,unknown,-90,yes,no,unknown,may,1,-1,0,unknown,no,0,0,1,Negative,0,0,0.032027688
7257,29,admin.,single,tertiary,507,yes,no,unknown,jun,33,-1,0,unknown,no,0,0,1,Low,0,0,0.1253733
7258,46,services,married,secondary,301,no,no,cellular,aug,7,-1,0,unknown,no,0,0,0,Low,0,0,0.043989573
7259,25,student,single,secondary,3090,no,no,cellular,aug,1,-1,0,unknown,no,0,0,0,Medium,0,0,0.48870626
7260,40,admin.,single,secondary,782,yes,no,cellular,dec,5,202,17,failure,no,0,1,1,Low,0,0,0.09997807
7261,36,technician,married,secondary,659,yes,no,cellular,jan,2,-1,0,unknown,no,0,0,1,Low,0,0,0.022321675
7262,29,self-employed,single,tertiary,1579,no,no,cellular,jul,1,181,4,success,yes,1,1,0,Medium,1,1,0.5266782
7263,41,admin.,single,unknown,419,yes,no,cellular,may,1,370,3,failure,no,0,1,1,Low,0,0,0.093999945
7264,55,services,married,secondary,642,yes,no,cellular,jul,2,-1,0,unknown,no,0,0,1,Low,0,0,0.055241756
7265,55,blue-collar,married,primary,158,yes,no,unknown,may,18,-1,0,unknown,no,0,0,1,Low,0,0,0.0028861002
7266,35,management,single,tertiary,-146,yes,no,cellular,may,1,266,1,failure,no,0,1,1,Negative,0,0,0.027255015
7267,49,technician,single,secondary,9131,yes,no,cellular,aug,1,461,5,failure,yes,1,1,1,High,1,1,0.9012568
7268,29,management,married,tertiary,16,yes,no,cellular,jul,6,-1,0,unknown,no,0,0,1,Low,0,0,0.13923924
7269,32,services,married,primary,218,yes,no,cellular,feb,3,-1,0,unknown,no,0,0,1,Low,0,0,0.06853054
7270,35,technician,divorced,tertiary,4515,yes,no,cellular,nov,2,-1,0,unknown,no,0,0,1,Medium,0,0,0.13002397
7271,43,blue-collar,married,primary,46,yes,no,cellular,may,7,332,6,failure,no,0,1,1,Low,0,0,0.003523733
7272,34,technician,married,secondary,1194,no,yes,cellular,aug,2,-1,0,unknown,no,0,0,1,Medium,0,0,0.06218316
7273,59,management,divorced,tertiary,3390,no,no,cellular,jul,2,-1,0,unknown,no,0,0,0,Medium,0,0,0.22066936
7274,42,blue-collar,married,primary,0,yes,no,cellular,jul,1,-1,0,unknown,no,0,0,1,Negative,0,0,0.038101453
7275,30,admin.,married,secondary,873,yes,no,telephone,nov,1,167,3,success,no,0,1,1,Low,0,1,0.5892034
7276,39,blue-collar,married,secondary,576,yes,no,cellular,may,1,-1,0,unknown,no,0,0,1,Low,0,0,0.05295113
7277,32,blue-collar,married,secondary,7365,yes,no,cellular,jul,5,-1,0,unknown,no,0,0,1,High,0,0,0.016949989
7278,33,blue-collar,married,secondary,527,yes,yes,unknown,may,2,-1,0,unknown,no,0,0,1,Low,0,0,0.030125098
7279,48,management,single,secondary,61,yes,no,unknown,may,1,-1,0,unknown,no,0,0,1,Low,0,0,0.03807181
7280,36,unemployed,married,primary,0,no,no,unknown,jun,1,-1,0,unknown,no,0,0,0,Negative,0,0,0.0590771
7281,30,admin.,married,secondary,187,yes,no,cellular,nov,1,-1,0,unknown,no,0,0,1,Low,0,0,0.04599705
7282,37,self-employed,single,tertiary,1758,no,no,cellular,jun,2,-1,0,unknown,no,0,0,0,Medium,0,1,0.63634163
7283,40,technician,married,unknown,0,no,yes,cellular,jul,1,-1,0,unknown,no,0,0,1,Negative,0,0,0.03629281
7284,41,blue-collar,married,primary,1821,no,yes,cellular,jul,3,-1,0,unknown,no,0,0,1,Medium,0,0,0.10161523
7285,41,blue-collar,married,primary,1491,yes,no,cellular,nov,2,-1,0,unknown,no,0,0,1,Medium,0,0,0.0534601
7286,56,blue-collar,married,primary,288,no,no,unknown,jun,3,-1,0,unknown,no,0,0,0,Low,0,0,0.035407797
7287,47,blue-collar,married,secondary,2944,no,no,cellular,nov,7,154,5,failure,no,0,1,0,Medium,0,0,0.02373273
7288,40,unemployed,single,secondary,350,yes,no,unknown,may,1,-1,0,unknown,no,0,0,1,Low,0,0,0.019811898
7289,58,services,married,primary,65,no,no,unknown,jun,1,-1,0,unknown,no,0,0,0,Low,0,0,0.018358743
7290,48,management,single,tertiary,5689,no,no,cellular,may,2,103,1,success,no,0,1,0,High,0,1,0.7265564
7291,83,retired,single,primary,3349,no,no,telephone,feb,1,-1,0,unknown,no,0,0,0,Medium,0,1,0.5565418
7292,40,technician,married,secondary,826,no,no,unknown,feb,1,267,2,other,no,0,1,0,Low,0,0,0.22724314
7293,46,entrepreneur,married,primary,171,yes,no,unknown,may,3,-1,0,unknown,no,0,0,1,Low,0,0,0.009362747
7294,32,management,single,tertiary,127,yes,no,unknown,may,3,-1,0,unknown,no,0,0,1,Low,0,0,0.06288704
7295,32,self-employed,married,tertiary,3601,no,no,cellular,aug,15,-1,0,unknown,no,0,0,0,Medium,0,0,0.010459196
7296,41,blue-collar,divorced,primary,2195,yes,no,unknown,jun,5,-1,0,unknown,no,0,0,1,Medium,0,0,0.027569495
7297,34,technician,married,secondary,6,yes,no,unknown,may,2,-1,0,unknown,no,0,0,1,Low,0,0,0.010629489
7298,26,blue-collar,single,primary,344,no,yes,cellular,jul,4,-1,0,unknown,no,0,0,1,Low,0,0,0.035736047
7299,32,technician,single,secondary,0,no,no,cellular,aug,2,-1,0,unknown,no,0,0,0,Negative,0,0,0.048702106
7300,68,retired,divorced,primary,2027,no,no,cellular,sep,2,91,4,success,yes,1,1,0,Medium,1,1,0.8294072
7301,29,technician,single,tertiary,2485,no,no,telephone,jul,6,-1,0,unknown,no,0,0,0,Medium,0,0,0.15309028
7302,33,management,single,secondary,0,yes,no,unknown,may,2,-1,0,unknown,no,0,0,1,Negative,0,0,0.020341137
7303,52,management,married,tertiary,291,no,no,cellular,aug,3,-1,0,unknown,no,0,0,0,Low,0,0,0.051482424
7304,33,blue-collar,married,primary,0,yes,no,unknown,may,1,-1,0,unknown,no,0,0,1,Negative,0,0,0.022994738
7305,45,technician,single,tertiary,2033,no,no,cellular,jun,5,285,2,success,yes,1,1,0,Medium,1,1,0.73941857
7306,51,retired,married,secondary,0,yes,no,cellular,oct,4,-1,0,unknown,no,0,0,1,Negative,0,0,0.10633681
7307,51,blue-collar,married,secondary,2237,yes,no,unknown,may,1,-1,0,unknown,no,0,0,1,Medium,0,0,0.025067573
7308,54,technician,divorced,unknown,1725,no,no,unknown,jun,3,-1,0,unknown,no,0,0,0,Medium,0,0,0.040017847
7309,33,blue-collar,married,secondary,395,yes,no,unknown,jun,1,-1,0,unknown,no,0,0,1,Low,0,0,0.05132368
7310,35,technician,single,secondary,175,yes,no,cellular,jan,1,246,1,failure,no,0,1,1,Low,0,0,0.002409353
7311,29,management,married,tertiary,266,yes,no,cellular,jan,2,-1,0,unknown,no,0,0,1,Low,0,0,0.011356579
7312,39,admin.,married,secondary,8,yes,no,telephone,may,6,-1,0,unknown,no,0,0,1,Low,0,0,0.018645318
7313,48,management,single,secondary,7,no,no,cellular,feb,1,-1,0,unknown,no,0,0,0,Low,0,0,0.04698414
7314,29,admin.,single,secondary,732,yes,no,unknown,jun,1,-1,0,unknown,no,0,0,1,Low,0,0,0.10377803
7315,26,student,single,secondary,0,no,no,cellular,may,2,-1,0,unknown,no,0,0,0,Negative,0,0,0.15278497
7316,37,technician,married,unknown,189,no,no,cellular,oct,1,107,2,success,yes,1,1,0,Low,1,1,0.61975724
7317,43,technician,married,tertiary,5145,no,no,cellular,aug,7,-1,0,unknown,no,0,0,0,High,0,0,0.08846596
7318,23,management,single,tertiary,377,no,no,unknown,aug,1,-1,0,unknown,no,0,0,0,Low,0,0,0.40760052
7319,33,management,married,tertiary,418,yes,no,cellular,nov,1,-1,0,unknown,no,0,0,1,Low,0,0,0.040160008
7320,30,technician,single,secondary,-127,no,no,cellular,aug,3,-1,0,unknown,no,0,0,0,Negative,0,0,0.010262924
7321,42,services,married,secondary,174,yes,no,cellular,may,1,-1,0,unknown,no,0,0,1,Low,0,0,0.037095875
7322,33,technician,married,secondary,844,yes,no,cellular,jul,3,-1,0,unknown,no,0,0,1,Low,0,0,0.052020434
7323,27,technician,married,secondary,0,yes,yes,telephone,jul,2,-1,0,unknown,no,0,0,1,Negative,0,0,0.0052829124
7324,32,technician,married,tertiary,-196,yes,no,unknown,may,1,-1,0,unknown,no,0,0,1,Negative,0,0,0.018541154
7325,31,blue-collar,married,secondary,822,yes,no,unknown,may,6,-1,0,unknown,no,0,0,1,Low,0,0,0.14498816
7326,56,blue-collar,married,primary,1014,no,no,unknown,jul,1,-1,0,unknown,no,0,0,0,Medium,0,0,0.07444746
7327,47,housemaid,married,secondary,1152,no,no,telephone,jul,13,-1,0,unknown,no,0,0,0,Medium,0,0,0.09725283
7328,33,technician,single,secondary,287,yes,no,cellular,may,1,358,8,failure,no,0,1,1,Low,0,0,0.03423224
7329,53,admin.,married,secondary,109,no,no,telephone,jun,1,-1,0,unknown,yes,1,0,0,Low,1,0,0.1930652
7330,42,blue-collar,married,primary,1520,yes,no,cellular,feb,1,-1,0,unknown,no,0,0,1,Medium,0,0,0.07429366
7331,39,self-employed,married,tertiary,127,no,no,cellular,jul,1,-1,0,unknown,no,0,0,0,Low,0,0,0.09615645
7332,61,retired,married,secondary,2011,no,no,cellular,jun,1,578,2,failure,no,0,1,0,Medium,0,1,0.5883824
7333,50,blue-collar,divorced,primary,388,no,no,cellular,feb,1,-1,0,unknown,no,0,0,0,Low,0,0,0.10658646
7334,32,admin.,married,tertiary,118,no,no,cellular,nov,4,176,10,failure,no,0,1,0,Low,0,0,0.058616046
7335,32,blue-collar,single,secondary,681,no,yes,cellular,may,1,-1,0,unknown,no,0,0,1,Low,0,0,0.2660283
7336,35,entrepreneur,married,secondary,4872,yes,no,cellular,may,3,-1,0,unknown,no,0,0,1,Medium,0,0,0.20648727
7337,57,housemaid,divorced,primary,8278,no,no,cellular,nov,3,-1,0,unknown,no,0,0,0,High,0,0,0.054786664
7338,41,admin.,single,secondary,224,yes,no,cellular,may,8,-1,0,unknown,no,0,0,1,Low,0,0,0.024774058
7339,44,blue-collar,divorced,unknown,532,no,no,unknown,may,2,-1,0,unknown,no,0,0,0,Low,0,0,0.065349534
7340,52,services,divorced,primary,111,yes,no,unknown,may,2,-1,0,unknown,no,0,0,1,Low,0,0,0.023049753
7341,43,blue-collar,married,secondary,105,no,yes,cellular,jul,2,-1,0,unknown,no,0,0,1,Low,0,0,0.04982502
7342,36,management,married,tertiary,1355,yes,no,unknown,jun,8,-1,0,unknown,no,0,0,1,Medium,0,0,0.050060365
7343,47,services,single,secondary,3644,no,no,unknown,jun,2,-1,0,unknown,no,0,0,0,Medium,0,0,0.099473566
7344,47,technician,divorced,secondary,47,no,yes,unknown,jul,2,-1,0,unknown,no,0,0,1,Low,0,0,0.025827264
7345,28,unemployed,single,secondary,16,no,no,cellular,aug,4,-1,0,unknown,no,0,0,0,Low,0,0,0.152308
7346,22,student,single,unknown,1215,no,no,cellular,feb,3,192,1,failure,yes,1,1,0,Medium,1,1,0.67096543
7347,33,management,single,tertiary,1120,no,no,cellular,aug,2,-1,0,unknown,yes,1,0,0,Medium,1,0,0.0847007
7348,31,admin.,single,secondary,8626,no,no,cellular,feb,1,-1,0,unknown,no,0,0,0,High,0,0,0.10410274
7349,41,admin.,married,secondary,442,yes,yes,unknown,may,2,-1,0,unknown,no,0,0,1,Low,0,0,0.020282416
7350,58,retired,married,secondary,374,yes,yes,cellular,jan,1,196,1,failure,no,0,1,1,Low,0,0,0.00909924
7351,53,self-employed,married,tertiary,451,yes,no,unknown,may,2,-1,0,unknown,no,0,0,1,Low,0,0,0.01657673
7352,53,management,divorced,tertiary,913,no,no,cellular,aug,3,-1,0,unknown,no,0,0,0,Low,0,0,0.069220744
7353,44,blue-collar,single,secondary,276,yes,no,unknown,jun,1,411,6,failure,no,0,1,1,Low,0,0,0.16178448
7354,26,admin.,married,secondary,714,yes,no,unknown,may,1,-1,0,unknown,no,0,0,1,Low,0,0,0.056839574
7355,26,blue-collar,single,primary,-887,yes,no,cellular,may,2,-1,0,unknown,yes,1,0,1,Negative,1,0,0.16167958
7356,31,blue-collar,married,secondary,2,yes,no,unknown,may,2,-1,0,unknown,yes,1,0,1,Low,1,0,0.019812534
7357,29,services,married,secondary,57,yes,no,telephone,jul,9,-1,0,unknown,no,0,0,1,Low,0,0,0.0439207
7358,35,services,single,secondary,-2,no,no,unknown,jun,1,-1,0,unknown,no,0,0,0,Negative,0,0,0.027652496
7359,53,admin.,married,primary,228,yes,no,unknown,may,1,-1,0,unknown,no,0,0,1,Low,0,0,0.017918099
7360,34,technician,married,unknown,4053,yes,no,unknown,may,2,-1,0,unknown,no,0,0,1,Medium,0,0,0.044900592
7361,26,blue-collar,single,secondary,24,yes,no,unknown,may,1,-1,0,unknown,no,0,0,1,Low,0,0,0.015319095
7362,83,retired,married,primary,425,no,no,telephone,jun,1,140,1,failure,yes,1,1,0,Low,1,0,0.15559073
7363,36,blue-collar,married,secondary,590,yes,no,unknown,may,2,-1,0,unknown,no,0,0,1,Low,0,0,0.023816153
7364,26,services,single,secondary,50,yes,no,cellular,aug,1,-1,0,unknown,no,0,0,1,Low,0,0,0.14886108
7365,51,self-employed,married,secondary,44,yes,yes,telephone,jul,1,-1,0,unknown,no,0,0,1,Low,0,0,0.0113239195
7366,32,admin.,single,tertiary,8866,no,no,cellular,jun,2,83,2,success,yes,1,1,0,High,1,1,0.60679644
7367,27,management,single,tertiary,1414,yes,no,cellular,feb,1,-1,0,unknown,no,0,0,1,Medium,0,0,0.08871748
7368,50,management,single,tertiary,490,no,no,cellular,aug,5,-1,0,unknown,no,0,0,0,Low,0,0,0.0998368
7369,33,management,married,tertiary,1390,no,no,cellular,mar,1,179,5,failure,no,0,1,0,Medium,0,0,0.47714913
7370,27,student,single,secondary,833,no,no,telephone,jun,5,-1,0,unknown,no,0,0,0,Low,0,0,0.22633238
7371,59,services,divorced,secondary,1,yes,no,cellular,jan,1,253,5,other,yes,1,1,1,Low,1,0,0.02853024
7372,57,unemployed,married,tertiary,42,no,no,unknown,may,1,-1,0,unknown,no,0,0,0,Low,0,0,0.01803385
7373,27,admin.,single,tertiary,4991,yes,no,cellular,feb,1,-1,0,unknown,no,0,0,1,Medium,0,1,0.7697775
7374,44,housemaid,married,primary,26,yes,no,cellular,jul,2,-1,0,unknown,no,0,0,1,Low,0,0,0.01663584
7375,35,blue-collar,married,secondary,137,no,yes,unknown,oct,1,808,12,failure,no,0,1,1,Low,0,0,0.018040039
7376,50,management,married,tertiary,414,yes,no,cellular,apr,1,302,3,failure,yes,1,1,1,Low,1,0,0.040001135
7377,49,technician,married,primary,230,yes,no,unknown,may,1,-1,0,unknown,no,0,0,1,Low,0,0,0.01643583
7378,58,services,married,secondary,5087,no,no,unknown,jun,1,-1,0,unknown,no,0,0,0,High,0,0,0.021539535
7379,45,technician,married,tertiary,2359,no,no,cellular,aug,7,-1,0,unknown,no,0,0,0,Medium,0,0,0.09960411
7380,49,blue-collar,single,secondary,-367,yes,no,cellular,feb,1,207,1,failure,no,0,1,1,Negative,0,0,0.024973597
7381,42,blue-collar,married,secondary,179,yes,no,cellular,nov,1,-1,0,unknown,no,0,0,1,Low,0,0,0.08093347
7382,57,retired,divorced,primary,63,no,yes,cellular,jul,17,-1,0,unknown,yes,1,0,1,Low,1,0,0.005644536
7383,36,management,single,tertiary,265,yes,no,cellular,apr,1,-1,0,unknown,no,0,0,1,Low,0,0,0.121186376
7384,35,admin.,married,primary,1994,no,no,cellular,jul,1,-1,0,unknown,no,0,0,0,Medium,0,0,0.12626387
7385,35,blue-collar,married,primary,46,no,no,cellular,jul,3,-1,0,unknown,no,0,0,0,Low,0,0,0.06919255
7386,44,technician,married,secondary,13761,yes,no,unknown,may,1,-1,0,unknown,no,0,0,1,High,0,0,0.011654674
7387,45,management,married,tertiary,2316,yes,no,unknown,may,3,-1,0,unknown,no,0,0,1,Medium,0,0,0.017329173
7388,56,technician,married,secondary,589,yes,no,cellular,nov,1,26,3,success,no,0,1,1,Low,0,0,0.11227346
7389,36,technician,divorced,secondary,160,yes,no,unknown,may,1,-1,0,unknown,no,0,0,1,Low,0,0,0.075270325
7390,54,technician,divorced,secondary,-291,no,no,cellular,aug,2,-1,0,unknown,no,0,0,0,Negative,0,0,0.03316963
7391,27,services,single,secondary,-151,no,no,cellular,jul,2,-1,0,unknown,no,0,0,0,Negative,0,0,0.010445958
7392,37,blue-collar,married,secondary,426,yes,no,cellular,may,3,345,3,failure,no,0,1,1,Low,0,0,0.046135005
7393,48,technician,married,secondary,720,yes,no,unknown,may,3,-1,0,unknown,no,0,0,1,Low,0,0,0.018258693
7394,32,blue-collar,married,secondary,254,yes,no,cellular,nov,3,-1,0,unknown,yes,1,0,1,Low,1,0,0.046792515
7395,33,technician,single,secondary,9,no,yes,cellular,aug,8,-1,0,unknown,no,0,0,1,Low,0,0,0.013210596
7396,43,technician,divorced,secondary,0,no,no,cellular,aug,2,-1,0,unknown,no,0,0,0,Negative,0,0,0.03420018
7397,54,management,married,secondary,1134,yes,no,cellular,jul,3,-1,0,unknown,yes,1,0,1,Medium,1,0,0.054103173
7398,30,services,married,secondary,179,yes,no,unknown,may,1,-1,0,unknown,no,0,0,1,Low,0,0,0.028552596
7399,44,housemaid,married,primary,-156,no,yes,cellular,jul,2,-1,0,unknown,yes,1,0,1,Negative,1,0,0.005030182
7400,25,blue-collar,single,secondary,1857,yes,no,cellular,oct,1,91,12,success,yes,1,1,1,Medium,1,1,0.8290018
7401,55,services,married,secondary,4263,no,no,cellular,aug,2,-1,0,unknown,no,0,0,0,Medium,0,0,0.086591214
7402,33,admin.,married,secondary,581,yes,no,cellular,nov,2,-1,0,unknown,no,0,0,1,Low,0,0,0.060165107
7403,25,management,single,tertiary,710,no,no,unknown,jul,1,-1,0,unknown,no,0,0,0,Low,0,0,0.17913727
7404,27,student,single,secondary,213,no,no,cellular,mar,1,-1,0,unknown,yes,1,0,0,Low,1,1,0.62181437
7405,44,blue-collar,single,primary,1593,yes,no,cellular,nov,2,174,3,success,no,0,1,1,Medium,0,0,0.28900582
7406,39,technician,single,secondary,-168,no,no,cellular,feb,5,-1,0,unknown,no,0,0,0,Negative,0,0,0.06566141
7407,35,blue-collar,married,secondary,3595,no,no,unknown,jun,1,-1,0,unknown,no,0,0,0,Medium,0,0,0.022166124
7408,36,admin.,single,secondary,-207,no,no,cellular,feb,1,-1,0,unknown,no,0,0,0,Negative,0,0,0.039589204
7409,31,management,single,tertiary,-160,yes,no,unknown,may,2,-1,0,unknown,no,0,0,1,Negative,0,0,0.00842171
7410,29,management,single,tertiary,-233,yes,no,unknown,may,1,-1,0,unknown,no,0,0,1,Negative,0,0,0.04618393
7411,46,management,married,tertiary,4039,yes,no,cellular,jul,9,-1,0,unknown,no,0,0,1,Medium,0,0,0.02535184
7412,32,blue-collar,single,secondary,118,yes,no,cellular,jul,1,-1,0,unknown,yes,1,0,1,Low,1,0,0.14635825
7413,37,housemaid,divorced,secondary,226,no,yes,cellular,nov,2,167,3,other,no,0,1,1,Low,0,0,0.010290583
7414,56,technician,single,tertiary,-528,no,no,cellular,jan,2,184,2,failure,no,0,1,0,Negative,0,0,0.034400377
7415,28,admin.,single,secondary,649,yes,no,cellular,jul,3,-1,0,unknown,no,0,0,1,Low,0,0,0.116257615
7416,26,unemployed,single,secondary,1064,no,no,unknown,may,1,-1,0,unknown,no,0,0,0,Medium,0,0,0.051447734
7417,40,retired,single,secondary,1400,no,no,unknown,jun,7,-1,0,unknown,no,0,0,0,Medium,0,0,0.055167004
7418,35,management,single,tertiary,2808,yes,no,unknown,jun,12,-1,0,unknown,no,0,0,1,Medium,0,0,0.007359479
7419,38,technician,divorced,secondary,631,yes,no,cellular,aug,2,-1,0,unknown,no,0,0,1,Low,0,0,0.049587037
7420,37,blue-collar,married,secondary,0,yes,no,cellular,may,1,300,1,failure,no,0,1,1,Negative,0,0,0.07357522
7421,54,retired,single,primary,466,no,no,cellular,jun,2,-1,0,unknown,no,0,0,0,Low,0,1,0.52333355
7422,25,student,single,secondary,469,no,no,cellular,feb,1,187,2,success,no,0,1,0,Low,0,1,0.9364264
7423,40,services,divorced,secondary,1927,yes,no,unknown,may,1,-1,0,unknown,no,0,0,1,Medium,0,0,0.039566822
7424,46,admin.,married,secondary,31,yes,yes,telephone,jul,2,-1,0,unknown,no,0,0,1,Low,0,0,0.01600582
7425,31,technician,married,secondary,246,no,no,cellular,aug,2,-1,0,unknown,no,0,0,0,Low,0,0,0.0886938
7426,35,admin.,married,secondary,190,yes,no,unknown,may,3,-1,0,unknown,no,0,0,1,Low,0,0,0.023848603
7427,33,admin.,single,secondary,206,yes,no,cellular,mar,2,-1,0,unknown,no,0,0,1,Low,0,1,0.61637634
7428,37,housemaid,single,secondary,465,yes,no,cellular,may,3,-1,0,unknown,yes,1,0,1,Low,1,0,0.08430985
7429,49,technician,divorced,secondary,-1547,yes,yes,unknown,may,3,-1,0,unknown,no,0,0,1,Negative,0,0,0.0029072948
7430,33,admin.,married,secondary,0,no,yes,cellular,feb,5,-1,0,unknown,no,0,0,1,Negative,0,0,0.03786846
7431,37,admin.,single,secondary,16,no,no,unknown,jun,1,-1,0,unknown,no,0,0,0,Low,0,0,0.023889724
7432,36,management,married,tertiary,82,no,no,cellular,feb,1,178,4,success,no,0,1,0,Low,0,1,0.52109724
7433,58,blue-collar,married,unknown,4871,yes,no,unknown,may,2,-1,0,unknown,no,0,0,1,Medium,0,0,0.03880366
7434,26,services,single,secondary,46,yes,no,cellular,may,3,351,6,other,no,0,1,1,Low,0,0,0.105487
7435,47,retired,divorced,tertiary,1431,yes,no,cellular,apr,1,-1,0,unknown,no,0,0,1,Medium,0,0,0.366581
7436,28,management,married,secondary,292,yes,no,unknown,may,1,-1,0,unknown,yes,1,0,1,Low,1,0,0.029726224
7437,31,blue-collar,single,secondary,2093,no,no,cellular,jul,1,-1,0,unknown,no,0,0,0,Medium,0,0,0.12277217
7438,52,admin.,married,secondary,3703,yes,no,cellular,jul,1,-1,0,unknown,no,0,0,1,Medium,0,0,0.09433319
7439,36,blue-collar,married,secondary,1704,no,no,unknown,jun,4,-1,0,unknown,no,0,0,0,Medium,0,0,0.092923
7440,43,management,married,tertiary,0,no,no,cellular,aug,19,-1,0,unknown,no,0,0,0,Negative,0,0,0.0017769826
7441,41,management,married,tertiary,1199,yes,no,cellular,nov,1,-1,0,unknown,no,0,0,1,Medium,0,0,0.04632632
7442,24,management,single,tertiary,0,no,no,cellular,oct,1,-1,0,unknown,no,0,0,0,Negative,0,0,0.38991964
7443,51,technician,married,unknown,573,yes,yes,unknown,may,1,-1,0,unknown,no,0,0,1,Low,0,0,0.015378022
7444,58,housemaid,divorced,primary,0,no,no,unknown,jun,2,-1,0,unknown,no,0,0,0,Negative,0,0,0.03907764
7445,58,management,married,tertiary,473,no,no,cellular,feb,1,262,1,success,yes,1,1,0,Low,1,1,0.84494346
7446,54,technician,married,secondary,1378,yes,no,unknown,may,1,-1,0,unknown,no,0,0,1,Medium,0,0,0.027353872
7447,34,blue-collar,divorced,secondary,1125,yes,yes,cellular,nov,2,-1,0,unknown,no,0,0,1,Medium,0,0,0.062213756
7448,49,entrepreneur,married,primary,-63,yes,no,unknown,may,2,-1,0,unknown,no,0,0,1,Negative,0,0,0.016433572
7449,24,student,single,unknown,0,no,no,cellular,may,2,-1,0,unknown,no,0,0,0,Negative,0,0,0.059068486
7450,29,management,single,tertiary,475,no,no,cellular,jan,2,-1,0,unknown,no,0,0,0,Low,0,0,0.0871126
7451,32,technician,single,secondary,324,no,yes,cellular,feb,1,-1,0,unknown,yes,1,0,1,Low,1,0,0.32391015
7452,38,blue-collar,married,unknown,113,no,no,unknown,may,10,-1,0,unknown,no,0,0,0,Low,0,0,0.008386753
7453,51,housemaid,single,primary,723,no,no,cellular,jan,1,-1,0,unknown,no,0,0,0,Low,0,0,0.026151076
7454,32,technician,married,tertiary,4654,yes,yes,cellular,nov,1,128,2,failure,yes,1,1,1,Medium,1,0,0.021549841
7455,32,management,single,tertiary,2915,no,no,cellular,sep,1,131,2,failure,yes,1,1,0,Medium,1,1,0.6491946
7456,48,blue-collar,married,secondary,480,yes,no,cellular,may,1,352,2,failure,yes,1,1,1,Low,1,0,0.018295439
7457,47,blue-collar,married,secondary,410,yes,yes,cellular,nov,1,-1,0,unknown,no,0,0,1,Low,0,0,0.05050028
7458,36,admin.,married,secondary,96,no,no,cellular,apr,1,87,1,success,yes,1,1,0,Low,1,1,0.8419097
7459,46,technician,married,tertiary,-582,yes,no,cellular,may,4,354,9,other,no,0,1,1,Negative,0,0,0.015588622
7460,27,services,single,secondary,9636,yes,no,unknown,may,2,-1,0,unknown,no,0,0,1,High,0,0,0.07614807
7461,32,services,single,secondary,81,yes,no,unknown,may,5,-1,0,unknown,no,0,0,1,Low,0,0,0.01584142
7462,24,blue-collar,single,unknown,431,yes,no,unknown,jun,12,-1,0,unknown,no,0,0,1,Low,0,0,0.041478794
7463,27,technician,single,unknown,0,yes,no,cellular,feb,1,-1,0,unknown,no,0,0,1,Negative,0,0,0.054679237
7464,51,retired,single,primary,604,no,no,unknown,jun,2,-1,0,unknown,no,0,0,0,Low,0,0,0.14422782
7465,35,technician,single,tertiary,670,yes,no,cellular,jul,18,-1,0,unknown,no,0,0,1,Low,0,0,0.008852069
7466,50,technician,divorced,secondary,0,yes,no,cellular,may,3,92,3,failure,no,0,1,1,Negative,0,0,0.115261674
7467,36,management,married,tertiary,521,no,yes,cellular,nov,2,152,1,other,no,0,1,1,Low,0,0,0.015517905
7468,29,blue-collar,single,secondary,8079,no,yes,cellular,jul,1,-1,0,unknown,no,0,0,1,High,0,0,0.082612686
7469,69,retired,married,secondary,745,no,no,telephone,sep,1,-1,0,unknown,no,0,0,0,Low,0,0,0.37671608
7470,57,entrepreneur,married,unknown,975,yes,yes,cellular,jul,4,-1,0,unknown,no,0,0,1,Low,0,0,0.036695465
7471,52,self-employed,married,secondary,-201,no,yes,cellular,nov,1,133,2,failure,no,0,1,1,Negative,0,0,0.01707439
7472,49,technician,married,secondary,3410,no,no,unknown,aug,1,-1,0,unknown,no,0,0,0,Medium,0,0,0.061432537
7473,41,management,married,tertiary,-370,yes,no,cellular,may,2,-1,0,unknown,no,0,0,1,Negative,0,0,0.06255828
7474,37,technician,single,tertiary,197,no,no,cellular,feb,1,91,2,success,yes,1,1,0,Low,1,1,0.9424175
7475,27,blue-collar,single,secondary,-2,yes,yes,unknown,may,5,-1,0,unknown,no,0,0,1,Negative,0,0,0.022752836
7476,45,blue-collar,single,secondary,-100,yes,no,cellular,jul,1,-1,0,unknown,no,0,0,1,Negative,0,0,0.04569921
7477,43,technician,married,secondary,69,yes,yes,cellular,jul,1,260,2,failure,no,0,1,1,Low,0,0,0.07357667
7478,60,housemaid,married,primary,2008,no,no,cellular,aug,2,-1,0,unknown,no,0,0,0,Medium,0,0,0.02444688
7479,31,admin.,single,tertiary,0,no,no,cellular,nov,1,-1,0,unknown,no,0,0,0,Negative,0,0,0.060153324
7480,48,blue-collar,divorced,secondary,-314,yes,no,cellular,may,5,-1,0,unknown,no,0,0,1,Negative,0,0,0.04030417
7481,41,blue-collar,divorced,secondary,139,yes,no,cellular,may,3,370,1,failure,no,0,1,1,Low,0,0,0.053131852
7482,33,services,married,secondary,255,yes,yes,cellular,may,4,165,4,failure,no,0,1,1,Low,0,0,0.07061047
7483,28,services,married,secondary,38,yes,no,cellular,may,5,355,3,other,no,0,1,1,Low,0,0,0.026115114
7484,41,blue-collar,single,primary,22,yes,no,unknown,may,1,-1,0,unknown,no,0,0,1,Low,0,0,0.048579223
7485,36,technician,divorced,secondary,407,no,no,cellular,nov,1,-1,0,unknown,no,0,0,0,Low,0,0,0.09378074
7486,36,self-employed,married,tertiary,506,no,no,cellular,aug,1,120,1,failure,no,0,1,0,Low,0,0,0.14481252
7487,36,technician,married,secondary,4587,no,no,unknown,may,4,-1,0,unknown,no,0,0,0,Medium,0,0,0.017073527
7488,51,entrepreneur,married,tertiary,6659,yes,yes,unknown,may,1,-1,0,unknown,no,0,0,1,High,0,0,0.025198154
7489,41,admin.,single,secondary,90,yes,no,cellular,may,2,347,4,failure,no,0,1,1,Low,0,0,0.057436254
7490,51,technician,married,secondary,500,yes,no,cellular,nov,6,-1,0,unknown,no,0,0,1,Low,0,0,0.016787112
7491,37,blue-collar,married,secondary,-141,yes,yes,unknown,may,3,-1,0,unknown,no,0,0,1,Negative,0,0,0.0041402685
7492,58,management,single,unknown,127,yes,no,unknown,may,5,-1,0,unknown,no,0,0,1,Low,0,0,0.010248074
7493,40,services,married,primary,258,no,no,unknown,jun,13,-1,0,unknown,no,0,0,0,Low,0,0,0.0056157717
7494,36,technician,single,secondary,144,no,no,cellular,may,1,308,2,failure,no,0,1,0,Low,0,0,0.34936693
7495,34,technician,single,tertiary,2047,yes,no,cellular,nov,2,113,5,failure,no,0,1,1,Medium,0,0,0.006992758
7496,36,unemployed,married,primary,646,no,no,cellular,feb,2,-1,0,unknown,no,0,0,0,Low,0,0,0.16415396
7497,30,services,single,secondary,773,yes,yes,unknown,jun,1,-1,0,unknown,no,0,0,1,Low,0,0,0.06598311
7498,27,unemployed,single,primary,93,no,no,unknown,oct,1,-1,0,unknown,no,0,0,0,Low,0,0,0.23783198
7499,28,student,single,tertiary,170,no,no,telephone,may,5,-1,0,unknown,no,0,0,0,Low,0,0,0.08460964
7500,60,retired,married,tertiary,225,no,no,cellular,aug,2,-1,0,unknown,no,0,0,0,Low,0,0,0.07762106
7501,36,services,married,secondary,257,yes,no,cellular,may,2,-1,0,unknown,no,0,0,1,Low,0,0,0.100174814
7502,39,management,single,secondary,247,yes,no,unknown,may,2,-1,0,unknown,no,0,0,1,Low,0,0,0.049330615
7503,51,blue-collar,married,primary,864,yes,no,cellular,may,1,-1,0,unknown,no,0,0,1,Low,0,0,0.09472964
7504,41,blue-collar,married,primary,258,yes,no,unknown,may,1,-1,0,unknown,no,0,0,1,Low,0,0,0.016513588
7505,45,technician,married,secondary,546,yes,yes,unknown,jun,4,-1,0,unknown,no,0,0,1,Low,0,0,0.027492711
7506,43,blue-collar,single,primary,30,yes,no,unknown,may,17,-1,0,unknown,no,0,0,1,Low,0,0,0.006059719
7507,47,blue-collar,married,primary,25,yes,yes,cellular,jul,3,-1,0,unknown,no,0,0,1,Low,0,0,0.037213236
7508,43,services,married,secondary,1625,yes,no,cellular,apr,1,-1,0,unknown,no,0,0,1,Medium,0,0,0.07105393
7509,44,management,married,secondary,3286,yes,no,cellular,jul,1,-1,0,unknown,no,0,0,1,Medium,0,0,0.09099679
7510,49,management,married,tertiary,1,no,no,telephone,aug,2,101,4,success,yes,1,1,0,Low,1,0,0.27427465
7511,59,retired,married,secondary,2516,yes,yes,unknown,may,1,-1,0,unknown,no,0,0,1,Medium,0,0,0.05376795
7512,31,technician,single,secondary,942,no,no,cellular,aug,2,-1,0,unknown,no,0,0,0,Low,0,0,0.08958293
7513,45,admin.,divorced,secondary,-176,no,yes,cellular,jul,1,-1,0,unknown,yes,1,0,1,Negative,1,0,0.05101328
7514,58,retired,married,primary,745,yes,no,cellular,apr,1,-1,0,unknown,no,0,0,1,Low,0,0,0.06545979
7515,36,management,married,tertiary,4,no,yes,cellular,jul,6,-1,0,unknown,no,0,0,1,Low,0,0,0.033806946
7516,56,technician,married,tertiary,1663,no,no,unknown,jun,1,-1,0,unknown,no,0,0,0,Medium,0,0,0.05153003
7517,45,self-employed,married,tertiary,0,yes,no,cellular,nov,1,-1,0,unknown,no,0,0,1,Negative,0,0,0.061509985
7518,47,blue-collar,married,secondary,1568,yes,no,cellular,feb,1,262,7,success,yes,1,1,1,Medium,1,1,0.8237116
7519,31,services,married,secondary,11512,yes,no,unknown,may,1,-1,0,unknown,no,0,0,1,High,0,0,0.013819376
7520,38,blue-collar,single,secondary,0,no,no,cellular,apr,1,-1,0,unknown,no,0,0,0,Negative,0,1,0.6260883
7521,41,management,single,tertiary,6116,no,no,cellular,sep,1,-1,0,unknown,no,0,0,0,High,0,0,0.2490035
7522,50,unemployed,divorced,tertiary,64,no,no,cellular,jul,6,-1,0,unknown,no,0,0,0,Low,0,0,0.1156319
7523,26,management,single,tertiary,200,no,no,cellular,sep,2,-1,0,unknown,no,0,0,0,Low,0,0,0.48320574
7524,59,retired,married,primary,1064,yes,no,cellular,may,2,-1,0,unknown,no,0,0,1,Medium,0,0,0.06851864
7525,70,retired,married,tertiary,44,no,no,cellular,sep,2,88,2,other,yes,1,1,0,Low,1,1,0.7782335
7526,38,management,married,tertiary,165,yes,no,cellular,apr,1,260,2,other,yes,1,1,1,Low,1,0,0.033708397
7527,47,blue-collar,married,secondary,214,yes,no,unknown,jun,3,-1,0,unknown,no,0,0,1,Low,0,0,0.06011534
7528,29,management,single,tertiary,0,yes,no,cellular,may,2,-1,0,unknown,no,0,0,1,Negative,0,0,0.14471138
7529,53,retired,married,secondary,1139,yes,no,unknown,may,6,-1,0,unknown,no,0,0,1,Medium,0,0,0.015137864
7530,42,unemployed,married,unknown,970,yes,no,telephone,jul,10,-1,0,unknown,yes,1,0,1,Low,1,0,0.07812125
7531,38,unemployed,married,tertiary,201,no,no,cellular,feb,1,-1,0,unknown,no,0,0,0,Low,0,0,0.23590165
7532,52,retired,married,secondary,5423,no,yes,cellular,nov,1,115,1,failure,no,0,1,1,High,0,0,0.01074302
7533,35,blue-collar,single,secondary,5,no,no,unknown,may,3,-1,0,unknown,no,0,0,0,Low,0,0,0.021160457
7534,39,blue-collar,married,primary,2288,yes,no,cellular,may,1,-1,0,unknown,no,0,0,1,Medium,0,0,0.078694396
7535,33,technician,married,tertiary,463,no,no,cellular,aug,7,-1,0,unknown,no,0,0,0,Low,0,0,0.03950388
7536,36,management,married,tertiary,612,no,no,cellular,jul,2,-1,0,unknown,no,0,0,0,Low,0,0,0.08457443
7537,51,admin.,married,secondary,-229,no,no,cellular,feb,3,12,1,other,no,0,1,0,Negative,0,0,0.028437153
7538,53,blue-collar,married,primary,109,no,no,cellular,aug,4,-1,0,unknown,no,0,0,0,Low,0,0,0.03827638
7539,34,admin.,divorced,primary,9569,yes,no,unknown,may,2,-1,0,unknown,no,0,0,1,High,0,0,0.022112567
7540,74,retired,married,primary,0,no,no,telephone,sep,1,-1,0,unknown,no,0,0,0,Negative,0,0,0.39757153
7541,37,blue-collar,married,primary,1021,no,no,unknown,jun,1,-1,0,unknown,no,0,0,0,Medium,0,0,0.0489151
7542,77,retired,married,secondary,4112,no,no,telephone,jan,1,95,2,success,yes,1,1,0,Medium,1,1,0.5287546
7543,55,management,divorced,tertiary,552,no,no,unknown,may,2,-1,0,unknown,no,0,0,0,Low,0,0,0.030215664
7544,58,blue-collar,married,secondary,1859,yes,no,cellular,may,2,264,5,failure,no,0,1,1,Medium,0,0,0.036900934
7545,30,technician,single,secondary,4888,yes,no,cellular,nov,2,-1,0,unknown,no,0,0,1,Medium,0,0,0.16598482
7546,53,admin.,divorced,secondary,-372,yes,no,unknown,may,1,-1,0,unknown,no,0,0,1,Negative,0,0,0.043706894
7547,44,housemaid,divorced,primary,629,no,no,cellular,jul,4,-1,0,unknown,no,0,0,0,Low,0,0,0.055241104
7548,32,unemployed,single,tertiary,99,no,no,cellular,aug,35,-1,0,unknown,no,0,0,0,Low,0,0,0.0047749886
7549,29,management,married,tertiary,239,yes,no,unknown,may,4,-1,0,unknown,no,0,0,1,Low,0,0,0.028651888
7550,55,technician,married,secondary,756,no,no,cellular,aug,3,-1,0,unknown,no,0,0,0,Low,0,0,0.04644631
7551,36,management,single,tertiary,124,yes,no,telephone,jul,4,-1,0,unknown,no,0,0,1,Low,0,0,0.049108174
7552,26,blue-collar,single,secondary,-23,yes,no,unknown,may,1,-1,0,unknown,no,0,0,1,Negative,0,0,0.049576912
7553,31,management,married,tertiary,357,yes,no,cellular,aug,5,-1,0,unknown,no,0,0,1,Low,0,0,0.013843487
7554,38,admin.,divorced,tertiary,2801,yes,yes,cellular,may,2,-1,0,unknown,no,0,0,1,Medium,0,0,0.11534133
7555,53,housemaid,married,secondary,637,no,no,cellular,jan,2,-1,0,unknown,no,0,0,0,Low,0,0,0.047870375
7556,55,blue-collar,married,primary,2896,no,no,unknown,jun,3,-1,0,unknown,no,0,0,0,Medium,0,0,0.03481303
7557,55,entrepreneur,divorced,tertiary,461,yes,yes,unknown,jun,3,-1,0,unknown,no,0,0,1,Low,0,0,0.060074843
7558,82,housemaid,divorced,primary,1381,no,no,cellular,jul,5,181,4,failure,yes,1,1,0,Medium,1,0,0.08669069
7559,60,admin.,married,secondary,-396,yes,no,cellular,may,1,350,1,failure,no,0,1,1,Negative,0,0,0.094411656
7560,32,blue-collar,married,secondary,210,yes,no,cellular,may,3,364,1,other,no,0,1,1,Low,0,0,0.04103658
7561,50,blue-collar,married,primary,-522,yes,no,cellular,may,3,-1,0,unknown,yes,1,0,1,Negative,1,0,0.10828487
7562,46,blue-collar,married,primary,369,yes,no,unknown,may,2,-1,0,unknown,yes,1,0,1,Low,1,0,0.030653663
7563,38,technician,single,secondary,260,no,no,cellular,aug,2,-1,0,unknown,no,0,0,0,Low,0,0,0.06995817
7564,41,management,married,tertiary,0,no,no,cellular,sep,4,63,11,other,yes,1,1,0,Negative,1,0,0.24492584
7565,30,services,single,secondary,194,yes,no,cellular,may,3,301,3,other,no,0,1,1,Low,0,0,0.09756913
7566,39,management,single,tertiary,257,no,no,cellular,jul,1,-1,0,unknown,no,0,0,0,Low,0,0,0.13150205
7567,57,management,married,tertiary,215,no,yes,cellular,jul,9,-1,0,unknown,no,0,0,1,Low,0,0,0.026782447
7568,46,technician,divorced,secondary,111,yes,no,cellular,nov,3,183,2,other,no,0,1,1,Low,0,0,0.14846475
7569,22,blue-collar,single,secondary,104,yes,no,cellular,apr,1,339,1,other,no,0,1,1,Low,0,0,0.2087474
7570,52,management,married,secondary,335,no,no,cellular,oct,1,182,1,failure,yes,1,1,0,Low,1,0,0.361472
7571,37,management,divorced,secondary,0,yes,no,unknown,jun,1,-1,0,unknown,no,0,0,1,Negative,0,0,0.042052947
7572,27,management,single,tertiary,703,yes,no,unknown,jun,3,-1,0,unknown,yes,1,0,1,Low,1,0,0.099640325
7573,55,services,married,secondary,2990,yes,no,cellular,apr,1,-1,0,unknown,no,0,0,1,Medium,0,0,0.08333908
7574,35,admin.,married,secondary,0,no,no,cellular,jul,11,-1,0,unknown,no,0,0,0,Negative,0,0,0.089739494
7575,49,blue-collar,married,secondary,1946,no,no,cellular,jul,1,-1,0,unknown,yes,1,0,0,Medium,1,0,0.124620624
7576,58,admin.,divorced,secondary,1947,no,no,telephone,oct,1,-1,0,unknown,yes,1,0,0,Medium,1,0,0.35534537
7577,44,admin.,married,secondary,132,no,no,cellular,dec,5,124,4,success,no,0,1,0,Low,0,1,0.5688975
7578,37,blue-collar,married,primary,1,yes,no,unknown,jun,2,-1,0,unknown,no,0,0,1,Low,0,0,0.028181938
7579,57,management,married,secondary,2155,no,yes,cellular,nov,3,91,2,failure,yes,1,1,1,Medium,1,0,0.3788577
7580,35,services,married,secondary,1385,yes,no,cellular,jan,1,-1,0,unknown,no,0,0,1,Medium,0,0,0.03199985
7581,42,self-employed,married,tertiary,0,no,no,cellular,aug,6,-1,0,unknown,no,0,0,0,Negative,0,0,0.10358843
7582,34,management,married,tertiary,402,no,no,cellular,may,1,-1,0,unknown,no,0,0,0,Low,0,0,0.12827085
7583,38,blue-collar,married,secondary,266,yes,no,unknown,may,1,-1,0,unknown,no,0,0,1,Low,0,0,0.018276097
7584,32,management,married,tertiary,183,yes,no,cellular,aug,3,-1,0,unknown,no,0,0,1,Low,0,0,0.04148466
7585,32,entrepreneur,single,primary,1770,no,yes,cellular,jul,6,-1,0,unknown,no,0,0,1,Medium,0,0,0.0885445
7586,60,admin.,married,primary,41,no,no,cellular,aug,6,-1,0,unknown,no,0,0,0,Low,0,0,0.09824433
7587,31,services,single,tertiary,1626,no,no,unknown,jul,1,-1,0,unknown,no,0,0,0,Medium,0,0,0.046055455
7588,37,unemployed,married,secondary,1038,no,no,unknown,jun,3,-1,0,unknown,no,0,0,0,Medium,0,0,0.044484414
7589,47,blue-collar,married,secondary,182,yes,no,telephone,jul,1,-1,0,unknown,yes,1,0,1,Low,1,0,0.05524295
7590,53,technician,single,secondary,0,no,no,cellular,aug,2,-1,0,unknown,no,0,0,0,Negative,0,0,0.1208716
7591,50,entrepreneur,married,tertiary,221,yes,no,cellular,apr,2,340,1,failure,no,0,1,1,Low,0,0,0.009050739
7592,29,technician,divorced,secondary,124,no,no,unknown,may,1,-1,0,unknown,no,0,0,0,Low,0,0,0.031797774
7593,28,blue-collar,single,secondary,43,no,no,unknown,may,1,-1,0,unknown,no,0,0,0,Low,0,0,0.029674508
7594,34,management,single,tertiary,-281,no,no,cellular,aug,6,-1,0,unknown,no,0,0,0,Negative,0,0,0.009469419
7595,36,management,married,secondary,0,no,no,cellular,nov,1,-1,0,unknown,no,0,0,0,Negative,0,0,0.047728308
7596,29,management,married,tertiary,-346,no,no,cellular,jan,2,-1,0,unknown,no,0,0,0,Negative,0,0,0.0027529083
7597,55,retired,married,primary,1821,no,no,cellular,aug,2,-1,0,unknown,no,0,0,0,Medium,0,0,0.062425032
7598,37,self-employed,married,secondary,4153,yes,no,cellular,jul,16,-1,0,unknown,no,0,0,1,Medium,0,0,0.0048643257
7599,36,management,single,tertiary,0,no,yes,cellular,nov,1,96,4,failure,no,0,1,1,Negative,0,0,0.01411851
7600,32,management,married,secondary,0,no,no,cellular,aug,4,-1,0,unknown,no,0,0,0,Negative,0,0,0.022988928
7601,59,technician,married,primary,4243,yes,no,unknown,may,1,-1,0,unknown,no,0,0,1,Medium,0,0,0.019035084
7602,30,technician,divorced,secondary,2262,yes,no,unknown,may,2,-1,0,unknown,no,0,0,1,Medium,0,0,0.04516065
7603,31,management,married,tertiary,35,yes,yes,cellular,nov,2,-1,0,unknown,no,0,0,1,Low,0,0,0.036015432
7604,33,management,married,tertiary,1064,yes,no,cellular,may,1,-1,0,unknown,yes,1,0,1,Medium,1,0,0.100915544
7605,37,services,married,unknown,-224,no,no,unknown,jun,2,-1,0,unknown,no,0,0,0,Negative,0,0,0.015489731
7606,42,blue-collar,married,secondary,349,yes,no,cellular,apr,2,-1,0,unknown,no,0,0,1,Low,0,0,0.06154593
7607,32,admin.,single,secondary,566,yes,no,cellular,jan,1,-1,0,unknown,no,0,0,1,Low,0,0,0.037199393
7608,44,management,single,secondary,3684,yes,no,cellular,may,5,179,3,failure,no,0,1,1,Medium,0,0,0.07657265
7609,33,technician,married,tertiary,1699,no,no,cellular,aug,1,-1,0,unknown,yes,1,0,0,Medium,1,0,0.13079412
7610,34,services,married,secondary,790,yes,no,cellular,apr,2,350,1,failure,no,0,1,1,Low,0,0,0.041257583
7611,46,technician,single,secondary,148,yes,no,unknown,may,1,-1,0,unknown,no,0,0,1,Low,0,0,0.037376832
7612,43,blue-collar,divorced,secondary,-91,yes,yes,cellular,may,3,167,4,other,no,0,1,1,Negative,0,0,0.0626716
7613,45,management,single,tertiary,16,no,no,cellular,jul,2,-1,0,unknown,no,0,0,0,Low,0,0,0.049903996
7614,49,services,divorced,secondary,579,yes,no,cellular,may,1,-1,0,unknown,no,0,0,1,Low,0,0,0.07006151
7615,19,student,single,secondary,526,no,no,cellular,dec,3,-1,0,unknown,no,0,0,0,Low,0,0,0.44634974
7616,56,blue-collar,married,secondary,0,no,no,unknown,jun,2,-1,0,unknown,no,0,0,0,Negative,0,0,0.04031888
7617,45,retired,divorced,secondary,229,no,no,unknown,jun,2,-1,0,unknown,no,0,0,0,Low,0,0,0.04557704
7618,28,admin.,divorced,secondary,785,yes,no,unknown,may,2,-1,0,unknown,yes,1,0,1,Low,1,0,0.021149872
7619,51,management,married,tertiary,94,yes,no,cellular,nov,3,-1,0,unknown,no,0,0,1,Low,0,0,0.029497368
7620,44,technician,married,tertiary,1933,no,no,cellular,jun,1,-1,0,unknown,yes,1,0,0,Medium,1,0,0.41512752
7621,40,technician,single,secondary,572,no,no,cellular,nov,1,91,2,failure,no,0,1,0,Low,0,0,0.09704547
7622,53,technician,married,secondary,0,no,no,cellular,aug,9,-1,0,unknown,no,0,0,0,Negative,0,0,0.014368716
7623,52,admin.,married,secondary,2347,no,yes,cellular,aug,3,-1,0,unknown,no,0,0,1,Medium,0,0,0.066796035
7624,34,management,married,tertiary,557,yes,no,cellular,jan,1,197,1,failure,no,0,1,1,Low,0,0,0.0024985347
7625,33,technician,married,secondary,3071,yes,yes,cellular,jul,1,-1,0,unknown,no,0,0,1,Medium,0,0,0.04234338
7626,44,blue-collar,married,secondary,129,yes,yes,unknown,may,2,-1,0,unknown,no,0,0,1,Low,0,0,0.0180624
7627,57,retired,divorced,tertiary,5253,no,no,unknown,jun,3,-1,0,unknown,no,0,0,0,High,0,0,0.081197
7628,50,entrepreneur,married,secondary,533,yes,no,cellular,may,2,-1,0,unknown,no,0,0,1,Low,0,0,0.0423461
7629,41,management,single,tertiary,601,yes,yes,cellular,feb,2,-1,0,unknown,no,0,0,1,Low,0,0,0.04443363
7630,34,management,divorced,tertiary,0,yes,no,cellular,nov,1,-1,0,unknown,no,0,0,1,Negative,0,0,0.05756597
7631,37,admin.,single,secondary,796,yes,no,telephone,jan,3,-1,0,unknown,no,0,0,1,Low,0,0,0.020856343
7632,32,management,single,tertiary,11,yes,yes,cellular,may,1,-1,0,unknown,no,0,0,1,Low,0,0,0.07379289
7633,40,management,married,tertiary,342,yes,no,cellular,may,4,-1,0,unknown,no,0,0,1,Low,0,0,0.07900619
7634,32,blue-collar,single,primary,216,yes,no,cellular,may,2,351,1,success,no,0,1,1,Low,0,0,0.06083755
7635,47,management,married,tertiary,3556,yes,no,unknown,jun,4,-1,0,unknown,no,0,0,1,Medium,0,0,0.047807604
7636,38,management,married,tertiary,1988,yes,no,cellular,jun,1,79,4,other,no,0,1,1,Medium,0,0,0.37350672
7637,57,services,married,secondary,1577,yes,no,telephone,may,2,357,1,other,no,0,1,1,Medium,0,0,0.046879698
7638,38,admin.,married,secondary,1,no,no,unknown,may,1,-1,0,unknown,no,0,0,0,Low,0,0,0.016119888
7639,36,admin.,single,secondary,587,yes,no,cellular,apr,3,-1,0,unknown,no,0,0,1,Low,0,0,0.12594749
7640,29,technician,single,tertiary,828,yes,no,cellular,apr,3,321,3,other,no,0,1,1,Low,0,0,0.08906911
7641,28,management,single,tertiary,616,yes,no,cellular,oct,1,503,2,success,no,0,1,1,Low,0,1,0.587841
7642,47,entrepreneur,divorced,tertiary,178,no,no,cellular,feb,1,-1,0,unknown,no,0,0,0,Low,0,0,0.06395929
7643,41,management,married,tertiary,217,no,no,cellular,nov,1,-1,0,unknown,no,0,0,0,Low,0,0,0.06913407
7644,39,blue-collar,single,secondary,383,yes,yes,cellular,feb,2,-1,0,unknown,no,0,0,1,Low,0,0,0.041702744
7645,42,entrepreneur,divorced,secondary,31,no,no,unknown,jun,1,-1,0,unknown,no,0,0,0,Low,0,0,0.035257615
7646,45,blue-collar,divorced,secondary,0,no,no,unknown,jun,5,-1,0,unknown,no,0,0,0,Negative,0,0,0.03812168
7647,34,entrepreneur,married,tertiary,-508,yes,no,cellular,feb,1,-1,0,unknown,no,0,0,1,Negative,0,0,0.08106877
7648,46,technician,divorced,secondary,741,yes,no,cellular,jan,1,258,1,other,no,0,1,1,Low,0,0,0.02514791
7649,49,unemployed,married,secondary,136,no,yes,cellular,jul,1,-1,0,unknown,no,0,0,1,Low,0,0,0.049671486
7650,46,unknown,married,tertiary,8564,no,no,cellular,aug,2,342,1,failure,no,0,1,0,High,0,0,0.21175897
7651,41,self-employed,married,primary,-8,yes,no,unknown,may,2,-1,0,unknown,no,0,0,1,Negative,0,0,0.011649754
7652,24,blue-collar,single,secondary,9883,no,no,cellular,jul,5,-1,0,unknown,yes,1,0,0,High,1,0,0.12062409
7653,42,technician,married,tertiary,13410,no,yes,cellular,aug,2,-1,0,unknown,no,0,0,1,High,0,0,0.06922832
7654,55,blue-collar,married,unknown,23,no,no,cellular,aug,2,-1,0,unknown,no,0,0,0,Low,0,0,0.060891528
7655,49,admin.,married,secondary,3608,yes,no,unknown,nov,1,-1,0,unknown,yes,1,0,1,Medium,1,0,0.23858292
7656,37,management,single,tertiary,62,yes,no,cellular,aug,2,272,8,success,yes,1,1,1,Low,1,1,0.5238792
7657,29,admin.,single,secondary,488,yes,no,cellular,jun,1,-1,0,unknown,no,0,0,1,Low,0,0,0.36689898
7658,53,technician,married,secondary,237,yes,no,telephone,jul,1,-1,0,unknown,no,0,0,1,Low,0,0,0.062262945
7659,49,management,married,tertiary,412,no,no,cellular,nov,1,-1,0,unknown,no,0,0,0,Low,0,0,0.034252565
7660,39,management,divorced,tertiary,2193,yes,yes,unknown,jun,3,-1,0,unknown,no,0,0,1,Medium,0,0,0.027635416
7661,49,admin.,divorced,secondary,124,yes,yes,cellular,jul,19,-1,0,unknown,no,0,0,1,Low,0,0,0.0028931499
7662,38,technician,single,secondary,-242,yes,no,cellular,may,3,278,6,success,yes,1,1,1,Negative,1,0,0.18562956
7663,32,technician,married,secondary,5,yes,no,cellular,nov,1,-1,0,unknown,no,0,0,1,Low,0,0,0.048568755
7664,53,services,married,secondary,125,yes,no,cellular,may,1,-1,0,unknown,no,0,0,1,Low,0,0,0.050797176
7665,31,blue-collar,married,primary,406,yes,no,unknown,may,1,-1,0,unknown,no,0,0,1,Low,0,0,0.025533648
7666,39,services,married,secondary,53,no,no,unknown,mar,1,394,1,failure,yes,1,1,0,Low,1,0,0.08647256
7667,37,self-employed,married,tertiary,865,yes,yes,cellular,jul,1,-1,0,unknown,no,0,0,1,Low,0,0,0.044880506
7668,30,blue-collar,single,secondary,196,yes,no,unknown,may,7,-1,0,unknown,no,0,0,1,Low,0,0,0.018156111
7669,47,management,divorced,tertiary,140,no,yes,cellular,nov,2,-1,0,unknown,no,0,0,1,Low,0,0,0.13088873
7670,30,management,married,secondary,850,no,no,cellular,aug,2,-1,0,unknown,yes,1,0,0,Low,1,0,0.052531037
7671,42,services,married,tertiary,4216,no,no,cellular,jun,2,-1,0,unknown,yes,1,0,0,Medium,1,0,0.43987504
7672,41,blue-collar,married,secondary,427,yes,yes,cellular,may,2,-1,0,unknown,no,0,0,1,Low,0,0,0.063822135
7673,28,services,married,secondary,0,yes,no,telephone,may,7,-1,0,unknown,no,0,0,1,Negative,0,0,0.027377771
7674,52,technician,married,secondary,195,yes,no,cellular,dec,2,205,3,failure,no,0,1,1,Low,0,0,0.06432215
7675,38,management,single,tertiary,1704,no,no,cellular,sep,1,-1,0,unknown,no,0,0,0,Medium,0,1,0.7536377
7676,46,blue-collar,married,primary,776,no,yes,telephone,jul,2,-1,0,unknown,no,0,0,1,Low,0,0,0.03496525
7677,54,technician,married,secondary,3994,no,yes,cellular,apr,2,-1,0,unknown,yes,1,0,1,Medium,1,0,0.061038032
7678,47,admin.,married,secondary,1210,no,no,cellular,jul,4,-1,0,unknown,no,0,0,0,Medium,0,0,0.14395435
7679,28,technician,married,secondary,742,no,no,cellular,may,1,-1,0,unknown,yes,1,0,0,Low,1,0,0.17380857
7680,40,self-employed,married,secondary,256,no,no,unknown,jun,1,-1,0,unknown,no,0,0,0,Low,0,0,0.050567165
7681,36,unemployed,married,primary,0,no,no,cellular,feb,1,-1,0,unknown,no,0,0,0,Negative,0,0,0.14265315
7682,39,management,married,tertiary,271,yes,no,cellular,apr,1,-1,0,unknown,no,0,0,1,Low,0,0,0.056502428
7683,38,blue-collar,married,secondary,121,yes,yes,cellular,feb,1,212,2,failure,no,0,1,1,Low,0,0,0.021781852
7684,60,unemployed,single,tertiary,361,no,no,cellular,feb,1,-1,0,unknown,no,0,0,0,Low,0,0,0.21772714
7685,36,admin.,married,secondary,131,yes,no,cellular,feb,1,-1,0,unknown,no,0,0,1,Low,0,0,0.04213975
7686,37,admin.,single,tertiary,2505,no,no,cellular,aug,3,-1,0,unknown,no,0,0,0,Medium,0,0,0.12031792
7687,51,unemployed,married,secondary,760,yes,no,unknown,may,1,-1,0,unknown,no,0,0,1,Low,0,0,0.023619331
7688,31,management,married,unknown,68,yes,no,cellular,feb,2,189,27,other,no,0,1,1,Low,0,0,0.1488684
7689,47,services,married,secondary,1269,yes,no,cellular,may,1,253,6,other,no,0,1,1,Medium,0,0,0.09367057
7690,42,admin.,single,secondary,30,yes,no,cellular,feb,1,266,3,failure,no,0,1,1,Low,0,0,0.033015393
7691,33,admin.,married,secondary,2,yes,yes,cellular,jul,12,-1,0,unknown,no,0,0,1,Low,0,0,0.023856824
7692,47,management,married,tertiary,699,no,no,cellular,aug,3,97,2,success,no,0,1,0,Low,0,1,0.8416263
7693,44,retired,married,secondary,7624,no,no,unknown,may,5,-1,0,unknown,no,0,0,0,High,0,0,0.014159335
7694,57,housemaid,divorced,primary,0,no,no,unknown,jun,1,-1,0,unknown,no,0,0,0,Negative,0,0,0.020139098
7695,23,student,single,secondary,381,no,no,cellular,feb,1,189,2,other,yes,1,1,0,Low,1,1,0.8839982
7696,30,technician,single,tertiary,0,no,no,cellular,aug,6,-1,0,unknown,no,0,0,0,Negative,0,0,0.042047415
7697,27,services,single,secondary,430,yes,no,unknown,may,2,-1,0,unknown,no,0,0,1,Low,0,0,0.046693683
7698,35,management,married,secondary,1825,yes,no,unknown,jun,1,-1,0,unknown,no,0,0,1,Medium,0,0,0.016326047
7699,33,technician,single,secondary,555,no,yes,cellular,jul,2,-1,0,unknown,no,0,0,1,Low,0,0,0.11936717
7700,34,admin.,single,secondary,-478,yes,yes,unknown,jun,4,-1,0,unknown,no,0,0,1,Negative,0,0,0.020349257
7701,30,technician,single,secondary,768,no,yes,unknown,may,2,-1,0,unknown,no,0,0,1,Low,0,0,0.13760307
7702,50,management,married,secondary,125,yes,yes,cellular,may,5,-1,0,unknown,no,0,0,1,Low,0,0,0.027366916
7703,46,admin.,married,secondary,38,yes,yes,cellular,may,1,-1,0,unknown,no,0,0,1,Low,0,0,0.12696764
7704,47,management,divorced,tertiary,10399,yes,no,unknown,may,2,-1,0,unknown,no,0,0,1,High,0,0,0.041996468
7705,32,technician,single,secondary,90,no,no,cellular,aug,2,-1,0,unknown,no,0,0,0,Low,0,0,0.03971642
7706,50,management,married,tertiary,4,yes,yes,telephone,nov,3,-1,0,unknown,no,0,0,1,Low,0,0,0.018724771
7707,43,management,married,tertiary,-183,no,no,cellular,jul,1,-1,0,unknown,no,0,0,0,Negative,0,0,0.019200075
7708,35,admin.,married,tertiary,12634,no,no,cellular,nov,1,-1,0,unknown,no,0,0,0,High,0,0,0.0319322
7709,32,management,single,tertiary,1619,no,no,cellular,mar,1,321,2,success,no,0,1,0,Medium,0,1,0.69163513
7710,42,management,married,tertiary,9009,no,no,cellular,nov,2,-1,0,unknown,no,0,0,0,High,0,0,0.09018198
7711,24,technician,single,secondary,278,yes,no,unknown,may,1,-1,0,unknown,no,0,0,1,Low,0,0,0.22453716
7712,45,services,married,secondary,22,yes,no,unknown,may,3,-1,0,unknown,no,0,0,1,Low,0,0,0.019974895
7713,31,blue-collar,single,secondary,1882,no,no,cellular,may,2,-1,0,unknown,no,0,0,0,Medium,0,0,0.11377872
7714,42,entrepreneur,married,secondary,324,yes,no,cellular,jul,3,-1,0,unknown,no,0,0,1,Low,0,0,0.06691994
7715,33,management,single,tertiary,134,no,no,cellular,aug,2,-1,0,unknown,no,0,0,0,Low,0,0,0.0941562
7716,31,technician,single,tertiary,830,yes,no,cellular,feb,3,-1,0,unknown,no,0,0,1,Low,0,0,0.10206174
7717,33,blue-collar,married,secondary,0,yes,yes,cellular,jul,1,-1,0,unknown,no,0,0,1,Negative,0,0,0.06274712
7718,41,blue-collar,married,secondary,121,yes,no,cellular,may,6,176,5,other,no,0,1,1,Low,0,0,0.015924212
7719,44,blue-collar,married,secondary,2017,yes,no,unknown,may,3,-1,0,unknown,no,0,0,1,Medium,0,0,0.044079106
7720,52,management,married,tertiary,72,no,no,cellular,feb,1,-1,0,unknown,no,0,0,0,Low,0,0,0.07658186
7721,31,management,single,tertiary,682,yes,no,unknown,may,5,-1,0,unknown,no,0,0,1,Low,0,0,0.045919765
7722,38,management,single,tertiary,1373,no,no,cellular,oct,4,-1,0,unknown,no,0,0,0,Medium,0,0,0.45743293
7723,35,admin.,married,secondary,3187,yes,no,unknown,may,1,-1,0,unknown,no,0,0,1,Medium,0,0,0.028370185
7724,46,blue-collar,married,primary,564,yes,no,cellular,jul,2,-1,0,unknown,no,0,0,1,Low,0,0,0.061735027
7725,46,unemployed,married,primary,1,yes,no,cellular,jul,2,-1,0,unknown,no,0,0,1,Low,0,0,0.029471165
7726,29,technician,single,secondary,1856,yes,yes,cellular,may,1,-1,0,unknown,no,0,0,1,Medium,0,0,0.08864274
7727,34,management,married,tertiary,1339,no,no,cellular,aug,8,-1,0,unknown,no,0,0,0,Medium,0,0,0.05806392
7728,38,blue-collar,married,secondary,0,no,no,cellular,nov,3,-1,0,unknown,no,0,0,0,Negative,0,0,0.042095248
7729,46,technician,single,secondary,4367,yes,no,cellular,jun,1,96,1,failure,no,0,1,1,Medium,0,0,0.3648194
7730,47,blue-collar,married,primary,292,no,yes,telephone,jul,3,-1,0,unknown,no,0,0,1,Low,0,0,0.020117199
7731,54,technician,married,secondary,-777,no,yes,cellular,aug,2,-1,0,unknown,no,0,0,1,Negative,0,0,0.05194464
7732,37,management,married,secondary,33,no,yes,cellular,jul,1,-1,0,unknown,no,0,0,1,Low,0,0,0.036535647
7733,61,management,married,secondary,544,no,no,cellular,dec,3,200,9,success,yes,1,1,0,Low,1,1,0.9129036
7734,45,blue-collar,single,unknown,713,no,no,cellular,jul,2,-1,0,unknown,no,0,0,0,Low,0,0,0.06993285
7735,51,retired,married,primary,670,yes,no,cellular,may,1,-1,0,unknown,no,0,0,1,Low,0,0,0.073252544
7736,27,technician,single,secondary,357,yes,no,unknown,may,3,-1,0,unknown,no,0,0,1,Low,0,0,0.07264281
7737,32,technician,single,secondary,554,no,no,cellular,aug,3,-1,0,unknown,no,0,0,0,Low,0,0,0.095995046
7738,35,blue-collar,married,secondary,162,no,yes,cellular,jul,2,-1,0,unknown,no,0,0,1,Low,0,0,0.04604984
7739,43,services,married,primary,29,no,no,telephone,jul,8,-1,0,unknown,no,0,0,0,Low,0,0,0.011800364
7740,46,management,married,unknown,802,yes,no,cellular,jan,1,189,1,failure,no,0,1,1,Low,0,0,0.00892013
7741,34,blue-collar,married,secondary,-331,yes,yes,unknown,may,1,-1,0,unknown,no,0,0,1,Negative,0,0,0.0133137675
7742,35,management,single,tertiary,1891,yes,no,cellular,feb,3,270,5,failure,no,0,1,1,Medium,0,0,0.119660325
7743,40,technician,single,secondary,287,yes,no,cellular,may,1,298,3,failure,no,0,1,1,Low,0,0,0.06869474
7744,34,technician,single,secondary,105,yes,no,cellular,may,2,171,3,failure,no,0,1,1,Low,0,0,0.034414485
7745,59,admin.,married,secondary,2381,no,no,cellular,apr,2,-1,0,unknown,no,0,0,0,Medium,0,0,0.2803233
7746,39,blue-collar,single,secondary,4286,yes,no,unknown,may,2,-1,0,unknown,no,0,0,1,Medium,0,0,0.08311686
7747,37,management,married,tertiary,675,no,no,cellular,aug,13,-1,0,unknown,no,0,0,0,Low,0,0,0.02085164
7748,44,management,married,secondary,27,yes,no,unknown,may,1,-1,0,unknown,no,0,0,1,Low,0,0,0.009327855
7749,34,admin.,married,secondary,1689,no,no,unknown,may,1,-1,0,unknown,no,0,0,0,Medium,0,0,0.0206061
7750,55,retired,married,tertiary,357,yes,no,cellular,apr,1,-1,0,unknown,no,0,0,1,Low,0,0,0.32583606
7751,31,management,single,tertiary,3295,no,no,cellular,feb,2,-1,0,unknown,no,0,0,0,Medium,0,0,0.19042894
7752,78,retired,divorced,unknown,2628,no,no,telephone,apr,2,-1,0,unknown,no,0,0,0,Medium,0,1,0.6855302
7753,47,blue-collar,married,secondary,1536,yes,no,cellular,apr,1,301,4,other,no,0,1,1,Medium,0,0,0.071173765
7754,44,technician,single,unknown,11115,no,no,cellular,oct,1,185,4,success,no,0,1,0,High,0,1,0.89731705
7755,40,admin.,married,secondary,540,yes,no,cellular,jul,1,-1,0,unknown,no,0,0,1,Low,0,0,0.061087873
7756,52,management,married,tertiary,576,no,no,cellular,aug,3,-1,0,unknown,yes,1,0,0,Low,1,0,0.058978643
7757,55,management,divorced,tertiary,36,no,no,cellular,jul,2,-1,0,unknown,no,0,0,0,Low,0,0,0.12421231
7758,25,services,single,secondary,3217,yes,no,unknown,may,1,-1,0,unknown,no,0,0,1,Medium,0,0,0.15487143
7759,46,blue-collar,married,secondary,1352,yes,no,cellular,feb,1,-1,0,unknown,no,0,0,1,Medium,0,0,0.11360698
7760,34,technician,divorced,secondary,1107,yes,yes,unknown,may,1,-1,0,unknown,no,0,0,1,Medium,0,0,0.01545504
7761,57,blue-collar,single,primary,3495,no,yes,cellular,nov,3,-1,0,unknown,no,0,0,1,Medium,0,0,0.037299458
7762,31,services,married,secondary,505,no,no,cellular,jul,3,-1,0,unknown,no,0,0,0,Low,0,0,0.1439887
7763,42,technician,married,secondary,83,yes,yes,cellular,may,2,-1,0,unknown,no,0,0,1,Low,0,0,0.04837929
7764,59,management,divorced,tertiary,-23,yes,no,telephone,may,2,-1,0,unknown,no,0,0,1,Negative,0,0,0.0117550045
7765,25,technician,single,secondary,1135,yes,no,unknown,may,3,-1,0,unknown,no,0,0,1,Medium,0,0,0.030249013
7766,32,management,single,tertiary,347,yes,no,cellular,may,1,264,6,failure,no,0,1,1,Low,0,0,0.06686724
7767,30,management,married,tertiary,1235,no,no,cellular,jan,2,-1,0,unknown,no,0,0,0,Medium,0,0,0.12010376
7768,33,management,single,tertiary,373,no,yes,cellular,oct,1,-1,0,unknown,no,0,0,1,Low,0,0,0.195276
7769,35,management,single,tertiary,747,no,no,cellular,feb,2,176,3,failure,no,0,1,0,Low,0,0,0.30300134
7770,39,services,married,secondary,-119,no,yes,unknown,jun,2,-1,0,unknown,no,0,0,1,Negative,0,0,0.015515427
7771,41,technician,married,secondary,2851,no,no,cellular,aug,3,-1,0,unknown,no,0,0,0,Medium,0,0,0.100568965
7772,35,management,single,secondary,329,no,no,cellular,jul,8,-1,0,unknown,no,0,0,0,Low,0,0,0.1175478
7773,34,blue-collar,married,secondary,-304,yes,yes,unknown,jun,4,-1,0,unknown,no,0,0,1,Negative,0,0,0.023716858
7774,59,retired,divorced,primary,217,yes,no,unknown,may,3,-1,0,unknown,no,0,0,1,Low,0,0,0.03836578
7775,31,admin.,divorced,secondary,2294,yes,no,unknown,may,2,-1,0,unknown,no,0,0,1,Medium,0,0,0.023821974
7776,27,management,single,tertiary,497,no,no,cellular,feb,1,-1,0,unknown,no,0,0,0,Low,0,0,0.10657864
7777,64,retired,married,unknown,34,no,no,cellular,aug,2,-1,0,unknown,yes,1,0,0,Low,1,0,0.19049981
7778,54,admin.,divorced,secondary,791,no,yes,cellular,jul,1,-1,0,unknown,no,0,0,1,Low,0,0,0.09572941
7779,47,blue-collar,married,secondary,4101,yes,no,cellular,jul,1,-1,0,unknown,no,0,0,1,Medium,0,0,0.08403665
7780,27,blue-collar,married,secondary,0,no,no,unknown,may,3,-1,0,unknown,no,0,0,0,Negative,0,0,0.011679599
7781,37,services,married,secondary,-954,yes,no,unknown,may,3,-1,0,unknown,no,0,0,1,Negative,0,0,0.01904367
7782,33,management,single,tertiary,-149,yes,no,cellular,jul,3,-1,0,unknown,no,0,0,1,Negative,0,0,0.009701886
7783,43,admin.,single,unknown,87,yes,no,unknown,may,2,-1,0,unknown,no,0,0,1,Low,0,0,0.024739526
7784,56,management,married,tertiary,1674,yes,yes,cellular,jul,1,-1,0,unknown,no,0,0,1,Medium,0,0,0.063056864
7785,30,admin.,married,secondary,2284,yes,no,cellular,nov,1,-1,0,unknown,no,0,0,1,Medium,0,0,0.093790144
7786,33,services,married,secondary,-49,yes,no,unknown,may,2,-1,0,unknown,no,0,0,1,Negative,0,0,0.022127947
7787,29,entrepreneur,married,secondary,5918,yes,no,cellular,may,1,-1,0,unknown,no,0,0,1,High,0,0,0.3435252
7788,43,blue-collar,married,secondary,490,yes,no,cellular,may,2,368,2,failure,no,0,1,1,Low,0,0,0.023403263
7789,44,admin.,married,unknown,-299,yes,no,unknown,may,1,-1,0,unknown,no,0,0,1,Negative,0,0,0.0065860674
7790,46,technician,single,secondary,182,no,no,cellular,aug,4,-1,0,unknown,no,0,0,0,Low,0,0,0.037173137
7791,43,admin.,married,secondary,186,no,yes,cellular,jul,21,-1,0,unknown,no,0,0,1,Low,0,0,0.0025739965
7792,34,management,divorced,tertiary,2466,no,no,cellular,jun,1,281,5,other,no,0,1,0,Medium,0,0,0.26998556
7793,34,management,married,tertiary,2599,no,no,cellular,nov,1,200,2,success,no,0,1,0,Medium,0,1,0.7645762
7794,45,technician,married,secondary,406,yes,no,cellular,jun,1,307,10,other,no,0,1,1,Low,0,0,0.16044569
7795,30,technician,single,secondary,-305,no,yes,cellular,aug,6,-1,0,unknown,no,0,0,1,Negative,0,0,0.040331732
7796,27,admin.,single,secondary,592,yes,yes,cellular,feb,3,-1,0,unknown,no,0,0,1,Low,0,0,0.05065578
7797,39,admin.,married,secondary,1985,yes,no,unknown,may,4,-1,0,unknown,no,0,0,1,Medium,0,0,0.027380336
7798,29,admin.,married,secondary,488,no,yes,cellular,jul,1,-1,0,unknown,no,0,0,1,Low,0,0,0.06936223
7799,38,blue-collar,married,secondary,566,yes,yes,telephone,apr,2,332,6,other,no,0,1,1,Low,0,0,0.011693075
7800,27,blue-collar,single,secondary,240,yes,no,cellular,may,4,-1,0,unknown,no,0,0,1,Low,0,0,0.09187161
7801,45,blue-collar,married,secondary,1239,no,no,telephone,jul,4,-1,0,unknown,no,0,0,0,Medium,0,0,0.07040856
7802,57,blue-collar,married,secondary,221,yes,no,unknown,may,2,-1,0,unknown,no,0,0,1,Low,0,0,0.013498791
7803,43,blue-collar,married,secondary,3,yes,no,telephone,may,1,174,2,failure,no,0,1,1,Low,0,0,0.018921258
7804,25,blue-collar,married,primary,657,yes,yes,unknown,may,1,-1,0,unknown,no,0,0,1,Low,0,0,0.02461414
7805,32,management,married,tertiary,62,yes,no,cellular,may,1,-1,0,unknown,no,0,0,1,Low,0,0,0.12466864
7806,51,blue-collar,married,secondary,717,no,no,cellular,aug,2,-1,0,unknown,no,0,0,0,Low,0,0,0.09794344
7807,60,retired,married,primary,0,no,no,cellular,aug,3,-1,0,unknown,no,0,0,0,Negative,0,0,0.073543794
7808,29,blue-collar,divorced,unknown,101,yes,no,cellular,may,2,355,4,failure,no,0,1,1,Low,0,0,0.10126867
7809,52,management,married,secondary,0,no,no,cellular,jul,3,-1,0,unknown,no,0,0,0,Negative,0,0,0.04590688
7810,42,blue-collar,married,primary,666,yes,no,unknown,may,3,-1,0,unknown,no,0,0,1,Low,0,0,0.03713594
7811,60,management,married,tertiary,2222,yes,no,cellular,jul,2,-1,0,unknown,yes,1,0,1,Medium,1,0,0.10980713
7812,33,blue-collar,married,secondary,0,no,yes,cellular,jul,3,-1,0,unknown,no,0,0,1,Negative,0,0,0.06984136
7813,43,management,married,tertiary,1336,yes,yes,cellular,may,2,309,1,failure,no,0,1,1,Medium,0,0,0.069348656
7814,32,technician,single,secondary,0,no,no,cellular,feb,1,-1,0,unknown,no,0,0,0,Negative,0,0,0.09822737
7815,31,admin.,divorced,secondary,824,yes,no,unknown,jul,3,-1,0,unknown,no,0,0,1,Low,0,0,0.1543194
7816,38,blue-collar,married,secondary,171,yes,no,unknown,may,5,-1,0,unknown,no,0,0,1,Low,0,0,0.019912971
7817,48,management,married,tertiary,4060,no,no,cellular,aug,2,-1,0,unknown,no,0,0,0,Medium,0,0,0.08024154
7818,32,technician,single,tertiary,1094,yes,no,cellular,may,7,-1,0,unknown,no,0,0,1,Medium,0,0,0.06928546
7819,42,housemaid,divorced,tertiary,364,no,no,cellular,nov,1,-1,0,unknown,no,0,0,0,Low,0,0,0.025498848
7820,27,blue-collar,married,secondary,102,no,yes,cellular,jul,2,-1,0,unknown,no,0,0,1,Low,0,0,0.04534811
7821,48,blue-collar,married,primary,1670,no,no,unknown,jun,1,-1,0,unknown,no,0,0,0,Medium,0,0,0.02412538
7822,42,admin.,single,secondary,164,yes,yes,unknown,oct,1,-1,0,unknown,no,0,0,1,Low,0,1,0.7664061
7823,39,blue-collar,married,secondary,459,yes,no,unknown,may,2,-1,0,unknown,no,0,0,1,Low,0,0,0.026195785
7824,41,blue-collar,married,primary,164,yes,no,cellular,may,4,330,11,other,no,0,1,1,Low,0,0,0.023316206
7825,31,housemaid,married,tertiary,0,no,no,unknown,aug,15,-1,0,unknown,no,0,0,0,Negative,0,0,0.007743719
7826,37,management,married,secondary,121,no,yes,unknown,jun,2,-1,0,unknown,no,0,0,1,Low,0,0,0.044479895
7827,52,services,divorced,secondary,12,yes,no,cellular,may,1,170,1,failure,no,0,1,1,Low,0,0,0.027075445
7828,49,management,married,tertiary,85,yes,no,cellular,may,5,359,1,other,yes,1,1,1,Low,1,0,0.018729527
7829,45,management,married,tertiary,0,no,no,cellular,jul,2,-1,0,unknown,no,0,0,0,Negative,0,0,0.030142866
7830,48,self-employed,married,tertiary,0,no,no,cellular,jan,3,-1,0,unknown,yes,1,0,0,Negative,1,0,0.04802665
7831,44,management,divorced,tertiary,-26,no,no,cellular,aug,4,-1,0,unknown,no,0,0,0,Negative,0,0,0.07305718
7832,51,technician,married,secondary,563,yes,no,cellular,nov,1,123,3,failure,no,0,1,1,Low,0,0,0.035055023
7833,27,blue-collar,married,secondary,872,yes,no,cellular,apr,3,-1,0,unknown,no,0,0,1,Low,0,0,0.04958947
7834,50,blue-collar,married,secondary,716,yes,no,cellular,may,2,-1,0,unknown,no,0,0,1,Low,0,0,0.066720694
7835,34,management,married,secondary,2311,yes,no,cellular,nov,1,-1,0,unknown,no,0,0,1,Medium,0,0,0.07064248
7836,48,blue-collar,married,secondary,1794,yes,yes,cellular,may,1,343,2,failure,no,0,1,1,Medium,0,0,0.09521033
7837,30,housemaid,single,secondary,49,yes,no,unknown,may,2,-1,0,unknown,no,0,0,1,Low,0,0,0.02998292
7838,28,services,single,secondary,118,yes,yes,cellular,may,3,368,1,failure,no,0,1,1,Low,0,0,0.09784777
7839,54,blue-collar,single,secondary,40,yes,no,cellular,jul,2,-1,0,unknown,no,0,0,1,Low,0,0,0.10475566
7840,46,management,married,tertiary,587,no,no,telephone,feb,1,-1,0,unknown,no,0,0,0,Low,0,0,0.16479003
7841,36,management,married,tertiary,-861,yes,yes,cellular,jul,2,-1,0,unknown,no,0,0,1,Negative,0,0,0.008638223
7842,29,technician,single,secondary,213,yes,no,cellular,may,1,361,1,failure,no,0,1,1,Low,0,0,0.029218366
7843,34,technician,single,secondary,105,yes,no,cellular,nov,1,196,2,failure,no,0,1,1,Low,0,0,0.042401128
7844,35,services,married,secondary,-50,no,no,cellular,feb,1,-1,0,unknown,no,0,0,0,Negative,0,0,0.018753747
7845,38,technician,married,tertiary,536,no,no,cellular,aug,4,-1,0,unknown,no,0,0,0,Low,0,0,0.048373558
7846,52,services,married,secondary,657,no,no,telephone,jul,2,460,2,failure,yes,1,1,0,Low,1,0,0.1517132
7847,45,technician,married,secondary,44,yes,no,unknown,may,4,-1,0,unknown,no,0,0,1,Low,0,0,0.010652998
7848,38,technician,married,secondary,821,yes,yes,unknown,may,1,-1,0,unknown,no,0,0,1,Low,0,0,0.027433624
7849,60,retired,married,primary,0,no,no,unknown,jun,1,-1,0,unknown,no,0,0,0,Negative,0,0,0.033069566
7850,34,management,married,tertiary,0,no,no,cellular,aug,2,-1,0,unknown,no,0,0,0,Negative,0,0,0.03121595
7851,32,management,married,tertiary,1900,no,no,cellular,aug,16,-1,0,unknown,no,0,0,0,Medium,0,0,0.039003007
7852,43,technician,single,secondary,593,yes,no,unknown,may,1,-1,0,unknown,no,0,0,1,Low,0,0,0.030178135
7853,34,admin.,single,secondary,10,no,yes,cellular,nov,1,173,3,failure,no,0,1,1,Low,0,0,0.011060878
7854,35,technician,married,secondary,141,yes,no,cellular,aug,2,-1,0,unknown,no,0,0,1,Low,0,0,0.04538984
7855,51,admin.,married,secondary,101,no,no,cellular,aug,3,-1,0,unknown,no,0,0,0,Low,0,0,0.07783185
7856,34,management,single,tertiary,94,no,no,cellular,aug,11,-1,0,unknown,no,0,0,0,Low,0,0,0.057484478
7857,30,blue-collar,married,secondary,578,yes,yes,cellular,apr,2,317,1,failure,no,0,1,1,Low,0,0,0.027188547
7858,50,technician,divorced,tertiary,173,no,yes,unknown,may,1,-1,0,unknown,no,0,0,1,Low,0,0,0.022886647
7859,58,retired,divorced,secondary,-370,no,no,cellular,nov,1,-1,0,unknown,no,0,0,0,Negative,0,0,0.23709492
7860,48,blue-collar,divorced,secondary,4597,yes,no,cellular,jul,1,-1,0,unknown,no,0,0,1,Medium,0,0,0.14895111
7861,47,management,married,tertiary,109,yes,no,cellular,jul,1,-1,0,unknown,no,0,0,1,Low,0,0,0.04268658
7862,86,retired,married,primary,1817,no,no,cellular,mar,3,-1,0,unknown,no,0,0,0,Medium,0,0,0.43528998
7863,19,student,single,primary,103,no,no,cellular,jul,2,-1,0,unknown,yes,1,0,0,Low,1,0,0.08849051
7864,34,admin.,married,secondary,0,yes,no,cellular,feb,1,85,1,failure,yes,1,1,1,Negative,1,0,0.08244172
7865,31,blue-collar,single,secondary,609,yes,no,cellular,apr,1,335,1,failure,no,0,1,1,Low,0,0,0.057620652
7866,42,entrepreneur,married,primary,558,yes,no,cellular,may,2,-1,0,unknown,no,0,0,1,Low,0,0,0.0518485
7867,44,blue-collar,married,secondary,1324,yes,no,telephone,oct,1,89,2,other,no,0,1,1,Medium,0,1,0.6674453
7868,54,housemaid,married,primary,179,no,no,cellular,aug,2,-1,0,unknown,no,0,0,0,Low,0,0,0.014785318
7869,56,management,married,secondary,145,no,no,cellular,feb,1,-1,0,unknown,no,0,0,0,Low,0,0,0.10509202
7870,56,admin.,married,primary,202,yes,no,unknown,may,2,-1,0,unknown,no,0,0,1,Low,0,0,0.009649096
7871,46,blue-collar,married,primary,327,no,yes,cellular,jul,4,-1,0,unknown,no,0,0,1,Low,0,0,0.08346997
7872,40,management,married,secondary,752,no,yes,cellular,nov,1,157,1,failure,no,0,1,1,Low,0,0,0.10015359
7873,38,technician,married,secondary,1063,yes,no,cellular,nov,5,113,2,failure,no,0,1,1,Medium,0,0,0.011300869
7874,44,entrepreneur,married,tertiary,1631,yes,no,unknown,may,2,-1,0,unknown,no,0,0,1,Medium,0,0,0.027922729
7875,54,management,divorced,tertiary,5253,yes,yes,cellular,jul,19,-1,0,unknown,no,0,0,1,High,0,0,0.04151607
7876,33,self-employed,single,tertiary,658,yes,no,cellular,oct,2,183,3,failure,no,0,1,1,Low,0,0,0.42045793
7877,78,retired,divorced,primary,2787,no,no,telephone,jul,1,-1,0,unknown,yes,1,0,0,Medium,1,1,0.6668304
7878,32,technician,single,tertiary,548,no,no,cellular,aug,7,-1,0,unknown,no,0,0,0,Low,0,0,0.14165454
7879,28,blue-collar,single,secondary,1955,no,no,cellular,jan,1,-1,0,unknown,no,0,0,0,Medium,0,0,0.07876973
7880,56,retired,married,tertiary,5769,no,no,unknown,jun,3,-1,0,unknown,no,0,0,0,High,0,0,0.03143164
7881,44,blue-collar,single,unknown,-101,yes,no,unknown,may,1,-1,0,unknown,no,0,0,1,Negative,0,0,0.02518155
7882,37,technician,married,tertiary,16,yes,yes,unknown,may,3,-1,0,unknown,no,0,0,1,Low,0,0,0.010643339
7883,37,services,married,secondary,-601,yes,no,cellular,jul,2,-1,0,unknown,no,0,0,1,Negative,0,0,0.022664921
7884,32,management,married,tertiary,6138,no,no,cellular,jul,2,90,9,failure,yes,1,1,0,High,1,0,0.2465848
7885,54,blue-collar,married,primary,466,no,no,cellular,jul,1,-1,0,unknown,no,0,0,0,Low,0,0,0.14944668
7886,33,blue-collar,married,primary,5151,yes,yes,cellular,may,3,165,5,failure,no,0,1,1,High,0,0,0.039513618
7887,34,management,married,tertiary,351,no,no,cellular,jan,1,-1,0,unknown,no,0,0,0,Low,0,0,0.048240066
7888,72,retired,married,primary,9160,no,no,cellular,feb,1,-1,0,unknown,no,0,0,0,High,0,0,0.1864043
7889,37,admin.,married,secondary,250,yes,no,cellular,aug,1,-1,0,unknown,no,0,0,1,Low,0,0,0.08260855
7890,42,entrepreneur,divorced,tertiary,626,yes,no,cellular,aug,2,-1,0,unknown,no,0,0,1,Low,0,0,0.09326402
7891,48,technician,married,secondary,268,no,no,cellular,jul,1,-1,0,unknown,no,0,0,0,Low,0,0,0.13070859
7892,38,admin.,single,secondary,393,no,no,unknown,may,2,-1,0,unknown,no,0,0,0,Low,0,0,0.029043019
7893,45,blue-collar,single,primary,92,no,yes,cellular,jul,7,-1,0,unknown,no,0,0,1,Low,0,0,0.109678015
7894,37,services,married,secondary,2128,no,no,unknown,jun,1,-1,0,unknown,no,0,0,0,Medium,0,0,0.027964514
7895,35,management,single,tertiary,657,yes,no,cellular,jul,2,-1,0,unknown,no,0,0,1,Low,0,0,0.07733015
7896,44,entrepreneur,married,tertiary,3850,no,no,cellular,feb,2,-1,0,unknown,no,0,0,0,Medium,0,0,0.16735874
7897,38,blue-collar,married,primary,-257,yes,yes,cellular,jul,1,-1,0,unknown,no,0,0,1,Negative,0,0,0.024001868
7898,44,management,married,secondary,8262,yes,no,cellular,apr,1,257,16,failure,no,0,1,1,High,0,0,0.2788261
7899,40,admin.,married,secondary,1535,yes,no,unknown,may,1,-1,0,unknown,yes,1,0,1,Medium,1,0,0.031730365
7900,57,technician,married,secondary,20,no,no,cellular,aug,2,-1,0,unknown,no,0,0,0,Low,0,0,0.030313613
7901,30,admin.,married,secondary,-938,yes,no,unknown,jun,1,-1,0,unknown,no,0,0,1,Negative,0,0,0.089099295
7902,55,management,divorced,tertiary,141,yes,no,cellular,jul,5,-1,0,unknown,no,0,0,1,Low,0,0,0.04126923
7903,53,services,married,unknown,164,no,no,cellular,jan,1,-1,0,unknown,no,0,0,0,Low,0,0,0.028806144
7904,38,blue-collar,married,secondary,5,no,yes,unknown,jun,8,-1,0,unknown,no,0,0,1,Low,0,0,0.020266699
7905,45,management,married,tertiary,2671,no,no,cellular,aug,4,-1,0,unknown,yes,1,0,0,Medium,1,0,0.123658344
7906,56,technician,married,secondary,1750,no,no,cellular,aug,7,-1,0,unknown,no,0,0,0,Medium,0,0,0.042106755
7907,30,technician,single,tertiary,6619,yes,no,cellular,aug,8,-1,0,unknown,no,0,0,1,High,0,0,0.10046721
7908,30,blue-collar,single,secondary,2380,no,no,cellular,nov,3,-1,0,unknown,no,0,0,0,Medium,0,0,0.12550187
7909,40,admin.,divorced,secondary,-105,yes,no,unknown,may,2,-1,0,unknown,no,0,0,1,Negative,0,0,0.05596081
7910,42,self-employed,married,secondary,3211,no,no,cellular,nov,2,111,1,failure,no,0,1,0,Medium,0,0,0.009972741
7911,47,technician,divorced,secondary,2836,no,yes,cellular,aug,2,-1,0,unknown,no,0,0,1,Medium,0,0,0.16534968
7912,23,entrepreneur,married,tertiary,489,no,yes,cellular,aug,4,-1,0,unknown,no,0,0,1,Low,0,0,0.21557802
7913,59,unemployed,married,secondary,4497,yes,no,cellular,feb,1,251,1,failure,no,0,1,1,Medium,0,0,0.08644134
7914,32,blue-collar,married,secondary,-238,yes,no,unknown,may,1,-1,0,unknown,no,0,0,1,Negative,0,0,0.013809612
7915,33,management,single,tertiary,6807,no,no,cellular,apr,1,-1,0,unknown,yes,1,0,0,High,1,0,0.4291478
7916,47,technician,married,secondary,487,no,no,cellular,jan,2,177,1,failure,no,0,1,0,Low,0,0,0.037149113
7917,29,technician,single,secondary,738,no,no,unknown,jul,1,-1,0,unknown,no,0,0,0,Low,0,0,0.09296876
7918,57,services,married,secondary,6874,yes,no,unknown,may,1,-1,0,unknown,no,0,0,1,High,0,0,0.025762534
7919,23,services,single,secondary,292,yes,no,cellular,may,2,-1,0,unknown,no,0,0,1,Low,0,0,0.26158032
7920,40,management,divorced,tertiary,205,no,no,cellular,jul,1,-1,0,unknown,no,0,0,0,Low,0,0,0.17176452
7921,51,blue-collar,married,secondary,-355,yes,yes,cellular,nov,2,-1,0,unknown,no,0,0,1,Negative,0,0,0.09677672
7922,44,technician,married,secondary,10888,yes,no,cellular,aug,1,-1,0,unknown,no,0,0,1,High,0,0,0.23292711
7923,46,blue-collar,divorced,secondary,709,yes,no,cellular,jul,4,-1,0,unknown,no,0,0,1,Low,0,0,0.08667388
7924,74,retired,married,secondary,935,no,no,cellular,oct,1,173,3,success,yes,1,1,0,Low,1,1,0.61017483
7925,35,management,married,tertiary,0,yes,yes,cellular,may,1,351,1,other,no,0,1,1,Negative,0,0,0.30312005
7926,38,technician,married,secondary,318,no,no,cellular,feb,1,181,5,failure,yes,1,1,0,Low,1,0,0.35991174
7927,23,blue-collar,single,secondary,1311,yes,no,unknown,jun,3,-1,0,unknown,no,0,0,1,Medium,0,0,0.052115057
7928,41,technician,single,tertiary,15302,no,no,cellular,aug,4,-1,0,unknown,no,0,0,0,High,0,0,0.23935083
7929,32,services,divorced,secondary,1156,yes,no,cellular,nov,1,182,1,failure,no,0,1,1,Medium,0,0,0.018444102
7930,40,admin.,married,secondary,4775,no,no,cellular,sep,1,-1,0,unknown,yes,1,0,0,Medium,1,0,0.48488683
7931,44,blue-collar,married,secondary,3060,yes,no,cellular,nov,1,189,2,failure,no,0,1,1,Medium,0,0,0.024530811
7932,30,services,single,secondary,297,yes,no,cellular,may,2,-1,0,unknown,no,0,0,1,Low,0,0,0.109980665
7933,26,technician,single,secondary,261,yes,no,unknown,may,2,-1,0,unknown,no,0,0,1,Low,0,0,0.06987311
7934,35,technician,single,secondary,126,no,no,cellular,aug,2,-1,0,unknown,no,0,0,0,Low,0,0,0.06358123
7935,32,management,single,tertiary,131,no,no,unknown,jun,3,-1,0,unknown,no,0,0,0,Low,0,0,0.07655728
7936,45,admin.,married,unknown,2033,no,no,cellular,may,4,-1,0,unknown,no,0,0,0,Medium,0,0,0.22000436
7937,49,admin.,divorced,secondary,2169,yes,no,unknown,jun,3,-1,0,unknown,no,0,0,1,Medium,0,0,0.05297664
7938,49,unemployed,married,secondary,8399,no,no,cellular,nov,2,-1,0,unknown,no,0,0,0,High,0,0,0.016990406
7939,59,retired,married,secondary,4457,no,no,cellular,jan,2,-1,0,unknown,no,0,0,0,Medium,0,0,0.24516039
7940,57,management,married,tertiary,1357,yes,yes,cellular,nov,2,-1,0,unknown,no,0,0,1,Medium,0,0,0.028043885
7941,31,technician,married,tertiary,1503,yes,yes,cellular,aug,2,-1,0,unknown,no,0,0,1,Medium,0,0,0.03998821
7942,40,unemployed,married,primary,557,yes,no,unknown,may,1,-1,0,unknown,no,0,0,1,Low,0,0,0.023474226
7943,42,technician,married,tertiary,1189,no,no,unknown,jun,3,-1,0,unknown,no,0,0,0,Medium,0,0,0.088133365
7944,23,management,married,tertiary,175,yes,no,unknown,may,1,-1,0,unknown,no,0,0,1,Low,0,0,0.08911584
7945,55,unemployed,married,primary,8585,no,no,telephone,jan,2,-1,0,unknown,no,0,0,0,High,0,0,0.0060352525
7946,57,admin.,married,secondary,4168,yes,yes,unknown,may,1,-1,0,unknown,no,0,0,1,Medium,0,0,0.032815654
7947,51,retired,married,secondary,226,yes,yes,unknown,may,1,-1,0,unknown,no,0,0,1,Low,0,0,0.02186059
7948,46,management,divorced,secondary,0,no,no,cellular,aug,5,-1,0,unknown,yes,1,0,0,Negative,1,0,0.028067967
7949,46,management,married,tertiary,5464,no,no,unknown,jun,4,-1,0,unknown,no,0,0,0,High,0,0,0.057491805
7950,53,blue-collar,married,primary,1388,no,no,cellular,aug,4,-1,0,unknown,no,0,0,0,Medium,0,0,0.055620216
7951,33,admin.,married,secondary,0,yes,no,cellular,nov,1,-1,0,unknown,no,0,0,1,Negative,0,0,0.044961877
7952,28,technician,married,secondary,880,yes,no,unknown,may,1,-1,0,unknown,no,0,0,1,Low,0,0,0.04984063
7953,36,management,single,tertiary,419,no,no,cellular,aug,2,-1,0,unknown,no,0,0,0,Low,0,0,0.101614706
7954,41,entrepreneur,married,secondary,1249,yes,no,cellular,jul,1,-1,0,unknown,no,0,0,1,Medium,0,0,0.06804304
7955,49,entrepreneur,married,secondary,2655,no,no,cellular,nov,1,-1,0,unknown,no,0,0,0,Medium,0,0,0.07219856
7956,59,services,divorced,primary,6290,yes,no,cellular,apr,4,-1,0,unknown,no,0,0,1,High,0,0,0.1213631
7957,25,student,single,secondary,304,no,no,cellular,nov,1,188,2,success,no,0,1,0,Low,0,1,0.82951105
7958,54,blue-collar,divorced,primary,215,yes,no,cellular,may,7,348,5,failure,no,0,1,1,Low,0,0,0.0054524336
7959,26,admin.,single,secondary,317,yes,no,unknown,jun,1,-1,0,unknown,no,0,0,1,Low,0,0,0.077018864
7960,49,blue-collar,divorced,primary,24,yes,no,cellular,may,1,362,1,success,yes,1,1,1,Low,1,0,0.16469698
7961,39,blue-collar,married,primary,2169,no,no,unknown,jun,2,-1,0,unknown,no,0,0,0,Medium,0,0,0.029032942
7962,50,blue-collar,married,primary,533,no,no,cellular,aug,4,-1,0,unknown,no,0,0,0,Low,0,0,0.034179885
7963,56,unknown,divorced,unknown,2152,no,no,unknown,jun,1,-1,0,unknown,no,0,0,0,Medium,0,0,0.0064050565
7964,43,unemployed,married,secondary,174,no,yes,cellular,aug,2,-1,0,unknown,no,0,0,1,Low,0,0,0.033529762
7965,53,management,divorced,tertiary,0,yes,yes,cellular,jul,5,-1,0,unknown,no,0,0,1,Negative,0,0,0.035487074
7966,55,technician,married,tertiary,1354,no,no,cellular,aug,4,-1,0,unknown,no,0,0,0,Medium,0,0,0.06646132
7967,48,management,married,tertiary,3419,yes,no,cellular,nov,1,-1,0,unknown,no,0,0,1,Medium,0,0,0.062107038
7968,44,technician,married,tertiary,1146,no,no,cellular,jul,2,-1,0,unknown,no,0,0,0,Medium,0,0,0.1344667
7969,57,blue-collar,married,secondary,773,yes,yes,unknown,jun,8,-1,0,unknown,no,0,0,1,Low,0,0,0.0067925756
7970,41,blue-collar,married,secondary,680,yes,no,unknown,may,2,-1,0,unknown,no,0,0,1,Low,0,0,0.037430696
7971,31,management,single,tertiary,3384,no,no,cellular,mar,3,187,3,success,yes,1,1,0,Medium,1,1,0.6835261
7972,43,technician,married,primary,2586,yes,no,cellular,apr,1,-1,0,unknown,no,0,0,1,Medium,0,0,0.11657051
7973,36,admin.,divorced,secondary,1224,yes,no,cellular,nov,1,374,1,success,yes,1,1,1,Medium,1,1,0.85667545
7974,27,self-employed,single,secondary,23,yes,no,cellular,may,1,-1,0,unknown,no,0,0,1,Low,0,0,0.15808505
7975,39,management,married,tertiary,380,no,no,cellular,aug,4,-1,0,unknown,no,0,0,0,Low,0,0,0.08096823
7976,35,management,single,tertiary,1396,yes,no,cellular,may,1,300,1,failure,yes,1,1,1,Medium,1,0,0.08714815
7977,49,blue-collar,married,secondary,16,yes,no,unknown,may,11,-1,0,unknown,no,0,0,1,Low,0,0,0.0026637297
7978,28,admin.,married,secondary,7707,yes,no,unknown,may,2,-1,0,unknown,no,0,0,1,High,0,0,0.034032915
7979,35,self-employed,single,tertiary,353,no,no,cellular,feb,1,183,1,success,yes,1,1,0,Low,1,1,0.7353882
7980,40,management,married,primary,-90,no,no,telephone,jul,3,-1,0,unknown,no,0,0,0,Negative,0,0,0.012460909
7981,31,unemployed,single,tertiary,302,no,no,cellular,feb,1,357,3,success,yes,1,1,0,Low,1,1,0.5746698
7982,35,unemployed,single,primary,-17,no,no,cellular,jan,1,-1,0,unknown,no,0,0,0,Negative,0,0,0.04050806
7983,59,blue-collar,married,primary,3713,yes,yes,cellular,aug,2,-1,0,unknown,no,0,0,1,Medium,0,0,0.14015484
7984,30,admin.,married,secondary,67,yes,no,unknown,may,1,-1,0,unknown,no,0,0,1,Low,0,0,0.038690414
7985,56,blue-collar,married,secondary,241,yes,no,cellular,aug,2,-1,0,unknown,no,0,0,1,Low,0,0,0.048422676
7986,46,blue-collar,married,secondary,3,no,no,cellular,aug,14,-1,0,unknown,no,0,0,0,Low,0,0,0.004557868
7987,57,admin.,married,unknown,2038,no,no,cellular,aug,1,182,2,failure,yes,1,1,0,Medium,1,0,0.3571717
7988,33,management,single,tertiary,541,yes,yes,unknown,may,1,-1,0,unknown,no,0,0,1,Low,0,0,0.03835805
7989,25,admin.,single,secondary,18,yes,no,cellular,jul,1,-1,0,unknown,no,0,0,1,Low,0,0,0.11930601
7990,33,blue-collar,divorced,primary,1022,yes,no,cellular,may,1,-1,0,unknown,no,0,0,1,Medium,0,0,0.101302706
7991,45,admin.,married,secondary,205,no,no,cellular,feb,1,92,1,success,yes,1,1,0,Low,1,1,0.8088617
7992,27,technician,single,secondary,3485,no,yes,cellular,jul,2,-1,0,unknown,no,0,0,1,Medium,0,0,0.056140862
7993,60,technician,married,secondary,1139,no,no,cellular,feb,2,207,2,failure,no,0,1,0,Medium,0,0,0.09833118
7994,56,technician,married,secondary,778,no,no,cellular,jul,1,-1,0,unknown,no,0,0,0,Low,0,0,0.07900261
7995,32,admin.,married,secondary,57,no,yes,cellular,jul,2,-1,0,unknown,no,0,0,1,Low,0,0,0.032592874
7996,45,management,divorced,tertiary,6572,yes,no,cellular,nov,2,-1,0,unknown,no,0,0,1,High,0,0,0.041587655
7997,31,management,single,tertiary,745,no,no,cellular,aug,4,-1,0,unknown,no,0,0,0,Low,0,0,0.10125574
7998,42,technician,married,secondary,422,yes,no,cellular,jul,1,-1,0,unknown,no,0,0,1,Low,0,0,0.047283575
7999,45,management,married,tertiary,-52,yes,no,unknown,jun,1,-1,0,unknown,no,0,0,1,Negative,0,0,0.054099623
8000,29,management,single,tertiary,-689,yes,no,cellular,jul,9,-1,0,unknown,no,0,0,1,Negative,0,0,0.08655093
8001,31,admin.,single,secondary,378,no,no,cellular,jul,2,-1,0,unknown,no,0,0,0,Low,0,0,0.10622303
8002,56,technician,married,secondary,359,yes,no,unknown,jun,4,-1,0,unknown,no,0,0,1,Low,0,0,0.022068162
8003,49,admin.,married,secondary,1058,no,no,telephone,nov,3,-1,0,unknown,no,0,0,0,Medium,0,0,0.039050207
8004,44,housemaid,divorced,secondary,653,no,no,cellular,nov,1,-1,0,unknown,no,0,0,0,Low,0,0,0.034535177
8005,44,blue-collar,single,secondary,34,yes,no,unknown,may,4,-1,0,unknown,no,0,0,1,Low,0,0,0.016412845
8006,40,services,single,secondary,737,yes,no,unknown,may,2,-1,0,unknown,no,0,0,1,Low,0,0,0.038127434
8007,51,management,married,tertiary,2934,yes,no,cellular,nov,4,-1,0,unknown,no,0,0,1,Medium,0,0,0.043797676
8008,80,retired,married,unknown,355,no,no,telephone,aug,1,-1,0,unknown,no,0,0,0,Low,0,0,0.29469395
8009,23,admin.,single,secondary,738,yes,no,cellular,may,1,-1,0,unknown,no,0,0,1,Low,0,0,0.1813103
8010,33,entrepreneur,single,tertiary,484,yes,no,cellular,jan,1,-1,0,unknown,no,0,0,1,Low,0,0,0.03595899
8011,31,blue-collar,married,secondary,489,yes,no,unknown,may,4,-1,0,unknown,no,0,0,1,Low,0,0,0.03455754
8012,37,blue-collar,married,primary,-106,yes,yes,cellular,may,1,-1,0,unknown,yes,1,0,1,Negative,1,0,0.03574701
8013,49,blue-collar,married,secondary,0,no,yes,telephone,jul,2,-1,0,unknown,no,0,0,1,Negative,0,0,0.017497977
8014,37,admin.,single,tertiary,3954,yes,no,cellular,apr,1,331,1,failure,no,0,1,1,Medium,0,0,0.012849793
8015,29,admin.,married,secondary,36,yes,no,unknown,may,1,-1,0,unknown,no,0,0,1,Low,0,0,0.0206665
8016,38,technician,divorced,secondary,1333,yes,yes,unknown,may,1,-1,0,unknown,no,0,0,1,Medium,0,0,0.0403453
8017,52,technician,married,secondary,3554,no,yes,cellular,jul,1,-1,0,unknown,no,0,0,1,Medium,0,0,0.12359822
8018,28,management,single,tertiary,7544,yes,no,unknown,may,1,-1,0,unknown,no,0,0,1,High,0,0,0.08291775
8019,59,self-employed,married,tertiary,0,yes,no,cellular,jul,1,-1,0,unknown,no,0,0,1,Negative,0,0,0.0542835
8020,32,student,single,tertiary,1138,no,no,telephone,feb,3,-1,0,unknown,yes,1,0,0,Medium,1,0,0.18299873
8021,39,blue-collar,married,secondary,1367,no,no,unknown,jun,1,-1,0,unknown,no,0,0,0,Medium,0,0,0.047636285
8022,43,management,married,tertiary,5670,yes,no,cellular,nov,4,189,2,failure,no,0,1,1,High,0,0,0.059503134
8023,55,management,married,primary,113,no,no,cellular,aug,1,457,3,failure,yes,1,1,0,Low,1,1,0.5021907
8024,19,student,single,secondary,329,no,no,cellular,oct,2,-1,0,unknown,yes,1,0,0,Low,1,1,0.7591781
8025,29,admin.,married,secondary,795,yes,yes,cellular,jul,2,-1,0,unknown,no,0,0,1,Low,0,0,0.09404726
8026,45,blue-collar,married,primary,292,yes,no,cellular,aug,4,-1,0,unknown,no,0,0,1,Low,0,0,0.028917456
8027,48,technician,married,secondary,0,no,no,cellular,jan,4,-1,0,unknown,no,0,0,0,Negative,0,0,0.085378155
8028,54,services,divorced,unknown,0,yes,no,cellular,apr,1,-1,0,unknown,no,0,0,1,Negative,0,0,0.0982791
8029,47,blue-collar,married,secondary,2775,no,no,unknown,may,1,-1,0,unknown,no,0,0,0,Medium,0,0,0.051355895
8030,43,management,married,tertiary,2886,no,no,cellular,nov,1,-1,0,unknown,no,0,0,0,Medium,0,0,0.13598353
8031,34,services,single,tertiary,239,no,no,cellular,jan,2,-1,0,unknown,no,0,0,0,Low,0,0,0.0669544
8032,39,services,single,secondary,2453,no,no,unknown,jun,2,-1,0,unknown,no,0,0,0,Medium,0,0,0.041136503
8033,40,entrepreneur,married,secondary,50,no,no,cellular,aug,6,-1,0,unknown,no,0,0,0,Low,0,0,0.052444622
8034,45,blue-collar,single,primary,999,no,no,cellular,jan,2,-1,0,unknown,no,0,0,0,Low,0,0,0.084670216
8035,58,retired,divorced,secondary,439,no,yes,cellular,jul,2,-1,0,unknown,no,0,0,1,Low,0,0,0.041050542
8036,51,housemaid,married,primary,2499,no,no,unknown,jun,5,-1,0,unknown,no,0,0,0,Medium,0,0,0.019509595
8037,21,technician,single,unknown,360,no,no,cellular,may,2,-1,0,unknown,yes,1,0,0,Low,1,0,0.28498882
8038,40,services,married,primary,3559,yes,no,unknown,may,8,-1,0,unknown,no,0,0,1,Medium,0,0,0.012110747
8039,30,student,single,primary,1527,no,no,telephone,apr,7,-1,0,unknown,no,0,0,0,Medium,0,0,0.090678714
8040,41,technician,married,secondary,90,no,no,unknown,jun,2,-1,0,unknown,no,0,0,0,Low,0,0,0.045733646
8041,41,blue-collar,single,secondary,1564,yes,no,cellular,may,10,362,1,other,no,0,1,1,Medium,0,0,0.0045503476
8042,50,management,married,secondary,1580,no,yes,cellular,nov,3,-1,0,unknown,no,0,0,1,Medium,0,0,0.032133456
8043,35,management,divorced,tertiary,321,yes,no,unknown,may,1,-1,0,unknown,no,0,0,1,Low,0,0,0.044074588
8044,33,management,single,tertiary,361,yes,no,cellular,feb,1,-1,0,unknown,no,0,0,1,Low,0,0,0.034925066
8045,31,blue-collar,married,secondary,152,yes,yes,cellular,jul,1,-1,0,unknown,yes,1,0,1,Low,1,0,0.07866522
8046,37,services,single,secondary,1045,no,no,cellular,mar,2,41,1,failure,yes,1,1,0,Medium,1,0,0.4315703
8047,37,technician,married,secondary,-21,yes,no,unknown,may,2,-1,0,unknown,no,0,0,1,Negative,0,0,0.014835599
8048,42,management,divorced,tertiary,497,no,no,unknown,may,22,-1,0,unknown,no,0,0,0,Low,0,0,0.089978546
8049,41,blue-collar,married,primary,-441,yes,no,cellular,may,1,-1,0,unknown,no,0,0,1,Negative,0,0,0.19390912
8050,43,admin.,married,tertiary,279,yes,no,cellular,nov,1,-1,0,unknown,no,0,0,1,Low,0,0,0.04890173
8051,31,management,married,secondary,2019,no,no,unknown,may,2,-1,0,unknown,no,0,0,0,Medium,0,0,0.016577382
8052,57,management,married,tertiary,9103,no,yes,unknown,jun,2,-1,0,unknown,yes,1,0,1,High,1,0,0.02790113
8053,34,management,single,tertiary,2679,yes,no,cellular,may,1,-1,0,unknown,no,0,0,1,Medium,0,0,0.056028366
8054,32,services,single,secondary,284,yes,no,unknown,may,2,-1,0,unknown,no,0,0,1,Low,0,0,0.05578154
8055,77,retired,married,secondary,638,no,no,cellular,aug,1,-1,0,unknown,yes,1,0,0,Low,1,0,0.32693917
8056,26,admin.,single,secondary,125,no,no,cellular,oct,1,63,7,failure,no,0,1,0,Low,0,0,0.38971502
8057,57,management,married,secondary,39,yes,no,cellular,may,2,-1,0,unknown,no,0,0,1,Low,0,0,0.09959509
8058,54,entrepreneur,married,primary,3343,yes,yes,unknown,may,1,-1,0,unknown,no,0,0,1,Medium,0,0,0.031518858
8059,32,services,married,primary,228,yes,no,cellular,jul,6,-1,0,unknown,yes,1,0,1,Low,1,0,0.11201806
8060,31,management,divorced,tertiary,883,yes,no,cellular,mar,2,106,1,failure,yes,1,1,1,Low,1,1,0.6952029
8061,58,retired,married,primary,2969,no,no,telephone,apr,1,-1,0,unknown,no,0,0,0,Medium,0,0,0.3053936
8062,48,blue-collar,married,primary,1757,yes,no,unknown,may,1,-1,0,unknown,no,0,0,1,Medium,0,0,0.032932088
8063,25,management,single,tertiary,316,no,no,cellular,mar,2,-1,0,unknown,yes,1,0,0,Low,1,1,0.5890395
8064,42,technician,married,secondary,-887,no,no,unknown,jun,4,-1,0,unknown,no,0,0,0,Negative,0,0,0.08286907
8065,31,technician,married,secondary,5467,yes,no,cellular,apr,1,-1,0,unknown,no,0,0,1,High,0,0,0.104643114
8066,30,blue-collar,married,secondary,1,no,yes,cellular,jul,1,-1,0,unknown,no,0,0,1,Low,0,0,0.07696048
8067,45,blue-collar,married,secondary,784,yes,yes,unknown,jun,1,-1,0,unknown,no,0,0,1,Low,0,0,0.030288763
8068,31,admin.,divorced,secondary,53,yes,no,unknown,may,4,-1,0,unknown,no,0,0,1,Low,0,0,0.024191942
8069,40,technician,married,tertiary,-1779,yes,yes,unknown,jun,2,-1,0,unknown,no,0,0,1,Negative,0,0,0.031191152
8070,55,blue-collar,divorced,secondary,462,yes,no,cellular,apr,1,332,3,failure,no,0,1,1,Low,0,0,0.04615019
8071,38,admin.,divorced,secondary,661,yes,no,unknown,may,1,-1,0,unknown,no,0,0,1,Low,0,0,0.18227144
8072,30,management,single,secondary,-985,no,no,telephone,jul,4,-1,0,unknown,no,0,0,0,Negative,0,0,0.0027374562
8073,50,management,married,tertiary,78,yes,no,cellular,jan,3,161,9,other,no,0,1,1,Low,0,0,0.0713408
8074,37,admin.,married,primary,214,yes,no,cellular,jul,1,-1,0,unknown,yes,1,0,1,Low,1,0,0.041483056
8075,47,entrepreneur,married,tertiary,0,no,no,cellular,may,3,-1,0,unknown,no,0,0,0,Negative,0,0,0.12794337
8076,44,unemployed,married,secondary,0,no,no,cellular,may,2,165,4,failure,no,0,1,0,Negative,0,0,0.28114775
8077,57,management,divorced,secondary,396,no,no,cellular,aug,2,-1,0,unknown,no,0,0,0,Low,0,0,0.111507386
8078,41,services,married,secondary,56,yes,no,cellular,jul,21,-1,0,unknown,no,0,0,1,Low,0,0,0.0073372466
8079,27,student,single,tertiary,3733,yes,no,telephone,feb,6,-1,0,unknown,yes,1,0,1,Medium,1,1,0.8420889
8080,42,technician,married,secondary,534,no,no,cellular,aug,1,-1,0,unknown,no,0,0,0,Low,0,0,0.14610657
8081,42,services,married,primary,248,yes,no,cellular,may,2,-1,0,unknown,no,0,0,1,Low,0,0,0.092875764
8082,77,retired,married,primary,680,no,no,telephone,nov,4,94,3,failure,no,0,1,0,Low,0,0,0.032828264
8083,37,self-employed,divorced,tertiary,353,yes,yes,cellular,nov,1,-1,0,unknown,no,0,0,1,Low,0,0,0.030124763
8084,29,management,married,tertiary,1366,yes,no,cellular,jan,2,245,3,failure,no,0,1,1,Medium,0,0,0.0054535507
8085,32,admin.,married,secondary,337,no,no,cellular,may,3,368,1,failure,no,0,1,0,Low,0,0,0.15507713
8086,29,blue-collar,married,secondary,313,yes,yes,unknown,may,1,-1,0,unknown,no,0,0,1,Low,0,0,0.011714161
8087,45,management,divorced,tertiary,-946,yes,no,cellular,may,1,-1,0,unknown,no,0,0,1,Negative,0,0,0.38878116
8088,48,services,married,secondary,334,no,yes,unknown,jun,2,-1,0,unknown,no,0,0,1,Low,0,0,0.04581287
8089,48,technician,married,secondary,547,no,no,cellular,aug,2,-1,0,unknown,no,0,0,0,Low,0,0,0.12363523
8090,47,entrepreneur,divorced,secondary,2,yes,yes,cellular,jul,4,-1,0,unknown,no,0,0,1,Low,0,0,0.03520137
8091,31,management,single,tertiary,-1206,yes,no,unknown,may,1,-1,0,unknown,no,0,0,1,Negative,0,0,0.0038029659
8092,46,services,married,primary,13118,no,no,cellular,aug,2,-1,0,unknown,no,0,0,0,High,0,0,0.0932908
8093,42,admin.,divorced,secondary,1811,yes,no,unknown,may,1,-1,0,unknown,no,0,0,1,Medium,0,0,0.03860764
8094,38,services,married,tertiary,535,yes,no,cellular,feb,2,-1,0,unknown,no,0,0,1,Low,0,0,0.044558097
8095,56,blue-collar,married,primary,115,no,no,telephone,feb,1,-1,0,unknown,no,0,0,0,Low,0,0,0.08072011
8096,39,management,married,tertiary,2450,no,no,cellular,nov,2,-1,0,unknown,no,0,0,0,Medium,0,0,0.13979231
8097,36,self-employed,single,tertiary,2000,no,no,unknown,jun,1,-1,0,unknown,no,0,0,0,Medium,0,0,0.09494355
8098,34,technician,single,secondary,0,no,no,cellular,aug,2,-1,0,unknown,no,0,0,0,Negative,0,0,0.036233157
8099,59,technician,married,secondary,259,no,no,cellular,mar,1,-1,0,unknown,yes,1,0,0,Low,1,1,0.7185362
8100,28,entrepreneur,single,tertiary,135,yes,no,unknown,may,1,-1,0,unknown,no,0,0,1,Low,0,0,0.06809385
8101,37,management,married,tertiary,0,yes,no,unknown,may,1,-1,0,unknown,no,0,0,1,Negative,0,0,0.017250463
8102,47,services,married,secondary,2,no,yes,cellular,jul,15,-1,0,unknown,no,0,0,1,Low,0,0,0.008688823
8103,29,blue-collar,married,secondary,358,no,no,cellular,jul,5,-1,0,unknown,no,0,0,0,Low,0,0,0.09608948
8104,39,blue-collar,single,secondary,1961,no,no,unknown,may,1,-1,0,unknown,no,0,0,0,Medium,0,0,0.050338507
8105,45,management,married,tertiary,740,yes,no,unknown,may,2,-1,0,unknown,no,0,0,1,Low,0,0,0.018986698
8106,59,admin.,married,secondary,2343,yes,no,unknown,may,1,-1,0,unknown,yes,1,0,1,Medium,1,0,0.027490921
8107,34,blue-collar,single,tertiary,1011,yes,no,unknown,may,1,-1,0,unknown,no,0,0,1,Medium,0,0,0.033456374
8108,60,housemaid,married,primary,11904,no,no,telephone,jul,3,-1,0,unknown,no,0,0,0,High,0,0,0.025638971
8109,28,blue-collar,single,secondary,975,yes,no,unknown,jun,3,-1,0,unknown,no,0,0,1,Low,0,0,0.09255871
8110,55,technician,divorced,secondary,0,no,no,unknown,may,1,-1,0,unknown,no,0,0,0,Negative,0,0,0.022765461
8111,56,housemaid,married,secondary,559,no,no,cellular,jul,5,-1,0,unknown,no,0,0,0,Low,0,0,0.05890883
8112,31,blue-collar,married,primary,746,yes,yes,unknown,jun,1,-1,0,unknown,no,0,0,1,Low,0,0,0.07565467
8113,34,entrepreneur,married,tertiary,-28,yes,no,cellular,jul,1,-1,0,unknown,no,0,0,1,Negative,0,0,0.081482075
8114,38,entrepreneur,married,secondary,0,yes,yes,cellular,nov,2,-1,0,unknown,no,0,0,1,Negative,0,0,0.031468634
8115,53,entrepreneur,single,secondary,62,yes,no,unknown,may,5,-1,0,unknown,yes,1,0,1,Low,1,0,0.031402662
8116,35,technician,married,unknown,3,yes,yes,unknown,jun,23,-1,0,unknown,no,0,0,1,Low,0,0,0.00021785598
8117,41,management,married,tertiary,1897,yes,no,unknown,may,3,-1,0,unknown,no,0,0,1,Medium,0,0,0.03132054
8118,37,management,married,tertiary,57,no,no,unknown,jun,1,-1,0,unknown,no,0,0,0,Low,0,0,0.03638473
8119,44,management,divorced,tertiary,0,yes,yes,cellular,nov,1,-1,0,unknown,no,0,0,1,Negative,0,0,0.05509285
8120,31,self-employed,married,secondary,296,yes,yes,cellular,jul,1,-1,0,unknown,no,0,0,1,Low,0,0,0.054384075
8121,60,retired,divorced,secondary,306,yes,no,cellular,may,3,-1,0,unknown,no,0,0,1,Low,0,0,0.2834583
8122,55,management,divorced,tertiary,1598,no,no,cellular,aug,4,-1,0,unknown,no,0,0,0,Medium,0,0,0.072613515
8123,60,retired,married,secondary,18967,yes,no,cellular,jan,2,-1,0,unknown,yes,1,0,1,High,1,0,0.057432108
8124,39,management,married,tertiary,208,no,no,cellular,aug,4,-1,0,unknown,no,0,0,0,Low,0,0,0.048692077
8125,35,self-employed,single,tertiary,1129,yes,no,cellular,nov,2,184,2,failure,no,0,1,1,Medium,0,0,0.13864702
8126,38,housemaid,single,secondary,113,yes,no,unknown,jun,4,-1,0,unknown,no,0,0,1,Low,0,0,0.032698177
8127,31,management,single,tertiary,3981,yes,no,cellular,jul,1,-1,0,unknown,no,0,0,1,Medium,0,0,0.06942944
8128,48,blue-collar,married,primary,448,yes,no,unknown,may,1,-1,0,unknown,no,0,0,1,Low,0,0,0.018220332
8129,38,technician,single,tertiary,1674,no,no,cellular,nov,1,-1,0,unknown,no,0,0,0,Medium,0,0,0.086108446
8130,50,blue-collar,divorced,secondary,204,yes,yes,unknown,may,1,-1,0,unknown,no,0,0,1,Low,0,0,0.035742566
8131,31,blue-collar,married,secondary,2591,yes,no,cellular,nov,1,-1,0,unknown,no,0,0,1,Medium,0,0,0.07566626
8132,41,technician,divorced,secondary,536,yes,no,unknown,may,3,-1,0,unknown,no,0,0,1,Low,0,0,0.07123012
8133,59,management,married,primary,252,yes,yes,cellular,nov,1,175,2,failure,no,0,1,1,Low,0,0,0.025418768
8134,26,blue-collar,single,secondary,188,yes,yes,cellular,jul,1,-1,0,unknown,no,0,0,1,Low,0,0,0.10406441
8135,58,retired,divorced,primary,97,no,no,unknown,jun,1,-1,0,unknown,no,0,0,0,Low,0,0,0.045949344
8136,35,admin.,married,secondary,0,yes,no,telephone,nov,1,-1,0,unknown,no,0,0,1,Negative,0,0,0.025873285
8137,56,management,married,tertiary,171,no,yes,telephone,jul,2,-1,0,unknown,no,0,0,1,Low,0,0,0.03602522
8138,42,management,single,tertiary,515,yes,no,cellular,nov,2,-1,0,unknown,no,0,0,1,Low,0,0,0.06045083
8139,32,technician,married,secondary,465,yes,no,cellular,may,2,-1,0,unknown,no,0,0,1,Low,0,0,0.08497837
8140,20,admin.,single,secondary,336,no,yes,cellular,jun,1,-1,0,unknown,no,0,0,1,Low,0,0,0.29203853
8141,32,blue-collar,single,primary,5418,yes,no,unknown,jun,6,-1,0,unknown,no,0,0,1,High,0,0,0.048351087
8142,49,management,married,tertiary,403,no,no,cellular,jul,2,-1,0,unknown,no,0,0,0,Low,0,0,0.1456327
8143,36,services,single,secondary,568,yes,no,cellular,may,3,364,2,failure,no,0,1,1,Low,0,0,0.12632695
8144,42,blue-collar,married,unknown,408,yes,no,unknown,may,2,-1,0,unknown,no,0,0,1,Low,0,0,0.016377596
8145,56,self-employed,married,tertiary,719,no,no,cellular,aug,2,-1,0,unknown,no,0,0,0,Low,0,0,0.032112688
8146,59,retired,married,primary,741,no,no,cellular,nov,2,152,2,failure,no,0,1,0,Low,0,0,0.04312766
8147,29,technician,single,secondary,426,yes,no,telephone,jul,6,-1,0,unknown,no,0,0,1,Low,0,0,0.027726626
8148,40,unemployed,married,secondary,1872,no,no,cellular,nov,1,-1,0,unknown,no,0,0,0,Medium,0,0,0.09661065
8149,34,admin.,single,secondary,4436,yes,no,cellular,nov,2,178,6,failure,no,0,1,1,Medium,0,0,0.021311486
8150,39,services,married,secondary,-540,no,no,unknown,jun,1,-1,0,unknown,no,0,0,0,Negative,0,0,0.017600374
8151,53,technician,divorced,secondary,453,no,no,cellular,nov,2,-1,0,unknown,no,0,0,0,Low,0,0,0.040141027
8152,33,management,single,secondary,1326,no,yes,cellular,jul,2,-1,0,unknown,no,0,0,1,Medium,0,0,0.09832951
8153,53,admin.,married,secondary,614,yes,no,unknown,may,2,-1,0,unknown,no,0,0,1,Low,0,0,0.01605901
8154,32,self-employed,single,secondary,123,yes,no,unknown,may,1,-1,0,unknown,no,0,0,1,Low,0,0,0.040270522
8155,30,blue-collar,single,primary,464,yes,no,cellular,apr,1,-1,0,unknown,no,0,0,1,Low,0,0,0.13544545
8156,31,admin.,married,secondary,2,yes,yes,cellular,may,4,-1,0,unknown,yes,1,0,1,Low,1,0,0.06357365
8157,48,admin.,divorced,secondary,341,no,yes,cellular,feb,4,-1,0,unknown,no,0,0,1,Low,0,0,0.039673723
8158,41,unemployed,single,tertiary,7968,no,no,cellular,sep,1,184,4,success,yes,1,1,0,High,1,1,0.9333716
8159,28,self-employed,single,tertiary,159,no,no,cellular,nov,2,33,4,success,yes,1,1,0,Low,1,1,0.69226843
8160,46,technician,married,secondary,167,no,no,cellular,aug,3,-1,0,unknown,no,0,0,0,Low,0,0,0.056116335
8161,29,management,single,tertiary,471,yes,no,cellular,may,1,-1,0,unknown,no,0,0,1,Low,0,0,0.14724895
8162,34,technician,single,tertiary,2658,yes,no,cellular,aug,2,-1,0,unknown,no,0,0,1,Medium,0,0,0.1404467
8163,32,management,single,tertiary,1010,no,no,cellular,aug,2,-1,0,unknown,no,0,0,0,Medium,0,0,0.07146028
8164,26,technician,single,secondary,-168,no,yes,cellular,feb,1,-1,0,unknown,no,0,0,1,Negative,0,0,0.32283494
8165,45,management,married,tertiary,3857,yes,no,cellular,feb,1,-1,0,unknown,no,0,0,1,Medium,0,0,0.068820775
8166,40,management,married,tertiary,193,no,no,cellular,aug,6,-1,0,unknown,no,0,0,0,Low,0,0,0.07940441
8167,38,admin.,married,secondary,253,yes,no,unknown,may,4,-1,0,unknown,no,0,0,1,Low,0,0,0.020754237
8168,46,blue-collar,married,unknown,336,yes,no,cellular,aug,3,457,1,other,yes,1,1,1,Low,1,1,0.75181013
8169,48,blue-collar,married,secondary,3,no,yes,cellular,aug,2,-1,0,unknown,no,0,0,1,Low,0,0,0.028627392
8170,39,admin.,single,secondary,720,yes,no,telephone,apr,8,14,5,other,no,0,1,1,Low,0,0,0.051916525
8171,55,blue-collar,divorced,unknown,1545,yes,no,cellular,may,1,345,2,failure,no,0,1,1,Medium,0,0,0.044454206
8172,57,services,married,secondary,530,yes,no,telephone,may,7,360,7,failure,no,0,1,1,Low,0,0,0.0033888184
8173,35,management,married,tertiary,365,no,no,cellular,nov,2,-1,0,unknown,no,0,0,0,Low,0,0,0.08647166
8174,54,unemployed,divorced,secondary,925,no,no,cellular,feb,1,-1,0,unknown,no,0,0,0,Low,0,0,0.16885863
8175,27,unemployed,single,tertiary,127,no,no,cellular,feb,3,-1,0,unknown,no,0,0,0,Low,0,0,0.1133546
8176,31,blue-collar,married,secondary,932,yes,no,unknown,may,2,-1,0,unknown,no,0,0,1,Low,0,0,0.046322245
8177,37,services,married,secondary,2915,no,no,cellular,may,2,-1,0,unknown,no,0,0,0,Medium,0,0,0.20319043
8178,36,management,married,tertiary,1584,yes,no,cellular,jul,1,-1,0,unknown,no,0,0,1,Medium,0,0,0.06516878
8179,50,technician,married,primary,883,yes,no,unknown,jun,1,-1,0,unknown,no,0,0,1,Low,0,0,0.039742235
8180,28,management,married,tertiary,3589,yes,no,cellular,may,1,-1,0,unknown,no,0,0,1,Medium,0,0,0.20557971
8181,25,management,single,tertiary,1,yes,no,cellular,may,5,-1,0,unknown,no,0,0,1,Low,0,0,0.35942984
8182,32,unemployed,married,secondary,869,yes,no,cellular,jan,1,-1,0,unknown,no,0,0,1,Low,0,0,0.03141833
8183,43,blue-collar,married,primary,517,yes,no,cellular,apr,2,263,7,failure,no,0,1,1,Low,0,0,0.041382894
8184,37,technician,married,secondary,5380,no,no,cellular,aug,6,-1,0,unknown,no,0,0,0,High,0,0,0.106411465
8185,36,self-employed,divorced,tertiary,149,no,no,cellular,nov,2,-1,0,unknown,no,0,0,0,Low,0,0,0.059792444
8186,31,technician,single,secondary,4,no,no,cellular,aug,3,-1,0,unknown,no,0,0,0,Low,0,0,0.03684686
8187,51,technician,divorced,secondary,43,no,no,cellular,jul,2,-1,0,unknown,no,0,0,0,Low,0,0,0.07852425
8188,36,management,married,tertiary,4069,no,no,cellular,nov,1,-1,0,unknown,yes,1,0,0,Medium,1,0,0.1425408
8189,46,management,divorced,tertiary,624,no,no,cellular,mar,1,276,1,other,yes,1,1,0,Low,1,1,0.6627798
8190,63,retired,married,secondary,708,no,no,cellular,nov,2,-1,0,unknown,no,0,0,0,Low,0,0,0.30861828
8191,34,management,single,tertiary,2633,yes,no,cellular,nov,6,-1,0,unknown,yes,1,0,1,Medium,1,0,0.062481068
8192,44,services,married,unknown,67,yes,no,unknown,jun,1,-1,0,unknown,no,0,0,1,Low,0,0,0.020908136
8193,45,technician,married,secondary,268,no,no,cellular,jul,14,-1,0,unknown,no,0,0,0,Low,0,0,0.036189258
8194,40,blue-collar,married,primary,106,yes,no,cellular,apr,2,-1,0,unknown,no,0,0,1,Low,0,0,0.04858825
8195,39,admin.,married,secondary,598,yes,no,unknown,may,1,-1,0,unknown,no,0,0,1,Low,0,0,0.03085327
8196,58,unemployed,divorced,secondary,729,no,yes,cellular,feb,2,-1,0,unknown,no,0,0,1,Low,0,0,0.037675373
8197,31,admin.,single,secondary,0,no,no,cellular,apr,3,-1,0,unknown,yes,1,0,0,Negative,1,0,0.20116568
8198,33,blue-collar,married,primary,-81,yes,no,unknown,may,1,-1,0,unknown,no,0,0,1,Negative,0,0,0.021138676
8199,54,services,married,secondary,1301,yes,no,unknown,may,1,-1,0,unknown,no,0,0,1,Medium,0,0,0.024165446
8200,47,management,married,primary,835,no,no,unknown,jun,2,-1,0,unknown,no,0,0,0,Low,0,0,0.087436184
8201,51,management,single,tertiary,151,yes,no,cellular,sep,1,427,3,success,yes,1,1,1,Low,1,1,0.9426163
8202,45,self-employed,married,secondary,3098,yes,no,cellular,aug,2,-1,0,unknown,no,0,0,1,Medium,0,0,0.03406789
8203,53,self-employed,married,secondary,248,no,yes,cellular,nov,1,126,3,failure,no,0,1,1,Low,0,0,0.015947886
8204,49,technician,married,secondary,2497,yes,no,unknown,may,1,-1,0,unknown,no,0,0,1,Medium,0,0,0.032750484
8205,33,unemployed,married,secondary,1211,no,no,cellular,feb,1,188,1,success,yes,1,1,0,Medium,1,1,0.82116634
8206,30,unemployed,married,secondary,529,yes,yes,unknown,may,3,-1,0,unknown,no,0,0,1,Low,0,0,0.07108716
8207,38,technician,single,secondary,294,no,yes,cellular,jul,2,-1,0,unknown,no,0,0,1,Low,0,0,0.07216327
8208,20,student,single,primary,825,no,no,unknown,aug,1,-1,0,unknown,no,0,0,0,Low,0,0,0.31359696
8209,34,blue-collar,married,secondary,34,no,no,cellular,jan,1,-1,0,unknown,no,0,0,0,Low,0,0,0.041264772
8210,44,services,married,primary,3,yes,no,cellular,may,1,-1,0,unknown,no,0,0,1,Low,0,0,0.044697452
8211,41,blue-collar,married,secondary,475,yes,no,telephone,apr,1,-1,0,unknown,no,0,0,1,Low,0,0,0.04949552
8212,50,management,divorced,secondary,458,no,no,cellular,feb,3,-1,0,unknown,no,0,0,0,Low,0,0,0.036445726
8213,36,management,married,secondary,644,yes,no,cellular,nov,2,-1,0,unknown,no,0,0,1,Low,0,0,0.034548424
8214,47,services,married,secondary,278,yes,no,cellular,may,1,366,1,other,no,0,1,1,Low,0,0,0.040120225
8215,31,technician,single,secondary,49,yes,no,cellular,jul,1,-1,0,unknown,no,0,0,1,Low,0,0,0.08994962
8216,25,admin.,single,secondary,0,no,yes,cellular,jul,1,-1,0,unknown,no,0,0,1,Negative,0,0,0.105431445
8217,43,blue-collar,divorced,primary,42,no,no,unknown,may,1,-1,0,unknown,no,0,0,0,Low,0,0,0.08272031
8218,23,blue-collar,single,secondary,9,yes,no,unknown,may,1,-1,0,unknown,no,0,0,1,Low,0,0,0.06356534
8219,32,blue-collar,single,secondary,123,yes,no,cellular,jul,4,-1,0,unknown,no,0,0,1,Low,0,0,0.120022245
8220,47,technician,married,secondary,3519,no,yes,cellular,dec,1,220,1,failure,no,0,1,1,Medium,0,0,0.17348814
8221,58,retired,divorced,tertiary,5253,no,no,cellular,apr,4,295,3,failure,no,0,1,0,High,0,0,0.32634917
8222,31,services,married,secondary,-346,no,no,unknown,may,1,-1,0,unknown,no,0,0,0,Negative,0,0,0.0050363336
8223,47,management,divorced,secondary,3346,yes,yes,unknown,may,2,-1,0,unknown,no,0,0,1,Medium,0,0,0.13004617
8224,33,services,single,secondary,91,no,yes,unknown,may,3,-1,0,unknown,no,0,0,1,Low,0,0,0.025468012
8225,33,management,married,tertiary,4054,yes,no,cellular,jul,1,-1,0,unknown,no,0,0,1,Medium,0,0,0.07359427
8226,59,management,married,tertiary,4606,no,no,telephone,sep,2,189,2,failure,no,0,1,0,Medium,0,0,0.44699326
8227,42,blue-collar,married,primary,1532,yes,no,cellular,jul,3,-1,0,unknown,no,0,0,1,Medium,0,0,0.0908255
8228,35,blue-collar,married,unknown,568,yes,no,cellular,may,2,293,1,failure,no,0,1,1,Low,0,0,0.043120388
8229,57,housemaid,married,tertiary,2326,no,no,cellular,oct,1,194,1,success,yes,1,1,0,Medium,1,1,0.6358304
8230,32,housemaid,single,tertiary,23663,yes,no,cellular,nov,2,-1,0,unknown,no,0,0,1,High,0,0,0.10206325
8231,55,housemaid,married,primary,2152,no,no,unknown,jun,2,-1,0,unknown,yes,1,0,0,Medium,1,0,0.019318916
8232,60,management,married,tertiary,261,yes,yes,cellular,jun,1,192,1,failure,no,0,1,1,Low,0,0,0.34545085
8233,58,blue-collar,married,secondary,72,no,no,cellular,aug,5,-1,0,unknown,no,0,0,0,Low,0,0,0.03485899
8234,30,services,single,tertiary,1788,no,no,cellular,aug,1,181,2,failure,yes,1,1,0,Medium,1,0,0.20523235
8235,34,management,single,tertiary,220,yes,no,telephone,may,1,-1,0,unknown,no,0,0,1,Low,0,0,0.022824034
8236,35,blue-collar,single,secondary,398,yes,no,cellular,apr,1,-1,0,unknown,no,0,0,1,Low,0,0,0.10208851
8237,57,admin.,married,secondary,403,yes,no,cellular,may,1,340,2,other,yes,1,1,1,Low,1,0,0.04380836
8238,45,blue-collar,married,primary,323,yes,no,unknown,may,2,-1,0,unknown,no,0,0,1,Low,0,0,0.03246038
8239,52,management,single,tertiary,0,no,no,unknown,may,1,-1,0,unknown,no,0,0,0,Negative,0,0,0.01685904
8240,51,management,single,tertiary,0,yes,no,unknown,may,2,-1,0,unknown,no,0,0,1,Negative,0,0,0.057827946
8241,36,blue-collar,married,primary,408,yes,yes,unknown,may,2,-1,0,unknown,yes,1,0,1,Low,1,0,0.026194992
8242,30,student,single,secondary,5836,no,no,cellular,apr,2,-1,0,unknown,no,0,0,0,High,0,1,0.52930665
8243,50,management,married,tertiary,2635,no,no,cellular,may,2,-1,0,unknown,no,0,0,0,Medium,0,0,0.16190317
8244,52,blue-collar,married,secondary,184,yes,no,unknown,jul,1,-1,0,unknown,no,0,0,1,Low,0,0,0.029529963
8245,30,management,single,tertiary,222,yes,no,cellular,aug,4,-1,0,unknown,no,0,0,1,Low,0,0,0.08151336
8246,26,blue-collar,single,primary,16,no,yes,cellular,jul,2,-1,0,unknown,no,0,0,1,Low,0,0,0.12578754
8247,25,student,single,primary,373,yes,no,cellular,may,2,-1,0,unknown,yes,1,0,1,Low,1,0,0.09424049
8248,34,technician,married,secondary,-34,yes,no,unknown,may,5,-1,0,unknown,no,0,0,1,Negative,0,0,0.00874152
8249,46,management,married,tertiary,2732,yes,no,telephone,feb,2,-1,0,unknown,no,0,0,1,Medium,0,0,0.3438271
8250,50,admin.,married,secondary,1241,yes,yes,telephone,nov,2,-1,0,unknown,no,0,0,1,Medium,0,0,0.0223512
8251,32,blue-collar,married,primary,187,no,no,cellular,nov,1,134,1,failure,no,0,1,0,Low,0,0,0.03575015
8252,37,blue-collar,married,secondary,954,yes,no,unknown,jun,9,-1,0,unknown,no,0,0,1,Low,0,0,0.09502447
8253,45,management,married,tertiary,273,yes,no,cellular,feb,2,-1,0,unknown,no,0,0,1,Low,0,0,0.3290012
8254,32,technician,married,tertiary,0,yes,no,cellular,nov,4,-1,0,unknown,no,0,0,1,Negative,0,0,0.06409613
8255,37,self-employed,divorced,tertiary,160,yes,yes,unknown,jun,2,-1,0,unknown,no,0,0,1,Low,0,0,0.07173744
8256,29,management,single,tertiary,2799,yes,no,cellular,may,2,-1,0,unknown,no,0,0,1,Medium,0,0,0.183274
8257,35,technician,married,secondary,327,yes,no,cellular,apr,3,-1,0,unknown,no,0,0,1,Low,0,0,0.13304532
8258,53,technician,married,secondary,2818,yes,no,cellular,jul,7,-1,0,unknown,no,0,0,1,Medium,0,0,0.031992886
8259,35,technician,single,secondary,183,no,no,cellular,oct,1,52,4,failure,yes,1,1,0,Low,1,0,0.1510497
8260,50,technician,married,secondary,-70,yes,yes,cellular,jul,1,-1,0,unknown,no,0,0,1,Negative,0,0,0.050412804
8261,33,management,single,tertiary,109,no,no,cellular,aug,5,-1,0,unknown,no,0,0,0,Low,0,0,0.046709817
8262,40,technician,married,primary,164,yes,no,unknown,may,1,-1,0,unknown,no,0,0,1,Low,0,0,0.012619291
8263,56,blue-collar,married,secondary,-256,yes,yes,cellular,may,1,370,2,failure,no,0,1,1,Negative,0,0,0.04167176
8264,33,management,single,tertiary,307,no,no,cellular,jul,6,179,4,failure,no,0,1,0,Low,0,1,0.85581344
8265,43,management,married,tertiary,1993,no,no,cellular,nov,1,174,1,failure,no,0,1,0,Medium,0,0,0.03801698
8266,49,technician,divorced,secondary,-54,yes,yes,cellular,jul,1,-1,0,unknown,no,0,0,1,Negative,0,0,0.03961951
8267,32,admin.,single,secondary,184,yes,no,unknown,may,4,-1,0,unknown,no,0,0,1,Low,0,0,0.027840242
8268,43,technician,married,primary,2309,yes,no,cellular,jul,1,-1,0,unknown,no,0,0,1,Medium,0,0,0.067221515
8269,32,services,married,secondary,198,no,no,cellular,jan,2,-1,0,unknown,no,0,0,0,Low,0,0,0.07878343
8270,32,services,married,secondary,132,yes,yes,unknown,may,2,-1,0,unknown,no,0,0,1,Low,0,0,0.029136578
8271,58,management,married,unknown,0,no,no,unknown,jun,1,-1,0,unknown,no,0,0,0,Negative,0,0,0.019730898
8272,57,housemaid,divorced,primary,7451,no,no,unknown,jun,4,-1,0,unknown,no,0,0,0,High,0,0,0.010036148
8273,46,management,married,tertiary,1388,no,no,cellular,nov,5,-1,0,unknown,no,0,0,0,Medium,0,0,0.09782908
8274,31,technician,married,secondary,84,no,no,cellular,may,2,-1,0,unknown,no,0,0,0,Low,0,0,0.091136254
8275,36,technician,married,tertiary,202,no,no,cellular,jan,1,120,3,failure,yes,1,1,0,Low,1,0,0.036153883
8276,31,management,married,tertiary,1400,yes,no,cellular,jan,2,2,1,other,no,0,1,1,Medium,0,0,0.02134196
8277,52,management,married,tertiary,6922,no,no,cellular,nov,1,-1,0,unknown,no,0,0,0,High,0,0,0.07232109
8278,30,blue-collar,married,secondary,4389,yes,no,cellular,apr,6,-1,0,unknown,no,0,0,1,Medium,0,0,0.20890355
8279,50,blue-collar,married,secondary,278,no,no,unknown,jun,3,-1,0,unknown,no,0,0,0,Low,0,0,0.028898273
8280,52,management,married,tertiary,0,yes,no,cellular,jul,6,-1,0,unknown,no,0,0,1,Negative,0,0,0.05579005
8281,34,services,married,secondary,703,no,no,cellular,apr,2,150,2,failure,no,0,1,0,Low,0,0,0.06967937
8282,23,management,single,tertiary,736,yes,no,cellular,apr,1,-1,0,unknown,no,0,0,1,Low,0,0,0.4895121
8283,32,management,single,tertiary,62,no,yes,cellular,jul,3,-1,0,unknown,no,0,0,1,Low,0,0,0.030263884
8284,30,services,single,secondary,9,no,yes,cellular,jan,2,205,2,failure,no,0,1,1,Low,0,0,0.0041177496
8285,58,blue-collar,divorced,primary,2246,yes,no,cellular,may,2,-1,0,unknown,no,0,0,1,Medium,0,0,0.09041743
8286,39,blue-collar,divorced,unknown,528,yes,no,unknown,may,5,-1,0,unknown,no,0,0,1,Low,0,0,0.045937937
8287,32,housemaid,married,primary,344,yes,no,unknown,may,2,-1,0,unknown,no,0,0,1,Low,0,0,0.009271758
8288,33,management,married,tertiary,1522,yes,no,cellular,nov,2,179,3,failure,no,0,1,1,Medium,0,0,0.009329918
8289,28,management,married,tertiary,102,yes,no,unknown,may,2,-1,0,unknown,no,0,0,1,Low,0,0,0.055459924
8290,52,admin.,divorced,secondary,2717,no,no,telephone,nov,1,162,2,failure,no,0,1,0,Medium,0,0,0.020254048
8291,33,management,single,tertiary,7084,no,no,cellular,aug,8,-1,0,unknown,yes,1,0,0,High,1,0,0.0910943
8292,60,technician,married,tertiary,131,no,no,cellular,aug,6,-1,0,unknown,no,0,0,0,Low,0,0,0.36268532
8293,35,unemployed,married,tertiary,226,no,no,unknown,may,5,-1,0,unknown,no,0,0,0,Low,0,0,0.012559453
8294,27,management,single,tertiary,1117,yes,no,cellular,jul,4,-1,0,unknown,no,0,0,1,Medium,0,0,0.080675185
8295,33,management,single,secondary,2859,yes,no,cellular,aug,1,-1,0,unknown,no,0,0,1,Medium,0,0,0.1952805
8296,50,blue-collar,married,secondary,325,yes,no,cellular,apr,1,-1,0,unknown,no,0,0,1,Low,0,0,0.05262818
8297,35,blue-collar,married,unknown,520,yes,no,cellular,apr,1,-1,0,unknown,yes,1,0,1,Low,1,0,0.067827746
8298,24,technician,single,secondary,-46,yes,no,unknown,may,1,-1,0,unknown,no,0,0,1,Negative,0,0,0.07789732
8299,42,technician,married,secondary,334,yes,no,cellular,apr,5,335,9,other,no,0,1,1,Low,0,0,0.024666157
8300,58,management,divorced,primary,5914,no,no,unknown,jun,4,-1,0,unknown,no,0,0,0,High,0,0,0.03456324
8301,39,technician,married,tertiary,94,no,no,cellular,aug,2,-1,0,unknown,no,0,0,0,Low,0,0,0.077236086
8302,58,retired,married,secondary,-205,yes,no,unknown,may,2,-1,0,unknown,no,0,0,1,Negative,0,0,0.019615877
8303,51,management,divorced,tertiary,-79,yes,no,cellular,nov,1,-1,0,unknown,no,0,0,1,Negative,0,0,0.05824175
8304,39,services,single,secondary,91,no,no,cellular,sep,1,185,1,success,yes,1,1,0,Low,1,1,0.69933426
8305,59,services,married,primary,31,no,no,unknown,jun,3,-1,0,unknown,no,0,0,0,Low,0,0,0.021148846
8306,46,management,single,tertiary,46,no,yes,unknown,jun,1,-1,0,unknown,no,0,0,1,Low,0,0,0.05218769
8307,59,retired,divorced,primary,-88,yes,no,unknown,jun,2,-1,0,unknown,yes,1,0,1,Negative,1,0,0.04953349
8308,24,blue-collar,married,secondary,272,no,no,cellular,nov,2,94,2,success,yes,1,1,0,Low,1,1,0.853772
8309,43,admin.,married,secondary,24,yes,no,cellular,may,4,357,2,other,no,0,1,1,Low,0,0,0.028103154
8310,68,retired,divorced,primary,250,no,no,cellular,feb,1,-1,0,unknown,yes,1,0,0,Low,1,0,0.40504092
8311,53,management,married,tertiary,1624,no,no,cellular,apr,3,84,3,success,yes,1,1,0,Medium,1,1,0.63138026
8312,60,technician,married,secondary,824,yes,no,cellular,feb,1,558,7,other,yes,1,1,1,Low,1,1,0.7275802
8313,42,technician,single,tertiary,166,no,no,cellular,aug,4,-1,0,unknown,no,0,0,0,Low,0,0,0.092033036
8314,33,blue-collar,married,secondary,1130,yes,no,cellular,apr,1,-1,0,unknown,no,0,0,1,Medium,0,0,0.130791
8315,29,services,single,secondary,-251,no,no,cellular,jul,1,-1,0,unknown,no,0,0,0,Negative,0,0,0.046408784
8316,46,services,married,secondary,375,no,no,telephone,jul,6,-1,0,unknown,no,0,0,0,Low,0,0,0.05559964
8317,32,management,single,tertiary,207,yes,no,cellular,feb,1,-1,0,unknown,no,0,0,1,Low,0,0,0.014920296
8318,41,technician,married,secondary,902,no,no,unknown,jun,6,-1,0,unknown,no,0,0,0,Low,0,0,0.031102404
8319,26,management,single,secondary,651,no,yes,cellular,mar,1,-1,0,unknown,no,0,0,1,Low,0,0,0.42725742
8320,33,management,single,tertiary,383,yes,no,cellular,jul,1,-1,0,unknown,no,0,0,1,Low,0,0,0.074739024
8321,59,housemaid,married,primary,0,no,no,cellular,aug,11,-1,0,unknown,no,0,0,0,Negative,0,0,0.042302765
8322,51,services,married,secondary,-437,no,yes,cellular,jul,3,-1,0,unknown,no,0,0,1,Negative,0,0,0.03475214
8323,42,blue-collar,married,secondary,-355,yes,yes,unknown,jun,6,-1,0,unknown,no,0,0,1,Negative,0,0,0.101474464
8324,41,technician,single,tertiary,445,yes,no,cellular,apr,1,267,1,failure,no,0,1,1,Low,0,0,0.029732872
8325,31,technician,single,tertiary,44,no,no,cellular,aug,13,-1,0,unknown,no,0,0,0,Low,0,0,0.020514496
8326,41,blue-collar,married,secondary,1521,yes,no,cellular,apr,4,-1,0,unknown,no,0,0,1,Medium,0,0,0.1353071
8327,33,blue-collar,single,secondary,76,yes,no,unknown,jun,4,-1,0,unknown,yes,1,0,1,Low,1,0,0.07303471
8328,41,admin.,married,tertiary,108,yes,no,cellular,feb,1,-1,0,unknown,no,0,0,1,Low,0,0,0.036937874
8329,49,management,married,tertiary,470,no,no,cellular,nov,1,-1,0,unknown,no,0,0,0,Low,0,0,0.041875448
8330,28,management,married,secondary,143,yes,no,cellular,jul,13,-1,0,unknown,no,0,0,1,Low,0,0,0.32110533
8331,54,blue-collar,divorced,primary,2656,yes,no,cellular,apr,2,320,2,success,no,0,1,1,Medium,0,1,0.5015611
8332,38,blue-collar,married,primary,1401,no,no,cellular,may,1,-1,0,unknown,yes,1,0,0,Medium,1,0,0.19720213
8333,43,blue-collar,married,unknown,3373,yes,no,unknown,may,1,-1,0,unknown,no,0,0,1,Medium,0,0,0.06987399
8334,39,management,single,tertiary,26,yes,no,cellular,jul,18,-1,0,unknown,no,0,0,1,Low,0,0,0.0036989704
8335,53,services,divorced,primary,-291,yes,yes,unknown,may,1,-1,0,unknown,yes,1,0,1,Negative,1,0,0.01266888
8336,41,admin.,married,secondary,2661,yes,no,telephone,jul,1,-1,0,unknown,no,0,0,1,Medium,0,0,0.08028158
8337,32,services,married,secondary,3268,no,no,cellular,may,1,-1,0,unknown,no,0,0,0,Medium,0,0,0.3226999
8338,41,management,divorced,tertiary,236,no,no,cellular,feb,2,-1,0,unknown,no,0,0,0,Low,0,0,0.16914643
8339,41,housemaid,married,tertiary,783,yes,no,unknown,may,2,-1,0,unknown,no,0,0,1,Low,0,0,0.016784694
8340,34,services,married,secondary,210,yes,yes,cellular,apr,1,332,1,failure,no,0,1,1,Low,0,0,0.024846373
8341,45,technician,single,secondary,1196,yes,no,cellular,jul,6,-1,0,unknown,no,0,0,1,Medium,0,0,0.083670795
8342,46,management,married,tertiary,3115,no,no,cellular,aug,2,-1,0,unknown,no,0,0,0,Medium,0,0,0.13880093
8343,57,unknown,married,primary,1884,no,no,telephone,jun,4,-1,0,unknown,no,0,0,0,Medium,0,0,0.095144644
8344,31,blue-collar,married,secondary,99,yes,no,cellular,jan,3,-1,0,unknown,no,0,0,1,Low,0,0,0.015560308
8345,51,housemaid,married,primary,382,no,yes,cellular,jul,3,-1,0,unknown,no,0,0,1,Low,0,0,0.022167947
8346,41,blue-collar,married,primary,951,yes,no,cellular,apr,4,-1,0,unknown,no,0,0,1,Low,0,0,0.08046639
8347,37,admin.,single,secondary,115,no,no,cellular,nov,4,101,5,failure,no,0,1,0,Low,0,0,0.11821447
8348,54,retired,divorced,tertiary,185,yes,no,telephone,may,6,-1,0,unknown,no,0,0,1,Low,0,0,0.036758095
8349,54,management,married,tertiary,0,no,yes,cellular,nov,3,-1,0,unknown,no,0,0,1,Negative,0,0,0.024370844
8350,25,self-employed,single,secondary,1242,yes,no,unknown,may,2,-1,0,unknown,yes,1,0,1,Medium,1,0,0.08842433
8351,30,blue-collar,married,secondary,5,no,no,cellular,apr,3,-1,0,unknown,yes,1,0,0,Low,1,0,0.2126712
8352,34,admin.,divorced,secondary,564,no,yes,cellular,jul,1,-1,0,unknown,no,0,0,1,Low,0,0,0.0933643
8353,41,blue-collar,married,secondary,440,yes,no,cellular,may,1,334,2,failure,no,0,1,1,Low,0,0,0.010347896
8354,48,blue-collar,married,secondary,1913,yes,no,unknown,may,1,-1,0,unknown,no,0,0,1,Medium,0,0,0.032083154
8355,57,management,married,tertiary,412,no,no,cellular,nov,1,-1,0,unknown,no,0,0,0,Low,0,0,0.039156258
8356,24,admin.,single,secondary,770,yes,no,unknown,may,1,-1,0,unknown,no,0,0,1,Low,0,0,0.070166804
8357,53,blue-collar,divorced,secondary,517,yes,no,unknown,jun,2,-1,0,unknown,no,0,0,1,Low,0,0,0.08605793
8358,48,unknown,married,secondary,-95,no,no,cellular,aug,9,-1,0,unknown,no,0,0,0,Negative,0,0,0.007738445
8359,35,technician,married,secondary,179,no,yes,cellular,aug,2,-1,0,unknown,no,0,0,1,Low,0,0,0.027441481
8360,48,management,married,tertiary,2837,no,no,unknown,jun,1,-1,0,unknown,no,0,0,0,Medium,0,0,0.035262395
8361,35,self-employed,married,tertiary,844,yes,no,unknown,may,1,-1,0,unknown,no,0,0,1,Low,0,0,0.041124806
8362,47,technician,married,secondary,349,yes,yes,cellular,feb,1,273,1,failure,no,0,1,1,Low,0,0,0.010925898
8363,34,management,single,tertiary,2343,no,no,telephone,nov,9,-1,0,unknown,no,0,0,0,Medium,0,0,0.054801326
8364,52,blue-collar,divorced,secondary,497,no,yes,cellular,jul,2,-1,0,unknown,no,0,0,1,Low,0,0,0.09212451
8365,45,admin.,married,secondary,-547,yes,no,unknown,jun,2,-1,0,unknown,no,0,0,1,Negative,0,0,0.04132555
8366,34,management,married,secondary,1105,yes,yes,unknown,jun,4,-1,0,unknown,no,0,0,1,Medium,0,0,0.035156425
8367,46,services,married,secondary,-204,yes,yes,cellular,jul,15,-1,0,unknown,no,0,0,1,Negative,0,0,0.008529152
8368,45,self-employed,divorced,tertiary,963,yes,no,cellular,may,5,-1,0,unknown,yes,1,0,1,Low,1,0,0.10549417
8369,31,management,married,tertiary,2395,no,no,cellular,apr,1,-1,0,unknown,no,0,0,0,Medium,0,1,0.63315856
8370,44,blue-collar,divorced,primary,75,yes,no,cellular,apr,1,281,1,failure,no,0,1,1,Low,0,0,0.061429925
8371,39,services,married,secondary,0,no,no,cellular,jul,5,-1,0,unknown,no,0,0,0,Negative,0,0,0.06619245
8372,46,entrepreneur,married,secondary,4,yes,yes,unknown,jun,1,-1,0,unknown,no,0,0,1,Low,0,0,0.032010123
8373,52,management,divorced,tertiary,96,no,no,cellular,aug,1,-1,0,unknown,no,0,0,0,Low,0,0,0.10476897
8374,43,retired,married,secondary,56,yes,yes,unknown,may,1,-1,0,unknown,no,0,0,1,Low,0,0,0.024019945
8375,37,management,married,tertiary,-70,yes,no,cellular,jul,2,-1,0,unknown,no,0,0,1,Negative,0,0,0.013876392
8376,27,services,single,secondary,-195,yes,no,cellular,may,1,-1,0,unknown,yes,1,0,1,Negative,1,0,0.105940975
8377,39,management,divorced,tertiary,5009,yes,no,cellular,jul,2,-1,0,unknown,no,0,0,1,High,0,0,0.1299892
8378,42,management,married,tertiary,254,no,no,cellular,dec,7,183,4,success,yes,1,1,0,Low,1,1,0.80388916
8379,58,management,married,tertiary,37,no,no,cellular,jan,2,-1,0,unknown,no,0,0,0,Low,0,0,0.07555581
8380,33,technician,divorced,secondary,22,no,no,cellular,aug,2,-1,0,unknown,no,0,0,0,Low,0,0,0.038510952
8381,33,admin.,married,tertiary,1636,yes,yes,cellular,apr,1,136,1,failure,no,0,1,1,Medium,0,0,0.04348296
8382,51,blue-collar,married,primary,1203,yes,yes,telephone,may,4,350,7,failure,no,0,1,1,Medium,0,0,0.03027173
8383,27,student,single,tertiary,5291,no,no,cellular,nov,2,92,2,failure,yes,1,1,0,High,1,1,0.7052705
8384,46,retired,divorced,secondary,865,no,no,unknown,jun,11,-1,0,unknown,no,0,0,0,Low,0,0,0.07147347
8385,30,blue-collar,single,secondary,0,yes,no,cellular,may,1,349,4,failure,no,0,1,1,Negative,0,0,0.051568776
8386,27,blue-collar,single,secondary,2,no,no,telephone,may,7,366,10,other,no,0,1,0,Low,0,0,0.015815696
8387,60,management,married,secondary,0,no,no,telephone,oct,3,62,3,failure,no,0,1,0,Negative,0,0,0.05665648
8388,30,admin.,single,secondary,414,no,no,cellular,apr,1,-1,0,unknown,no,0,0,0,Low,0,1,0.6483366
8389,57,management,married,tertiary,163,no,no,cellular,aug,3,-1,0,unknown,no,0,0,0,Low,0,0,0.11485713
8390,43,management,married,tertiary,2083,no,no,cellular,nov,2,-1,0,unknown,no,0,0,0,Medium,0,0,0.122657366
8391,48,admin.,married,secondary,2088,no,yes,cellular,feb,1,-1,0,unknown,no,0,0,1,Medium,0,0,0.10764552
8392,46,blue-collar,married,primary,1227,no,no,telephone,jan,3,-1,0,unknown,no,0,0,0,Medium,0,0,0.027360247
8393,36,entrepreneur,married,tertiary,0,no,no,unknown,jun,3,-1,0,unknown,no,0,0,0,Negative,0,0,0.0721922
8394,39,admin.,divorced,secondary,7,yes,no,cellular,feb,1,-1,0,unknown,no,0,0,1,Low,0,0,0.03108147
8395,34,management,single,unknown,6013,yes,no,cellular,may,1,-1,0,unknown,yes,1,0,1,High,1,0,0.16637143
8396,57,admin.,married,primary,286,no,no,cellular,aug,3,-1,0,unknown,no,0,0,0,Low,0,0,0.06801686
8397,37,admin.,divorced,secondary,0,yes,no,unknown,may,5,-1,0,unknown,no,0,0,1,Negative,0,0,0.06910203
8398,54,blue-collar,married,secondary,3002,no,no,cellular,aug,4,-1,0,unknown,no,0,0,0,Medium,0,0,0.09929727
8399,32,technician,single,secondary,68,no,yes,cellular,aug,4,-1,0,unknown,no,0,0,1,Low,0,0,0.0305001
8400,41,blue-collar,married,primary,943,yes,no,unknown,may,3,-1,0,unknown,no,0,0,1,Low,0,0,0.03299814
8401,59,retired,married,primary,4450,no,no,cellular,aug,3,-1,0,unknown,no,0,0,0,Medium,0,0,0.20583735
8402,46,services,married,secondary,184,yes,no,cellular,apr,1,-1,0,unknown,no,0,0,1,Low,0,0,0.15483159
8403,44,admin.,married,secondary,58544,yes,no,unknown,may,2,-1,0,unknown,no,0,0,1,High,0,0,0.00960497
8404,51,blue-collar,married,primary,0,no,no,cellular,nov,1,-1,0,unknown,no,0,0,0,Negative,0,0,0.038466748
8405,31,management,single,tertiary,37,no,no,cellular,aug,2,-1,0,unknown,yes,1,0,0,Low,1,0,0.10142428
8406,59,management,married,secondary,966,no,no,telephone,jul,4,-1,0,unknown,no,0,0,0,Low,0,0,0.06761246
8407,50,technician,married,tertiary,5114,no,no,telephone,jun,2,153,2,other,no,0,1,0,High,0,0,0.4332384
8408,31,blue-collar,single,secondary,2137,no,no,unknown,may,1,-1,0,unknown,no,0,0,0,Medium,0,0,0.02175255
8409,32,admin.,married,secondary,0,yes,no,unknown,may,2,-1,0,unknown,no,0,0,1,Negative,0,0,0.014993381
8410,41,blue-collar,single,primary,1649,yes,no,unknown,may,3,-1,0,unknown,no,0,0,1,Medium,0,0,0.107129104
8411,56,management,married,secondary,0,yes,no,unknown,may,1,-1,0,unknown,no,0,0,1,Negative,0,0,0.012128291
8412,35,admin.,married,secondary,3854,yes,no,cellular,may,1,-1,0,unknown,no,0,0,1,Medium,0,0,0.06982376
8413,36,blue-collar,married,secondary,373,yes,no,unknown,may,1,-1,0,unknown,no,0,0,1,Low,0,0,0.04091231
8414,34,management,married,tertiary,2287,yes,no,unknown,may,4,-1,0,unknown,yes,1,0,1,Medium,1,0,0.012657117
8415,47,technician,divorced,tertiary,694,yes,no,cellular,may,4,-1,0,unknown,no,0,0,1,Low,0,0,0.048526928
8416,38,blue-collar,married,secondary,-220,yes,no,unknown,may,2,-1,0,unknown,no,0,0,1,Negative,0,0,0.006356465
8417,51,technician,single,tertiary,11222,yes,no,unknown,jun,7,-1,0,unknown,no,0,0,1,High,0,0,0.03936639
8418,27,blue-collar,single,secondary,137,no,yes,cellular,jul,1,-1,0,unknown,no,0,0,1,Low,0,0,0.090711474
8419,46,management,married,secondary,430,yes,no,cellular,nov,1,-1,0,unknown,no,0,0,1,Low,0,0,0.017692573
8420,34,admin.,married,tertiary,69,no,yes,cellular,aug,3,251,3,success,yes,1,1,1,Low,1,1,0.83877254
8421,30,admin.,single,secondary,648,no,no,cellular,oct,1,-1,0,unknown,no,0,0,0,Low,0,0,0.25179142
8422,37,technician,married,unknown,189,no,no,cellular,jun,2,-1,0,unknown,yes,1,0,0,Low,1,0,0.3126006
8423,59,blue-collar,married,secondary,-918,yes,no,unknown,jun,2,-1,0,unknown,no,0,0,1,Negative,0,0,0.09061846
8424,35,technician,married,secondary,746,no,yes,cellular,jan,1,-1,0,unknown,no,0,0,1,Low,0,0,0.08790876
8425,30,management,single,tertiary,596,no,no,cellular,jun,2,-1,0,unknown,no,0,0,0,Low,0,0,0.49329764
8426,30,management,married,tertiary,6432,yes,no,cellular,may,6,165,5,failure,no,0,1,1,High,0,0,0.14980353
8427,25,blue-collar,single,secondary,-247,yes,no,cellular,jul,1,-1,0,unknown,yes,1,0,1,Negative,1,0,0.047757044
8428,31,management,married,tertiary,163,yes,yes,telephone,nov,1,-1,0,unknown,no,0,0,1,Low,0,0,0.14443879
8429,29,admin.,married,secondary,301,yes,no,unknown,jun,5,-1,0,unknown,no,0,0,1,Low,0,0,0.025733879
8430,41,services,married,secondary,639,yes,no,unknown,may,2,-1,0,unknown,no,0,0,1,Low,0,0,0.017568264
8431,46,management,divorced,tertiary,675,no,yes,unknown,jun,2,-1,0,unknown,no,0,0,1,Low,0,0,0.06285584
8432,37,admin.,married,secondary,-426,yes,yes,cellular,jul,30,-1,0,unknown,no,0,0,1,Negative,0,0,0.011412134
8433,30,housemaid,single,tertiary,2017,yes,no,cellular,apr,5,-1,0,unknown,no,0,0,1,Medium,0,0,0.120416895
8434,48,blue-collar,married,primary,108,yes,no,telephone,may,5,367,7,other,no,0,1,1,Low,0,0,0.006176978
8435,29,services,married,tertiary,0,yes,no,unknown,jun,2,-1,0,unknown,no,0,0,1,Negative,0,0,0.030453231
8436,34,services,married,secondary,184,yes,no,cellular,nov,1,-1,0,unknown,no,0,0,1,Low,0,0,0.040951524
8437,40,blue-collar,divorced,secondary,0,yes,no,cellular,may,2,-1,0,unknown,no,0,0,1,Negative,0,0,0.122746706
8438,37,management,single,tertiary,230,yes,yes,cellular,feb,2,272,1,failure,no,0,1,1,Low,0,0,0.01395785
8439,42,housemaid,divorced,secondary,314,no,no,unknown,jun,2,-1,0,unknown,no,0,0,0,Low,0,0,0.021206744
8440,38,technician,divorced,tertiary,791,yes,no,unknown,may,2,-1,0,unknown,no,0,0,1,Low,0,0,0.05559972
8441,33,management,married,tertiary,1047,no,no,cellular,aug,4,-1,0,unknown,yes,1,0,0,Medium,1,0,0.078415856
8442,47,management,single,tertiary,191,yes,no,unknown,may,1,-1,0,unknown,no,0,0,1,Low,0,0,0.021060167
8443,33,services,single,secondary,459,yes,no,cellular,jan,1,266,2,failure,no,0,1,1,Low,0,0,0.009115148
8444,43,unemployed,single,primary,264,no,no,cellular,feb,2,-1,0,unknown,no,0,0,0,Low,0,0,0.15121253
8445,35,management,married,tertiary,1361,no,yes,cellular,jul,11,-1,0,unknown,no,0,0,1,Medium,0,0,0.2732002
8446,35,blue-collar,married,unknown,1084,yes,no,cellular,jul,1,-1,0,unknown,no,0,0,1,Medium,0,0,0.09505456
8447,47,blue-collar,married,secondary,863,yes,no,unknown,may,2,-1,0,unknown,yes,1,0,1,Low,1,0,0.038971633
8448,52,management,married,secondary,-892,yes,no,cellular,aug,2,-1,0,unknown,no,0,0,1,Negative,0,0,0.10196676
8449,38,blue-collar,married,primary,1,yes,no,cellular,may,1,-1,0,unknown,no,0,0,1,Low,0,0,0.043507747
8450,27,student,single,secondary,3,no,no,cellular,jan,1,-1,0,unknown,no,0,0,0,Low,0,0,0.08418829
8451,57,blue-collar,married,primary,2112,no,no,cellular,aug,2,-1,0,unknown,yes,1,0,0,Medium,1,0,0.05681262
8452,36,unemployed,married,secondary,-872,yes,yes,cellular,nov,1,183,1,failure,no,0,1,1,Negative,0,0,0.017044965
8453,46,entrepreneur,married,primary,8873,yes,no,cellular,jul,2,-1,0,unknown,no,0,0,1,High,0,0,0.06615338
8454,37,admin.,divorced,secondary,3975,yes,no,cellular,may,2,-1,0,unknown,no,0,0,1,Medium,0,0,0.07058277
8455,30,blue-collar,married,secondary,9,yes,no,unknown,may,1,-1,0,unknown,no,0,0,1,Low,0,0,0.01730093
8456,52,technician,married,secondary,22755,yes,no,unknown,may,2,-1,0,unknown,no,0,0,1,High,0,0,0.01159052
8457,41,blue-collar,married,secondary,2152,yes,no,cellular,nov,1,-1,0,unknown,no,0,0,1,Medium,0,0,0.05087298
8458,30,self-employed,married,tertiary,2666,no,no,cellular,aug,2,93,4,success,yes,1,1,0,Medium,1,1,0.8421457
8459,34,blue-collar,married,secondary,5304,yes,no,unknown,may,2,-1,0,unknown,no,0,0,1,High,0,0,0.058991842
8460,33,blue-collar,divorced,secondary,880,yes,yes,cellular,jan,3,239,1,failure,no,0,1,1,Low,0,0,0.005093174
8461,38,admin.,single,tertiary,3954,yes,no,cellular,feb,1,182,3,failure,no,0,1,1,Medium,0,0,0.15497734
8462,45,management,married,tertiary,3370,no,no,unknown,jun,3,-1,0,unknown,no,0,0,0,Medium,0,0,0.091800325
8463,40,management,married,tertiary,5142,no,no,cellular,jan,2,224,1,failure,no,0,1,0,High,0,0,0.16468407
8464,41,management,married,tertiary,15449,no,no,cellular,aug,9,-1,0,unknown,no,0,0,0,High,0,0,0.19145544
8465,32,blue-collar,married,secondary,1905,yes,no,cellular,jul,2,-1,0,unknown,yes,1,0,1,Medium,1,0,0.097077295
8466,42,blue-collar,married,primary,1156,yes,no,telephone,apr,1,-1,0,unknown,no,0,0,1,Medium,0,0,0.05141806
8467,40,self-employed,divorced,tertiary,4647,yes,no,telephone,may,2,-1,0,unknown,no,0,0,1,Medium,0,0,0.08298865
8468,51,retired,single,secondary,5885,no,no,telephone,feb,6,-1,0,unknown,no,0,0,0,High,0,0,0.11357392
8469,38,services,married,secondary,4392,no,no,cellular,nov,2,110,2,failure,no,0,1,0,Medium,0,0,0.02735001
8470,32,technician,single,secondary,271,yes,yes,cellular,may,2,-1,0,unknown,no,0,0,1,Low,0,0,0.09091987
8471,48,technician,married,secondary,3519,no,yes,cellular,feb,1,60,2,failure,no,0,1,1,Medium,0,0,0.13902938
8472,31,admin.,single,secondary,162,yes,no,unknown,may,1,-1,0,unknown,no,0,0,1,Low,0,0,0.044744764
8473,38,admin.,divorced,secondary,-212,yes,no,unknown,may,2,-1,0,unknown,no,0,0,1,Negative,0,0,0.101010025
8474,54,management,divorced,tertiary,5475,no,no,cellular,jul,4,-1,0,unknown,yes,1,0,0,High,1,0,0.23378508
8475,34,technician,divorced,secondary,3997,yes,no,unknown,may,1,-1,0,unknown,no,0,0,1,Medium,0,0,0.0640306
8476,50,management,married,tertiary,1859,no,no,cellular,aug,5,-1,0,unknown,no,0,0,0,Medium,0,0,0.07475139
8477,44,blue-collar,married,secondary,16178,yes,no,cellular,nov,1,-1,0,unknown,no,0,0,1,High,0,0,0.04985033
8478,36,blue-collar,married,secondary,576,yes,no,cellular,jul,2,-1,0,unknown,no,0,0,1,Low,0,0,0.04205246
8479,30,admin.,married,secondary,-68,yes,no,cellular,jul,1,-1,0,unknown,no,0,0,1,Negative,0,0,0.040702634
8480,27,admin.,single,secondary,110,yes,no,unknown,may,1,-1,0,unknown,no,0,0,1,Low,0,0,0.039232
8481,54,retired,married,primary,309,no,no,cellular,aug,2,-1,0,unknown,yes,1,0,0,Low,1,0,0.05276443
8482,34,management,single,tertiary,11350,yes,no,cellular,nov,1,-1,0,unknown,no,0,0,1,High,0,0,0.07400788
8483,28,admin.,single,secondary,352,yes,yes,cellular,may,1,-1,0,unknown,yes,1,0,1,Low,1,0,0.12753892
8484,47,blue-collar,married,secondary,-98,yes,no,unknown,may,1,-1,0,unknown,no,0,0,1,Negative,0,0,0.026575394
8485,52,blue-collar,divorced,secondary,306,yes,no,unknown,may,3,-1,0,unknown,no,0,0,1,Low,0,0,0.07046526
8486,45,management,married,secondary,724,yes,yes,cellular,aug,1,-1,0,unknown,no,0,0,1,Low,0,0,0.107372954
8487,31,blue-collar,married,secondary,1495,yes,yes,unknown,may,3,-1,0,unknown,no,0,0,1,Medium,0,0,0.03958384
8488,33,management,married,tertiary,4,yes,no,cellular,jul,5,-1,0,unknown,no,0,0,1,Low,0,0,0.07739797
8489,34,blue-collar,single,primary,-2,no,yes,cellular,jul,1,-1,0,unknown,no,0,0,1,Negative,0,0,0.052717295
8490,47,technician,divorced,secondary,22,no,no,cellular,may,6,-1,0,unknown,no,0,0,0,Low,0,0,0.069221206
8491,47,technician,divorced,secondary,1013,no,no,cellular,jun,3,-1,0,unknown,no,0,0,0,Medium,0,1,0.58204895
8492,32,management,single,tertiary,3367,no,no,cellular,aug,4,-1,0,unknown,no,0,0,0,Medium,0,0,0.105184905
8493,38,services,married,secondary,2678,no,no,cellular,sep,2,187,1,success,yes,1,1,0,Medium,1,1,0.84914744
8494,55,blue-collar,married,secondary,-473,yes,no,unknown,may,1,-1,0,unknown,no,0,0,1,Negative,0,0,0.03690975
8495,53,unemployed,married,secondary,7,no,no,cellular,jan,2,-1,0,unknown,no,0,0,0,Low,0,0,0.061113264
8496,35,services,married,unknown,618,no,no,cellular,aug,1,104,1,success,yes,1,1,0,Low,1,0,0.49592847
8497,31,services,single,secondary,481,yes,no,unknown,may,2,-1,0,unknown,no,0,0,1,Low,0,0,0.06886568
8498,53,blue-collar,married,primary,-462,no,no,cellular,jan,1,-1,0,unknown,yes,1,0,0,Negative,1,0,0.0484648
8499,46,management,married,tertiary,273,yes,no,cellular,sep,1,105,3,failure,yes,1,1,1,Low,1,0,0.3096013
8500,33,technician,married,secondary,79,yes,no,cellular,aug,6,-1,0,unknown,no,0,0,1,Low,0,0,0.037365906
8501,46,blue-collar,married,primary,2118,no,no,telephone,aug,2,-1,0,unknown,no,0,0,0,Medium,0,0,0.088146366
8502,47,technician,married,secondary,11,no,no,cellular,aug,2,-1,0,unknown,no,0,0,0,Low,0,0,0.0378424
8503,42,technician,single,secondary,275,no,no,cellular,aug,8,-1,0,unknown,no,0,0,0,Low,0,0,0.0474145
8504,28,blue-collar,married,secondary,822,yes,no,unknown,jun,18,-1,0,unknown,no,0,0,1,Low,0,0,0.042666975
8505,34,blue-collar,married,primary,72,yes,no,cellular,may,3,-1,0,unknown,no,0,0,1,Low,0,0,0.10232678
8506,60,retired,married,primary,1167,no,no,cellular,oct,2,-1,0,unknown,no,0,0,0,Medium,0,0,0.09482276
8507,31,management,married,tertiary,898,no,no,cellular,nov,1,-1,0,unknown,no,0,0,0,Low,0,0,0.0656976
8508,53,entrepreneur,married,primary,943,yes,yes,unknown,jun,2,-1,0,unknown,no,0,0,1,Low,0,0,0.041358374
8509,42,blue-collar,single,secondary,1306,yes,no,unknown,may,1,-1,0,unknown,no,0,0,1,Medium,0,0,0.05930912
8510,29,services,married,secondary,283,no,yes,unknown,may,1,-1,0,unknown,no,0,0,1,Low,0,0,0.020085823
8511,32,admin.,single,secondary,154,yes,no,cellular,apr,1,521,2,failure,no,0,1,1,Low,0,1,0.6001729
8512,53,technician,married,secondary,9146,no,no,cellular,aug,4,-1,0,unknown,no,0,0,0,High,0,0,0.08781581
8513,35,technician,single,tertiary,147,no,no,cellular,aug,2,-1,0,unknown,no,0,0,0,Low,0,0,0.07574726
8514,53,management,married,tertiary,1759,no,no,cellular,feb,3,-1,0,unknown,no,0,0,0,Medium,0,0,0.12528062
8515,35,blue-collar,single,secondary,3508,yes,no,cellular,jul,3,-1,0,unknown,no,0,0,1,Medium,0,0,0.15410468
8516,57,admin.,single,secondary,738,no,no,cellular,nov,1,-1,0,unknown,no,0,0,0,Low,0,0,0.11728632
8517,46,unemployed,married,secondary,3533,yes,no,cellular,aug,2,-1,0,unknown,no,0,0,1,Medium,0,0,0.13820517
8518,41,admin.,married,primary,-306,yes,no,unknown,may,1,-1,0,unknown,yes,1,0,1,Negative,1,0,0.0051798504
8519,49,management,single,tertiary,588,no,no,cellular,aug,9,-1,0,unknown,no,0,0,0,Low,0,0,0.068540856
8520,35,admin.,single,secondary,206,yes,no,cellular,apr,2,-1,0,unknown,no,0,0,1,Low,0,0,0.3781286
8521,44,blue-collar,married,primary,6,no,no,cellular,jul,9,-1,0,unknown,no,0,0,0,Low,0,0,0.04560491
8522,41,technician,single,tertiary,1646,yes,no,cellular,may,1,90,7,success,yes,1,1,1,Medium,1,1,0.74084705
8523,35,management,married,tertiary,-273,yes,no,cellular,jul,3,-1,0,unknown,no,0,0,1,Negative,0,0,0.05060045
8524,33,blue-collar,single,unknown,514,yes,no,cellular,apr,1,-1,0,unknown,no,0,0,1,Low,0,0,0.09470231
8525,38,management,single,tertiary,8953,no,yes,cellular,nov,1,-1,0,unknown,no,0,0,1,High,0,0,0.06310282
8526,34,entrepreneur,married,primary,0,yes,no,cellular,jul,3,-1,0,unknown,no,0,0,1,Negative,0,0,0.054143403
8527,56,unemployed,married,primary,5496,yes,no,cellular,feb,3,-1,0,unknown,no,0,0,1,High,0,0,0.06148732
8528,42,blue-collar,married,primary,21,yes,no,cellular,may,5,288,11,other,no,0,1,1,Low,0,0,0.023519175
8529,49,technician,married,secondary,3144,no,no,cellular,jul,2,-1,0,unknown,no,0,0,0,Medium,0,0,0.08264142
8530,45,blue-collar,single,unknown,816,no,no,cellular,nov,3,-1,0,unknown,no,0,0,0,Low,0,0,0.11969244
8531,51,management,married,tertiary,401,no,no,cellular,aug,6,-1,0,unknown,no,0,0,0,Low,0,0,0.07411483
8532,60,retired,divorced,secondary,216,yes,no,unknown,may,1,-1,0,unknown,no,0,0,1,Low,0,0,0.060964495
8533,55,housemaid,married,primary,0,no,no,unknown,jun,3,-1,0,unknown,no,0,0,0,Negative,0,0,0.029725377
8534,30,admin.,single,secondary,2,yes,no,telephone,may,9,-1,0,unknown,no,0,0,1,Low,0,0,0.012892832
8535,53,technician,married,secondary,3429,no,no,cellular,aug,4,-1,0,unknown,no,0,0,0,Medium,0,0,0.0691317
8536,37,blue-collar,married,primary,543,yes,no,unknown,may,1,-1,0,unknown,no,0,0,1,Low,0,0,0.039421346
8537,31,unemployed,divorced,primary,0,yes,no,unknown,may,12,-1,0,unknown,yes,1,0,1,Negative,1,0,0.02685147
8538,81,management,married,tertiary,0,no,no,cellular,jul,1,-1,0,unknown,no,0,0,0,Negative,0,0,0.06313178
8539,62,management,married,secondary,1128,no,no,cellular,sep,1,290,3,other,yes,1,1,0,Medium,1,0,0.19484319
8540,27,blue-collar,single,primary,1209,no,no,cellular,jan,1,-1,0,unknown,no,0,0,0,Medium,0,0,0.10607347
8541,27,technician,single,secondary,126,yes,yes,cellular,feb,2,216,4,failure,no,0,1,1,Low,0,0,0.030353352
8542,46,admin.,single,secondary,-136,yes,no,unknown,may,1,-1,0,unknown,no,0,0,1,Negative,0,0,0.008467726
8543,53,blue-collar,married,secondary,684,yes,yes,cellular,jul,1,-1,0,unknown,no,0,0,1,Low,0,0,0.06445192
8544,35,technician,married,secondary,0,no,no,cellular,jul,2,-1,0,unknown,no,0,0,0,Negative,0,0,0.07056269
8545,47,entrepreneur,married,secondary,0,no,no,unknown,jun,1,-1,0,unknown,yes,1,0,0,Negative,1,0,0.031964026
8546,42,services,married,secondary,508,yes,no,unknown,may,1,-1,0,unknown,no,0,0,1,Low,0,0,0.040157758
8547,31,services,single,secondary,3677,yes,no,cellular,may,2,-1,0,unknown,no,0,0,1,Medium,0,0,0.12134823
8548,32,admin.,single,tertiary,3816,yes,no,cellular,nov,3,-1,0,unknown,no,0,0,1,Medium,0,0,0.07830815
8549,40,blue-collar,married,secondary,2158,no,no,cellular,jul,1,-1,0,unknown,no,0,0,0,Medium,0,0,0.10977074
8550,39,management,divorced,tertiary,126,no,no,cellular,may,1,-1,0,unknown,no,0,0,0,Low,0,0,0.2875623
8551,41,technician,single,secondary,30,no,no,unknown,may,1,-1,0,unknown,no,0,0,0,Low,0,0,0.025864584
8552,37,management,single,tertiary,2875,no,no,cellular,nov,2,-1,0,unknown,no,0,0,0,Medium,0,0,0.15328063
8553,69,retired,divorced,secondary,4572,no,no,cellular,jan,2,92,3,success,no,0,1,0,Medium,0,1,0.92830944
8554,36,services,married,secondary,136,no,no,unknown,jun,3,-1,0,unknown,no,0,0,0,Low,0,0,0.038747888
8555,37,technician,married,secondary,5729,yes,no,unknown,may,3,-1,0,unknown,no,0,0,1,High,0,0,0.08232294
8556,31,blue-collar,married,secondary,864,yes,yes,cellular,may,1,-1,0,unknown,no,0,0,1,Low,0,0,0.13297285
8557,38,services,married,secondary,741,yes,no,cellular,may,1,343,2,failure,no,0,1,1,Low,0,0,0.026561756
8558,42,management,married,secondary,2580,yes,no,unknown,jun,3,-1,0,unknown,no,0,0,1,Medium,0,0,0.05275692
8559,31,services,married,secondary,0,yes,yes,cellular,jul,4,-1,0,unknown,no,0,0,1,Negative,0,0,0.06002922
8560,36,admin.,married,secondary,0,yes,yes,cellular,feb,2,-1,0,unknown,no,0,0,1,Negative,0,0,0.07279496
8561,34,management,married,tertiary,731,yes,no,cellular,nov,4,-1,0,unknown,no,0,0,1,Low,0,0,0.040152214
8562,42,blue-collar,divorced,secondary,3407,no,no,cellular,jul,2,-1,0,unknown,no,0,0,0,Medium,0,0,0.114978716
8563,26,entrepreneur,married,secondary,1,yes,no,cellular,jul,2,-1,0,unknown,no,0,0,1,Low,0,0,0.036407527
8564,30,management,married,tertiary,931,no,no,cellular,jul,1,-1,0,unknown,no,0,0,0,Low,0,0,0.10224945
8565,36,admin.,married,secondary,957,yes,no,unknown,may,1,-1,0,unknown,no,0,0,1,Low,0,0,0.03227541
8566,76,retired,divorced,primary,2693,no,no,cellular,apr,5,184,2,success,no,0,1,0,Medium,0,1,0.81795275
8567,58,management,married,secondary,771,no,no,unknown,may,3,-1,0,unknown,no,0,0,0,Low,0,0,0.0148243625
8568,53,technician,married,secondary,0,no,no,cellular,aug,2,-1,0,unknown,no,0,0,0,Negative,0,0,0.039612934
8569,51,blue-collar,married,primary,0,no,no,cellular,aug,4,-1,0,unknown,no,0,0,0,Negative,0,0,0.02789104
8570,34,technician,married,secondary,91,no,no,cellular,aug,4,-1,0,unknown,no,0,0,0,Low,0,0,0.013901954
8571,55,housemaid,married,secondary,962,yes,no,cellular,apr,1,181,3,success,yes,1,1,1,Low,1,1,0.97257507
8572,83,retired,married,tertiary,4761,no,no,telephone,jun,2,93,1,success,no,0,1,0,Medium,0,1,0.6006353
8573,39,admin.,married,primary,444,yes,no,cellular,may,2,-1,0,unknown,no,0,0,1,Low,0,0,0.0402546
8574,32,entrepreneur,married,tertiary,108,yes,yes,unknown,may,1,-1,0,unknown,no,0,0,1,Low,0,0,0.032405786
8575,59,unknown,married,unknown,2443,no,no,unknown,jun,8,-1,0,unknown,no,0,0,0,Medium,0,0,0.016066419
8576,44,admin.,divorced,secondary,777,yes,no,cellular,may,3,350,2,failure,no,0,1,1,Low,0,0,0.0809661
8577,38,admin.,single,secondary,439,no,no,unknown,jun,4,-1,0,unknown,no,0,0,0,Low,0,0,0.06598167
8578,36,technician,married,secondary,4613,no,no,cellular,apr,1,134,2,failure,no,0,1,0,Medium,0,0,0.16893244
8579,35,blue-collar,married,secondary,402,no,yes,unknown,jun,1,-1,0,unknown,no,0,0,1,Low,0,0,0.062829025
8580,28,admin.,single,tertiary,832,no,no,telephone,mar,3,342,1,failure,yes,1,1,0,Low,1,1,0.63383806
8581,60,retired,married,secondary,2060,no,no,cellular,jun,4,95,4,failure,no,0,1,0,Medium,0,0,0.20587647
8582,35,technician,divorced,secondary,69,yes,no,unknown,may,3,-1,0,unknown,no,0,0,1,Low,0,0,0.031141803
8583,30,technician,single,tertiary,655,no,no,cellular,oct,2,-1,0,unknown,yes,1,0,0,Low,1,0,0.4921813
8584,59,admin.,married,secondary,231,no,yes,cellular,nov,1,-1,0,unknown,no,0,0,1,Low,0,0,0.15457425
8585,26,management,single,tertiary,390,no,no,cellular,aug,1,-1,0,unknown,yes,1,0,0,Low,1,0,0.16681449
8586,49,admin.,married,tertiary,8413,no,no,cellular,aug,6,-1,0,unknown,no,0,0,0,High,0,0,0.060103763
8587,42,management,married,secondary,0,no,no,unknown,may,4,-1,0,unknown,no,0,0,0,Negative,0,0,0.011163783
8588,50,technician,married,secondary,402,no,no,cellular,may,1,180,2,failure,no,0,1,0,Low,0,0,0.20616078
8589,55,management,married,tertiary,1161,yes,no,cellular,nov,6,-1,0,unknown,no,0,0,1,Medium,0,0,0.02682525
8590,40,housemaid,married,primary,224,yes,no,cellular,jul,3,-1,0,unknown,no,0,0,1,Low,0,0,0.026104916
8591,32,services,single,secondary,385,yes,no,cellular,may,2,-1,0,unknown,no,0,0,1,Low,0,0,0.119779736
8592,29,technician,married,secondary,3615,yes,no,cellular,jul,3,-1,0,unknown,no,0,0,1,Medium,0,0,0.05889551
8593,30,self-employed,single,secondary,-617,no,yes,cellular,nov,1,-1,0,unknown,yes,1,0,1,Negative,1,0,0.08170773
8594,37,services,single,secondary,43,yes,no,cellular,jul,2,-1,0,unknown,no,0,0,1,Low,0,0,0.08570278
8595,37,entrepreneur,married,primary,8,yes,yes,cellular,jul,1,-1,0,unknown,no,0,0,1,Low,0,0,0.03646122
8596,38,management,married,secondary,794,yes,no,unknown,jun,3,-1,0,unknown,no,0,0,1,Low,0,0,0.10505586
8597,33,management,single,secondary,8004,no,no,cellular,nov,3,-1,0,unknown,no,0,0,0,High,0,0,0.06846705
8598,66,entrepreneur,married,primary,0,no,no,telephone,aug,1,-1,0,unknown,no,0,0,0,Negative,0,0,0.14601561
8599,47,technician,married,tertiary,0,yes,yes,cellular,jul,2,-1,0,unknown,no,0,0,1,Negative,0,0,0.051630583
8600,31,admin.,single,secondary,690,no,no,cellular,feb,12,-1,0,unknown,no,0,0,0,Low,0,0,0.06032312
8601,59,blue-collar,married,secondary,475,yes,yes,unknown,jun,1,-1,0,unknown,no,0,0,1,Low,0,0,0.04216782
8602,56,management,divorced,tertiary,1016,yes,no,unknown,jun,5,-1,0,unknown,no,0,0,1,Medium,0,0,0.025491692
8603,35,management,married,tertiary,337,no,no,cellular,aug,5,-1,0,unknown,no,0,0,0,Low,0,0,0.0851906
8604,33,blue-collar,single,secondary,5137,yes,no,cellular,may,1,-1,0,unknown,no,0,0,1,High,0,0,0.09026165
8605,45,management,married,unknown,2724,no,no,cellular,jun,2,182,1,success,yes,1,1,0,Medium,1,1,0.8357463
8606,29,technician,married,secondary,0,yes,no,cellular,jul,6,-1,0,unknown,no,0,0,1,Negative,0,0,0.062318705
8607,39,management,married,primary,13,no,no,unknown,jun,4,-1,0,unknown,no,0,0,0,Low,0,0,0.012935374
8608,59,management,married,tertiary,2239,no,no,cellular,aug,6,90,1,success,yes,1,1,0,Medium,1,1,0.72011477
8609,29,services,single,secondary,-293,no,yes,cellular,jul,1,-1,0,unknown,no,0,0,1,Negative,0,0,0.06537074
8610,33,admin.,single,secondary,745,yes,no,cellular,apr,2,333,1,other,no,0,1,1,Low,0,0,0.046004523
8611,48,technician,married,tertiary,443,yes,no,cellular,may,2,-1,0,unknown,no,0,0,1,Low,0,0,0.029462993
8612,32,blue-collar,married,secondary,136,no,no,cellular,nov,1,188,3,success,yes,1,1,0,Low,1,1,0.84101015
8613,36,services,married,secondary,297,yes,yes,cellular,jul,5,-1,0,unknown,no,0,0,1,Low,0,0,0.11731964
8614,29,management,single,tertiary,21,yes,no,cellular,may,4,371,3,failure,no,0,1,1,Low,0,0,0.19645043
8615,34,unemployed,married,secondary,428,yes,no,cellular,apr,2,267,3,other,no,0,1,1,Low,0,0,0.054002758
8616,36,management,single,tertiary,20,yes,no,cellular,apr,2,150,3,other,no,0,1,1,Low,0,0,0.15305598
8617,30,management,married,tertiary,0,no,no,cellular,jul,1,-1,0,unknown,no,0,0,0,Negative,0,0,0.05550485
8618,30,technician,single,secondary,115,no,no,cellular,may,1,351,1,failure,no,0,1,0,Low,0,0,0.05146293
8619,34,admin.,married,tertiary,221,yes,no,unknown,may,4,-1,0,unknown,no,0,0,1,Low,0,0,0.012933257
8620,52,blue-collar,married,primary,1949,no,no,cellular,aug,2,-1,0,unknown,no,0,0,0,Medium,0,0,0.066164754
8621,40,blue-collar,married,secondary,5060,no,no,unknown,nov,1,-1,0,unknown,yes,1,0,0,High,1,0,0.287941
8622,35,technician,divorced,secondary,56,no,no,cellular,aug,12,-1,0,unknown,no,0,0,0,Low,0,0,0.011028716
8623,38,management,married,tertiary,762,yes,no,unknown,may,2,-1,0,unknown,no,0,0,1,Low,0,0,0.02140096
8624,29,blue-collar,divorced,secondary,-19,yes,no,cellular,apr,4,-1,0,unknown,yes,1,0,1,Negative,1,0,0.08705602
8625,23,blue-collar,single,secondary,5145,yes,no,unknown,may,3,-1,0,unknown,no,0,0,1,High,0,0,0.21742865
8626,56,services,married,secondary,2658,yes,no,unknown,may,1,-1,0,unknown,no,0,0,1,Medium,0,0,0.018903436
8627,35,technician,married,unknown,208,yes,no,unknown,may,1,-1,0,unknown,no,0,0,1,Low,0,0,0.016685767
8628,33,technician,divorced,secondary,558,yes,no,cellular,aug,3,-1,0,unknown,no,0,0,1,Low,0,0,0.044463005
8629,45,unemployed,married,primary,2,no,no,cellular,aug,1,-1,0,unknown,no,0,0,0,Low,0,0,0.08960699
8630,45,technician,married,secondary,497,yes,no,cellular,apr,1,321,2,failure,no,0,1,1,Low,0,0,0.031487033
8631,25,admin.,single,tertiary,220,no,no,cellular,may,1,-1,0,unknown,no,0,0,0,Low,0,0,0.3627233
8632,57,housemaid,divorced,primary,395,no,no,unknown,jun,1,-1,0,unknown,no,0,0,0,Low,0,0,0.02530456
8633,41,management,married,tertiary,6563,no,no,cellular,aug,8,-1,0,unknown,no,0,0,0,High,0,0,0.035424504
8634,50,blue-collar,married,primary,746,yes,no,unknown,jun,13,-1,0,unknown,no,0,0,1,Low,0,0,0.026531966
8635,59,retired,married,secondary,2396,no,no,cellular,aug,6,-1,0,unknown,yes,1,0,0,Medium,1,0,0.05420269
8636,51,blue-collar,married,primary,5206,yes,no,cellular,nov,3,-1,0,unknown,no,0,0,1,High,0,0,0.043478455
8637,57,management,married,primary,1566,no,no,unknown,may,4,-1,0,unknown,no,0,0,0,Medium,0,0,0.011319798
8638,32,admin.,married,secondary,-1272,yes,no,unknown,jun,5,-1,0,unknown,no,0,0,1,Negative,0,0,0.07299655
8639,33,management,single,tertiary,576,no,no,cellular,nov,1,-1,0,unknown,no,0,0,0,Low,0,0,0.3556176
8640,61,entrepreneur,divorced,secondary,369,no,no,unknown,jun,1,-1,0,unknown,no,0,0,0,Low,0,0,0.10055847
8641,53,blue-collar,single,unknown,1555,yes,no,unknown,may,2,-1,0,unknown,no,0,0,1,Medium,0,0,0.040262505
8642,64,housemaid,married,primary,768,no,no,cellular,jan,1,-1,0,unknown,yes,1,0,0,Low,1,0,0.26729566
8643,50,services,divorced,secondary,339,yes,no,cellular,may,3,-1,0,unknown,no,0,0,1,Low,0,0,0.06508104
8644,39,management,single,tertiary,1428,yes,no,cellular,may,1,-1,0,unknown,no,0,0,1,Medium,0,0,0.10441642
8645,30,self-employed,single,secondary,1031,no,no,unknown,oct,1,-1,0,unknown,no,0,0,0,Medium,0,1,0.57784164
8646,32,management,single,tertiary,1345,yes,no,unknown,may,3,-1,0,unknown,no,0,0,1,Medium,0,0,0.058162242
8647,31,blue-collar,single,secondary,216,yes,no,unknown,may,1,-1,0,unknown,no,0,0,1,Low,0,0,0.033414032
8648,57,retired,married,secondary,4490,no,no,cellular,aug,2,-1,0,unknown,no,0,0,0,Medium,0,0,0.14195487
8649,62,retired,married,primary,1084,no,no,cellular,apr,1,-1,0,unknown,yes,1,0,0,Medium,1,0,0.22269969
8650,37,technician,divorced,secondary,1981,yes,no,unknown,may,1,-1,0,unknown,no,0,0,1,Medium,0,0,0.01931172
8651,31,unemployed,married,primary,309,yes,no,unknown,may,3,-1,0,unknown,no,0,0,1,Low,0,0,0.029158464
8652,28,technician,single,secondary,250,no,yes,cellular,jan,1,-1,0,unknown,no,0,0,1,Low,0,0,0.02492509
8653,36,admin.,single,secondary,206,yes,no,unknown,may,1,-1,0,unknown,no,0,0,1,Low,0,0,0.015632434
8654,51,management,married,unknown,914,yes,no,cellular,may,2,341,3,failure,no,0,1,1,Low,0,0,0.035886016
8655,34,blue-collar,married,primary,170,yes,yes,telephone,apr,4,275,7,other,no,0,1,1,Low,0,0,0.016251422
8656,34,technician,single,secondary,2085,no,no,cellular,aug,3,182,2,success,yes,1,1,0,Medium,1,1,0.66815144
8657,39,blue-collar,married,primary,85,yes,no,cellular,jul,1,-1,0,unknown,no,0,0,1,Low,0,0,0.025483206
8658,31,management,single,tertiary,12569,no,no,cellular,sep,1,295,1,failure,yes,1,1,0,High,1,1,0.5117192
8659,31,blue-collar,single,secondary,183,no,no,cellular,aug,4,-1,0,unknown,no,0,0,0,Low,0,0,0.024802456
8660,39,management,married,tertiary,1070,yes,yes,cellular,jul,1,-1,0,unknown,no,0,0,1,Medium,0,0,0.053114526
8661,44,housemaid,married,secondary,192,no,no,unknown,jun,2,-1,0,unknown,no,0,0,0,Low,0,0,0.013335892
8662,56,retired,married,secondary,4577,no,no,cellular,aug,2,-1,0,unknown,no,0,0,0,Medium,0,0,0.03949973
8663,33,management,single,tertiary,4128,yes,no,unknown,may,6,-1,0,unknown,no,0,0,1,Medium,0,0,0.08171106
8664,45,admin.,married,secondary,935,yes,yes,unknown,may,7,-1,0,unknown,no,0,0,1,Low,0,0,0.021430423
8665,37,student,married,unknown,0,no,no,unknown,jun,1,-1,0,unknown,no,0,0,0,Negative,0,0,0.010442563
8666,24,services,single,secondary,496,yes,no,cellular,apr,1,323,2,failure,no,0,1,1,Low,0,0,0.35146117
8667,30,admin.,married,secondary,4457,yes,no,cellular,nov,4,-1,0,unknown,yes,1,0,1,Medium,1,0,0.21449204
8668,59,retired,married,primary,3000,no,yes,cellular,feb,1,-1,0,unknown,no,0,0,1,Medium,0,0,0.09270101
8669,31,management,single,tertiary,796,no,yes,cellular,nov,1,-1,0,unknown,no,0,0,1,Low,0,0,0.0627694
8670,47,technician,divorced,secondary,5735,no,no,unknown,jun,4,-1,0,unknown,no,0,0,0,High,0,0,0.038206853
8671,28,technician,single,tertiary,102,no,no,cellular,jan,2,-1,0,unknown,no,0,0,0,Low,0,0,0.05814076
8672,31,services,single,secondary,1510,yes,no,cellular,may,4,176,1,failure,no,0,1,1,Medium,0,0,0.068321496
8673,43,technician,single,tertiary,1154,no,no,cellular,jul,11,-1,0,unknown,no,0,0,0,Medium,0,0,0.27049562
8674,37,services,single,secondary,148,no,yes,unknown,jun,1,-1,0,unknown,no,0,0,1,Low,0,0,0.044144895
8675,58,self-employed,married,secondary,372,no,no,unknown,jun,2,-1,0,unknown,no,0,0,0,Low,0,0,0.05754023
8676,37,blue-collar,married,primary,704,no,no,unknown,jun,7,-1,0,unknown,no,0,0,0,Low,0,0,0.04466564
8677,38,technician,married,secondary,253,yes,no,unknown,may,1,-1,0,unknown,no,0,0,1,Low,0,0,0.015846506
8678,51,blue-collar,married,secondary,3370,yes,no,cellular,may,1,-1,0,unknown,no,0,0,1,Medium,0,0,0.13181025
8679,40,student,single,secondary,595,yes,no,cellular,jun,2,-1,0,unknown,yes,1,0,1,Low,1,0,0.32338405
8680,47,blue-collar,married,primary,0,no,no,cellular,aug,4,-1,0,unknown,no,0,0,0,Negative,0,0,0.032931328
8681,28,management,married,tertiary,1240,no,no,cellular,aug,1,-1,0,unknown,yes,1,0,0,Medium,1,0,0.122748174
8682,34,management,married,tertiary,16,yes,no,telephone,sep,1,119,1,other,yes,1,1,1,Low,1,0,0.070014454
8683,41,admin.,married,secondary,158,yes,no,cellular,may,1,50,2,failure,no,0,1,1,Low,0,0,0.075343795
8684,60,self-employed,married,tertiary,2149,no,no,cellular,aug,4,-1,0,unknown,no,0,0,0,Medium,0,0,0.08171224
8685,61,retired,married,secondary,286,no,no,cellular,oct,1,-1,0,unknown,no,0,0,0,Low,0,0,0.30032042
8686,41,unemployed,single,secondary,295,no,no,cellular,jul,1,-1,0,unknown,no,0,0,0,Low,0,0,0.15079194
8687,45,management,married,secondary,2897,no,no,cellular,jul,2,88,5,failure,no,0,1,0,Medium,0,0,0.32134852
8688,27,unemployed,single,secondary,0,no,yes,cellular,feb,2,-1,0,unknown,no,0,0,1,Negative,0,0,0.0910334
8689,40,admin.,married,secondary,-283,no,no,unknown,jun,2,-1,0,unknown,no,0,0,0,Negative,0,0,0.005189245
8690,57,services,married,secondary,0,yes,no,cellular,may,9,282,3,other,no,0,1,1,Negative,0,0,0.001737346
8691,63,management,married,tertiary,5112,no,no,telephone,aug,3,-1,0,unknown,no,0,0,0,High,0,1,0.5062479
8692,49,retired,married,primary,1381,no,no,unknown,jun,2,-1,0,unknown,no,0,0,0,Medium,0,0,0.030859977
8693,45,services,married,secondary,-3,yes,no,unknown,may,1,-1,0,unknown,no,0,0,1,Negative,0,0,0.03571163
8694,50,blue-collar,married,secondary,1176,no,no,cellular,aug,2,-1,0,unknown,no,0,0,0,Medium,0,0,0.06608069
8695,39,management,married,tertiary,1572,no,no,cellular,aug,4,-1,0,unknown,no,0,0,0,Medium,0,0,0.11880867
8696,32,management,single,tertiary,2667,yes,no,cellular,nov,1,99,2,success,no,0,1,1,Medium,0,0,0.14573781
8697,32,management,single,secondary,1473,no,no,cellular,aug,7,-1,0,unknown,no,0,0,0,Medium,0,0,0.11368563
8698,30,technician,married,tertiary,0,no,no,cellular,aug,9,-1,0,unknown,no,0,0,0,Negative,0,0,0.026609987
8699,39,technician,single,secondary,4380,no,no,telephone,jul,8,-1,0,unknown,no,0,0,0,Medium,0,0,0.114036076
8700,59,self-employed,married,tertiary,3800,no,yes,cellular,jul,1,-1,0,unknown,no,0,0,1,Medium,0,0,0.07479081
8701,47,blue-collar,married,primary,94,yes,no,unknown,may,3,-1,0,unknown,no,0,0,1,Low,0,0,0.019184923
8702,49,management,married,tertiary,53,no,no,cellular,aug,6,-1,0,unknown,no,0,0,0,Low,0,0,0.10263161
8703,31,blue-collar,married,secondary,191,yes,no,unknown,jun,1,-1,0,unknown,no,0,0,1,Low,0,0,0.056246106
8704,57,retired,married,secondary,8,no,no,cellular,jul,2,-1,0,unknown,no,0,0,0,Low,0,0,0.06295565
8705,33,management,married,secondary,369,no,no,cellular,aug,1,92,3,failure,no,0,1,0,Low,0,0,0.19991219
8706,37,self-employed,single,tertiary,2087,no,no,unknown,jun,1,-1,0,unknown,no,0,0,0,Medium,0,0,0.09969295
8707,46,admin.,married,secondary,659,yes,no,telephone,jul,11,-1,0,unknown,yes,1,0,1,Low,1,0,0.122960106
8708,33,admin.,married,secondary,920,no,no,cellular,nov,1,95,2,failure,yes,1,1,0,Low,1,0,0.30753687
8709,43,blue-collar,married,secondary,10910,yes,no,cellular,may,2,-1,0,unknown,no,0,0,1,High,0,0,0.145103
8710,52,admin.,single,secondary,1964,no,yes,unknown,may,1,-1,0,unknown,no,0,0,1,Medium,0,0,0.017452547
8711,54,management,married,tertiary,1114,yes,no,cellular,nov,2,175,1,other,no,0,1,1,Medium,0,0,0.04693814
8712,51,blue-collar,single,primary,60,no,no,unknown,jul,1,-1,0,unknown,no,0,0,0,Low,0,0,0.027083924
8713,27,blue-collar,single,tertiary,644,no,no,cellular,jun,1,182,1,success,yes,1,1,0,Low,1,1,0.7027994
8714,55,self-employed,married,secondary,181,no,no,cellular,aug,1,-1,0,unknown,no,0,0,0,Low,0,0,0.13507599
8715,34,blue-collar,married,secondary,-29,yes,no,cellular,may,2,364,2,other,no,0,1,1,Negative,0,0,0.016577242
8716,64,entrepreneur,married,tertiary,2331,no,no,telephone,nov,1,-1,0,unknown,yes,1,0,0,Medium,1,1,0.5825394
8717,30,technician,single,tertiary,23,no,no,cellular,aug,4,-1,0,unknown,no,0,0,0,Low,0,0,0.07664041
8718,46,admin.,divorced,tertiary,846,yes,no,unknown,may,2,-1,0,unknown,no,0,0,1,Low,0,0,0.06793304
8719,41,admin.,married,tertiary,1536,no,no,cellular,aug,1,95,2,failure,yes,1,1,0,Medium,1,0,0.21657032
8720,41,technician,divorced,tertiary,4276,yes,no,cellular,feb,3,-1,0,unknown,no,0,0,1,Medium,0,1,0.81662875
8721,33,management,single,tertiary,2667,yes,no,cellular,may,1,180,3,failure,no,0,1,1,Medium,0,0,0.12195314
8722,58,technician,married,secondary,589,yes,no,cellular,feb,3,183,6,success,yes,1,1,1,Low,1,1,0.8998449
8723,45,blue-collar,married,secondary,2644,yes,no,cellular,nov,2,-1,0,unknown,no,0,0,1,Medium,0,0,0.06709456
8724,79,housemaid,married,primary,0,no,no,cellular,aug,1,-1,0,unknown,no,0,0,0,Negative,0,0,0.21303436
8725,40,admin.,single,secondary,208,yes,yes,cellular,may,2,-1,0,unknown,no,0,0,1,Low,0,0,0.065078616
8726,35,management,married,tertiary,-65,yes,no,unknown,may,3,-1,0,unknown,no,0,0,1,Negative,0,0,0.009256181
8727,45,blue-collar,married,secondary,0,no,no,cellular,aug,2,-1,0,unknown,no,0,0,0,Negative,0,0,0.059409007
8728,28,management,single,tertiary,111,yes,yes,cellular,jul,2,-1,0,unknown,no,0,0,1,Low,0,0,0.03007093
8729,34,blue-collar,single,secondary,47,yes,no,cellular,nov,2,-1,0,unknown,no,0,0,1,Low,0,0,0.041380405
8730,38,blue-collar,divorced,secondary,2998,yes,no,unknown,jun,1,-1,0,unknown,no,0,0,1,Medium,0,0,0.048458602
8731,59,retired,married,secondary,56,no,no,unknown,jun,1,-1,0,unknown,no,0,0,0,Low,0,0,0.027882958
8732,34,management,single,tertiary,1730,yes,no,cellular,oct,2,-1,0,unknown,no,0,0,1,Medium,0,0,0.1919371
8733,46,unknown,single,unknown,63,no,no,unknown,jun,1,-1,0,unknown,no,0,0,0,Low,0,0,0.03643945
8734,32,management,single,tertiary,2069,no,no,cellular,apr,1,-1,0,unknown,yes,1,0,0,Medium,1,0,0.49339855
8735,55,management,divorced,tertiary,1633,no,no,telephone,jun,1,-1,0,unknown,no,0,0,0,Medium,0,0,0.25873658
8736,33,technician,married,tertiary,236,yes,no,cellular,jul,1,-1,0,unknown,no,0,0,1,Low,0,0,0.094896115
8737,28,management,single,tertiary,3053,no,no,telephone,jan,4,-1,0,unknown,no,0,0,0,Medium,0,0,0.20243637
8738,39,admin.,divorced,secondary,536,no,no,cellular,jan,1,-1,0,unknown,no,0,0,0,Low,0,0,0.10778182
8739,41,entrepreneur,married,tertiary,221,yes,no,unknown,may,2,-1,0,unknown,no,0,0,1,Low,0,0,0.017162837
8740,51,management,married,tertiary,469,no,no,cellular,oct,1,182,3,success,yes,1,1,0,Low,1,1,0.81995606
8741,56,management,married,tertiary,247,no,no,cellular,jul,2,-1,0,unknown,no,0,0,0,Low,0,0,0.12101552
8742,36,technician,married,secondary,24,yes,no,cellular,nov,1,-1,0,unknown,no,0,0,1,Low,0,0,0.02977269
8743,43,blue-collar,married,unknown,175,no,no,cellular,may,1,-1,0,unknown,no,0,0,0,Low,0,0,0.07244121
8744,46,services,married,secondary,2420,no,no,cellular,nov,2,-1,0,unknown,no,0,0,0,Medium,0,0,0.12460293
8745,46,blue-collar,married,primary,809,no,no,cellular,aug,1,-1,0,unknown,no,0,0,0,Low,0,0,0.16375397
8746,36,self-employed,married,tertiary,15,yes,no,unknown,may,4,-1,0,unknown,no,0,0,1,Low,0,0,0.020025078
8747,42,blue-collar,married,primary,869,yes,yes,cellular,may,2,-1,0,unknown,no,0,0,1,Low,0,0,0.0755645
8748,35,technician,married,secondary,0,yes,yes,cellular,nov,1,-1,0,unknown,no,0,0,1,Negative,0,0,0.038940765
8749,38,admin.,married,primary,1487,no,no,unknown,jun,2,-1,0,unknown,no,0,0,0,Medium,0,0,0.037000485
8750,55,technician,married,tertiary,440,no,no,unknown,may,1,-1,0,unknown,no,0,0,0,Low,0,0,0.0178414
8751,55,entrepreneur,married,tertiary,78,no,no,cellular,nov,2,-1,0,unknown,no,0,0,0,Low,0,0,0.04949751
8752,39,services,married,secondary,20928,no,no,cellular,may,1,352,1,other,no,0,1,0,High,0,0,0.0642086
8753,36,housemaid,divorced,secondary,181,yes,no,cellular,jul,1,-1,0,unknown,no,0,0,1,Low,0,0,0.060249776
8754,45,unemployed,married,unknown,490,yes,no,cellular,feb,3,-1,0,unknown,no,0,0,1,Low,0,0,0.035222493
8755,35,student,single,tertiary,873,yes,no,cellular,may,1,277,2,failure,no,0,1,1,Low,0,0,0.046849832
8756,58,retired,divorced,tertiary,1321,no,no,telephone,jul,6,-1,0,unknown,no,0,0,0,Medium,0,0,0.05927484
8757,51,technician,married,secondary,176,no,no,unknown,jun,4,-1,0,unknown,no,0,0,0,Low,0,0,0.021552859
8758,39,admin.,divorced,unknown,64,yes,no,cellular,jul,1,-1,0,unknown,no,0,0,1,Low,0,0,0.097891
8759,34,blue-collar,married,secondary,0,yes,no,cellular,may,4,357,3,success,no,0,1,1,Negative,0,0,0.116219655
8760,35,management,married,tertiary,656,yes,yes,cellular,nov,4,-1,0,unknown,no,0,0,1,Low,0,0,0.0581377
8761,47,services,married,unknown,11,no,no,cellular,aug,4,-1,0,unknown,no,0,0,0,Low,0,0,0.03450553
8762,40,unemployed,divorced,secondary,507,yes,no,cellular,feb,1,266,7,failure,no,0,1,1,Low,0,0,0.021706171
8763,35,admin.,married,secondary,-428,yes,yes,cellular,jul,1,-1,0,unknown,no,0,0,1,Negative,0,0,0.022364456
8764,48,services,married,secondary,2850,yes,no,cellular,aug,3,-1,0,unknown,no,0,0,1,Medium,0,0,0.15328349
8765,43,admin.,single,secondary,243,yes,no,cellular,apr,3,338,5,failure,no,0,1,1,Low,0,0,0.034294736
8766,29,services,single,tertiary,1788,no,no,cellular,oct,1,-1,0,unknown,yes,1,0,0,Medium,1,0,0.42783505
8767,40,admin.,married,secondary,451,yes,yes,unknown,may,1,-1,0,unknown,no,0,0,1,Low,0,0,0.019589841
8768,30,services,single,secondary,495,yes,no,cellular,nov,1,-1,0,unknown,yes,1,0,1,Low,1,0,0.1140971
8769,34,technician,married,tertiary,16992,yes,no,cellular,jan,1,245,1,failure,no,0,1,1,High,0,0,0.0065867603
8770,26,management,single,tertiary,498,yes,no,unknown,may,3,-1,0,unknown,no,0,0,1,Low,0,0,0.036579844
8771,31,management,single,tertiary,0,yes,no,cellular,jul,3,-1,0,unknown,no,0,0,1,Negative,0,0,0.039147098
8772,36,management,married,tertiary,1318,yes,no,cellular,aug,2,-1,0,unknown,no,0,0,1,Medium,0,0,0.07753907
8773,31,blue-collar,married,primary,290,yes,no,cellular,may,1,291,3,failure,no,0,1,1,Low,0,0,0.06797235
8774,57,blue-collar,married,primary,195,no,yes,telephone,jul,4,-1,0,unknown,no,0,0,1,Low,0,0,0.020104721
8775,35,technician,single,tertiary,992,yes,no,cellular,aug,1,114,3,failure,no,0,1,1,Low,0,0,0.048495486
8776,39,management,single,tertiary,1143,yes,no,cellular,may,6,-1,0,unknown,no,0,0,1,Medium,0,0,0.0879169
8777,37,technician,single,secondary,1127,yes,no,cellular,apr,2,-1,0,unknown,no,0,0,1,Medium,0,0,0.098575115
8778,49,self-employed,married,tertiary,599,no,no,cellular,aug,1,-1,0,unknown,no,0,0,0,Low,0,0,0.15812719
8779,45,management,divorced,primary,274,no,yes,cellular,feb,1,-1,0,unknown,no,0,0,1,Low,0,0,0.053990535
8780,60,blue-collar,married,primary,0,no,yes,cellular,aug,4,-1,0,unknown,no,0,0,1,Negative,0,0,0.10173342
8781,46,blue-collar,married,secondary,4855,yes,no,cellular,aug,1,397,1,failure,no,0,1,1,Medium,0,0,0.2307541
8782,39,entrepreneur,divorced,secondary,990,yes,no,cellular,jul,1,-1,0,unknown,no,0,0,1,Low,0,0,0.10569785
8783,29,blue-collar,single,secondary,0,yes,no,unknown,may,4,-1,0,unknown,no,0,0,1,Negative,0,0,0.019101165
8784,49,blue-collar,single,primary,2146,yes,no,cellular,may,2,353,2,other,yes,1,1,1,Medium,1,0,0.050871626
8785,40,blue-collar,married,primary,4608,yes,no,telephone,nov,2,156,1,failure,no,0,1,1,Medium,0,0,0.0131953
8786,42,services,married,secondary,466,yes,no,cellular,may,3,-1,0,unknown,no,0,0,1,Low,0,0,0.1013774
8787,32,management,single,tertiary,0,no,no,cellular,jul,1,159,1,other,no,0,1,0,Negative,0,0,0.15479557
8788,40,management,married,secondary,6695,yes,no,cellular,feb,1,252,1,failure,no,0,1,1,High,0,0,0.09690306
8789,30,management,married,tertiary,4022,no,no,cellular,aug,2,-1,0,unknown,no,0,0,0,Medium,0,0,0.18222807
8790,40,admin.,single,secondary,985,yes,no,cellular,apr,3,145,5,other,no,0,1,1,Low,0,0,0.07540685
8791,41,technician,married,secondary,-832,no,no,cellular,aug,5,-1,0,unknown,no,0,0,0,Negative,0,0,0.06575072
8792,37,blue-collar,married,secondary,139,yes,no,cellular,may,5,-1,0,unknown,no,0,0,1,Low,0,0,0.04813522
8793,52,blue-collar,married,primary,-211,yes,yes,unknown,may,2,-1,0,unknown,no,0,0,1,Negative,0,0,0.011421494
8794,43,management,married,tertiary,0,no,no,cellular,jul,1,-1,0,unknown,no,0,0,0,Negative,0,0,0.05113448
8795,39,student,single,tertiary,2103,no,no,cellular,feb,1,-1,0,unknown,yes,1,0,0,Medium,1,0,0.16165833
8796,56,services,married,secondary,4914,no,no,cellular,aug,4,-1,0,unknown,no,0,0,0,Medium,0,0,0.053813957
8797,55,retired,divorced,secondary,1580,no,yes,cellular,nov,5,155,1,success,no,0,1,1,Medium,0,0,0.2533927
8798,44,management,married,secondary,11972,no,no,unknown,jun,1,-1,0,unknown,no,0,0,0,High,0,0,0.055897772
8799,45,admin.,divorced,secondary,246,no,no,unknown,jun,1,-1,0,unknown,no,0,0,0,Low,0,0,0.059276477
8800,44,blue-collar,married,primary,953,yes,no,cellular,may,2,357,1,failure,no,0,1,1,Low,0,0,0.013772256
8801,38,services,married,primary,0,yes,no,cellular,nov,2,-1,0,unknown,no,0,0,1,Negative,0,0,0.02743951
8802,37,self-employed,single,tertiary,1286,no,no,telephone,jul,7,-1,0,unknown,no,0,0,0,Medium,0,0,0.089872986
8803,44,blue-collar,married,secondary,-674,yes,no,unknown,may,1,-1,0,unknown,no,0,0,1,Negative,0,0,0.009502367
8804,41,entrepreneur,divorced,tertiary,-413,yes,no,unknown,may,2,-1,0,unknown,no,0,0,1,Negative,0,0,0.048681375
8805,56,management,married,primary,870,no,no,cellular,nov,1,-1,0,unknown,yes,1,0,0,Low,1,0,0.3365895
8806,55,self-employed,married,tertiary,1810,yes,no,cellular,may,1,-1,0,unknown,no,0,0,1,Medium,0,0,0.08395694
8807,23,services,single,secondary,500,yes,no,unknown,jun,3,-1,0,unknown,no,0,0,1,Low,0,0,0.065147005
8808,30,management,single,tertiary,4091,no,no,cellular,nov,2,-1,0,unknown,no,0,0,0,Medium,0,0,0.23722371
8809,49,management,married,tertiary,2187,no,no,cellular,nov,2,-1,0,unknown,no,0,0,0,Medium,0,0,0.1990094
8810,35,admin.,single,secondary,0,yes,no,cellular,feb,1,273,1,failure,no,0,1,1,Negative,0,0,0.08054634
8811,46,management,married,tertiary,445,yes,no,cellular,jul,1,-1,0,unknown,no,0,0,1,Low,0,0,0.026560072
8812,36,unemployed,divorced,primary,510,no,no,cellular,feb,2,-1,0,unknown,no,0,0,0,Low,0,0,0.06795659
8813,46,admin.,married,secondary,70,yes,no,cellular,mar,2,-1,0,unknown,yes,1,0,1,Low,1,0,0.19685234
8814,30,management,married,tertiary,1288,no,no,unknown,jun,1,-1,0,unknown,no,0,0,0,Medium,0,0,0.056597695
8815,38,blue-collar,single,secondary,48,no,no,unknown,jun,3,-1,0,unknown,no,0,0,0,Low,0,0,0.0391378
8816,36,management,single,tertiary,1876,no,no,cellular,may,1,-1,0,unknown,no,0,0,0,Medium,0,0,0.29568028
8817,34,management,married,tertiary,967,yes,no,unknown,may,2,-1,0,unknown,no,0,0,1,Low,0,0,0.025268055
8818,36,blue-collar,single,primary,736,yes,no,unknown,jun,2,-1,0,unknown,no,0,0,1,Low,0,0,0.07061163
8819,22,student,single,unknown,1215,no,no,cellular,aug,1,-1,0,unknown,no,0,0,0,Medium,0,0,0.35289988
8820,41,management,divorced,tertiary,20479,no,no,cellular,aug,2,-1,0,unknown,no,0,0,0,High,0,0,0.15067308
8821,42,management,married,tertiary,2110,no,yes,cellular,jul,2,-1,0,unknown,no,0,0,1,Medium,0,0,0.042990703
8822,56,blue-collar,married,secondary,3760,no,no,unknown,jun,3,-1,0,unknown,no,0,0,0,Medium,0,0,0.01655709
8823,40,technician,single,secondary,8259,no,no,cellular,aug,4,-1,0,unknown,no,0,0,0,High,0,0,0.10433999
8824,51,technician,married,secondary,-192,yes,no,telephone,jul,1,-1,0,unknown,no,0,0,1,Negative,0,0,0.043574855
8825,31,entrepreneur,married,tertiary,-231,yes,no,cellular,aug,2,-1,0,unknown,no,0,0,1,Negative,0,0,0.07227625
8826,34,management,married,tertiary,4859,no,no,cellular,apr,1,37,1,other,no,0,1,0,Medium,0,0,0.45411173
8827,60,blue-collar,married,primary,5,no,no,cellular,jan,1,92,1,success,yes,1,1,0,Low,1,1,0.8052559
8828,33,admin.,single,secondary,3160,no,no,unknown,jun,13,-1,0,unknown,no,0,0,0,Medium,0,0,0.0239327
8829,47,admin.,married,secondary,4307,no,no,unknown,jun,1,-1,0,unknown,no,0,0,0,Medium,0,0,0.03004811
8830,37,admin.,married,secondary,3427,no,no,cellular,feb,1,-1,0,unknown,no,0,0,0,Medium,0,1,0.69938135
8831,45,blue-collar,married,secondary,-605,yes,no,telephone,jul,5,-1,0,unknown,no,0,0,1,Negative,0,0,0.07490007
8832,30,management,single,tertiary,0,no,no,cellular,jul,1,-1,0,unknown,no,0,0,0,Negative,0,0,0.06013045
8833,58,management,divorced,tertiary,347,no,no,unknown,may,1,-1,0,unknown,no,0,0,0,Low,0,0,0.05100137
8834,42,technician,married,secondary,738,no,no,unknown,jun,3,-1,0,unknown,no,0,0,0,Low,0,0,0.019321332
8835,35,services,single,secondary,361,no,no,unknown,jun,1,-1,0,unknown,no,0,0,0,Low,0,0,0.08933652
8836,30,technician,married,secondary,1099,yes,no,cellular,feb,1,-1,0,unknown,no,0,0,1,Medium,0,0,0.10783979
8837,87,retired,married,secondary,433,no,no,telephone,dec,1,-1,0,unknown,no,0,0,0,Low,0,1,0.90831745
8838,49,blue-collar,married,primary,0,no,no,unknown,may,2,-1,0,unknown,no,0,0,0,Negative,0,0,0.012898477
8839,36,management,married,tertiary,144,yes,no,unknown,may,2,-1,0,unknown,no,0,0,1,Low,0,0,0.021386744
8840,35,services,married,primary,14,no,yes,cellular,jul,8,-1,0,unknown,no,0,0,1,Low,0,0,0.08369589
8841,37,management,married,tertiary,0,no,no,cellular,aug,2,-1,0,unknown,no,0,0,0,Negative,0,0,0.037936457
8842,60,retired,married,tertiary,100,no,no,unknown,may,1,-1,0,unknown,no,0,0,0,Low,0,0,0.03791631
8843,38,entrepreneur,single,secondary,473,yes,yes,unknown,may,4,-1,0,unknown,no,0,0,1,Low,0,0,0.046004333
8844,38,admin.,married,secondary,1767,yes,no,cellular,jul,4,239,7,success,yes,1,1,1,Medium,1,0,0.4959674
8845,56,management,married,tertiary,779,yes,no,unknown,may,1,-1,0,unknown,no,0,0,1,Low,0,0,0.016036429
8846,32,blue-collar,married,primary,-275,yes,yes,unknown,may,1,-1,0,unknown,no,0,0,1,Negative,0,0,0.012202648
8847,32,management,married,tertiary,1517,no,no,cellular,aug,3,-1,0,unknown,no,0,0,0,Medium,0,0,0.102732114
8848,29,self-employed,single,tertiary,-114,yes,no,unknown,may,1,-1,0,unknown,no,0,0,1,Negative,0,0,0.07701149
8849,24,technician,single,secondary,-232,yes,no,cellular,may,1,-1,0,unknown,no,0,0,1,Negative,0,0,0.055722248
8850,35,self-employed,married,secondary,28,no,yes,unknown,jul,3,-1,0,unknown,no,0,0,1,Low,0,0,0.00755111
8851,52,blue-collar,divorced,primary,196,yes,no,unknown,may,3,-1,0,unknown,no,0,0,1,Low,0,0,0.011100693
8852,39,self-employed,married,tertiary,-3058,yes,yes,cellular,apr,3,-1,0,unknown,yes,1,0,1,Negative,1,0,0.0045994534
8853,27,entrepreneur,married,tertiary,59,no,no,cellular,jul,6,-1,0,unknown,no,0,0,0,Low,0,0,0.057858273
8854,39,services,married,secondary,207,no,no,unknown,jun,2,-1,0,unknown,no,0,0,0,Low,0,0,0.026914915
8855,47,blue-collar,married,primary,502,yes,no,unknown,may,2,-1,0,unknown,no,0,0,1,Low,0,0,0.03176486
8856,51,housemaid,married,secondary,1270,no,no,cellular,jan,3,-1,0,unknown,no,0,0,0,Medium,0,0,0.034603916
8857,48,admin.,married,secondary,1403,no,no,cellular,aug,2,-1,0,unknown,no,0,0,0,Medium,0,0,0.07656243
8858,31,management,married,tertiary,2344,yes,no,cellular,aug,6,-1,0,unknown,no,0,0,1,Medium,0,0,0.13444977
8859,62,unknown,married,secondary,367,no,no,telephone,sep,1,189,5,failure,no,0,1,0,Low,0,0,0.0826561
8860,46,services,married,secondary,2019,yes,no,unknown,may,1,-1,0,unknown,no,0,0,1,Medium,0,0,0.017251402
8861,31,management,divorced,tertiary,0,no,no,cellular,feb,2,-1,0,unknown,no,0,0,0,Negative,0,0,0.044233352
8862,40,blue-collar,married,primary,0,no,no,unknown,jun,4,-1,0,unknown,no,0,0,0,Negative,0,0,0.028926333
8863,31,management,single,secondary,202,yes,no,cellular,jul,1,62,1,failure,yes,1,1,1,Low,1,0,0.12653199
8864,37,management,divorced,tertiary,-42,yes,no,cellular,may,2,-1,0,unknown,yes,1,0,1,Negative,1,0,0.1259263
8865,51,technician,married,secondary,271,yes,no,unknown,may,3,-1,0,unknown,no,0,0,1,Low,0,0,0.018224858
8866,51,technician,married,secondary,223,no,no,cellular,aug,3,-1,0,unknown,no,0,0,0,Low,0,0,0.06692019
8867,44,technician,married,secondary,106,yes,no,cellular,jul,6,-1,0,unknown,no,0,0,1,Low,0,0,0.03507236
8868,46,unknown,married,unknown,2911,no,no,telephone,jul,9,-1,0,unknown,no,0,0,0,Medium,0,0,0.020288413
8869,43,management,married,secondary,481,yes,no,telephone,nov,1,110,2,other,no,0,1,1,Low,0,0,0.008703177
8870,26,blue-collar,single,primary,17,yes,no,cellular,may,2,367,2,failure,no,0,1,1,Low,0,0,0.045799907
8871,35,admin.,single,secondary,-32,no,yes,cellular,aug,2,178,9,success,yes,1,1,1,Negative,1,1,0.6318175
8872,42,management,single,secondary,2535,yes,no,unknown,may,1,-1,0,unknown,no,0,0,1,Medium,0,0,0.043604966
8873,43,blue-collar,divorced,secondary,1138,no,no,unknown,jun,1,-1,0,unknown,no,0,0,0,Medium,0,0,0.062353417
8874,46,admin.,married,secondary,0,no,no,cellular,aug,1,-1,0,unknown,no,0,0,0,Negative,0,0,0.08511313
8875,24,technician,single,secondary,-256,yes,no,unknown,may,2,-1,0,unknown,no,0,0,1,Negative,0,0,0.010157224
8876,48,technician,married,secondary,32,yes,yes,cellular,nov,2,-1,0,unknown,no,0,0,1,Low,0,0,0.020838857
8877,34,technician,married,secondary,1,no,yes,unknown,jun,1,-1,0,unknown,no,0,0,1,Low,0,0,0.01737275
8878,48,technician,married,secondary,141,yes,yes,unknown,may,1,-1,0,unknown,no,0,0,1,Low,0,0,0.014410644
8879,36,self-employed,married,secondary,1245,yes,no,cellular,feb,7,248,9,success,no,0,1,1,Medium,0,0,0.021890085
8880,60,management,married,tertiary,-311,no,no,cellular,aug,6,-1,0,unknown,no,0,0,0,Negative,0,0,0.05553887
8881,48,management,divorced,secondary,122,yes,no,telephone,may,1,-1,0,unknown,no,0,0,1,Low,0,0,0.030273382
8882,33,admin.,married,tertiary,640,no,no,cellular,jul,1,-1,0,unknown,no,0,0,0,Low,0,0,0.06394032
8883,43,services,divorced,secondary,5571,no,no,unknown,jun,1,-1,0,unknown,no,0,0,0,High,0,0,0.017487874
8884,33,admin.,married,secondary,3519,no,no,cellular,feb,1,-1,0,unknown,no,0,0,0,Medium,0,0,0.13516393
8885,39,management,married,secondary,215,no,no,cellular,aug,4,-1,0,unknown,yes,1,0,0,Low,1,0,0.05671573
8886,26,blue-collar,single,primary,-35,no,no,cellular,jul,1,-1,0,unknown,no,0,0,0,Negative,0,0,0.13413447
8887,41,blue-collar,married,secondary,563,yes,no,cellular,apr,12,348,1,failure,no,0,1,1,Low,0,0,0.0041201203
8888,31,technician,married,secondary,477,no,no,cellular,apr,1,-1,0,unknown,no,0,0,0,Low,0,0,0.49377784
8889,44,unemployed,divorced,secondary,2108,yes,no,cellular,may,2,369,1,other,no,0,1,1,Medium,0,0,0.06078772
8890,34,technician,married,secondary,456,yes,no,unknown,may,1,-1,0,unknown,no,0,0,1,Low,0,0,0.024469066
8891,48,blue-collar,married,unknown,131,yes,no,unknown,may,1,-1,0,unknown,no,0,0,1,Low,0,0,0.014622525
8892,51,unemployed,married,secondary,495,yes,yes,unknown,jun,8,-1,0,unknown,no,0,0,1,Low,0,0,0.023334512
8893,38,admin.,divorced,secondary,4630,yes,no,unknown,jun,3,-1,0,unknown,no,0,0,1,Medium,0,0,0.01929577
8894,37,admin.,divorced,secondary,141,yes,no,cellular,may,1,-1,0,unknown,no,0,0,1,Low,0,0,0.14528377
8895,51,technician,divorced,tertiary,0,no,no,cellular,aug,7,-1,0,unknown,no,0,0,0,Negative,0,0,0.03815679
8896,33,management,single,tertiary,-359,no,no,telephone,aug,2,-1,0,unknown,no,0,0,0,Negative,0,0,0.0023421338
8897,29,admin.,single,secondary,163,yes,yes,unknown,may,1,-1,0,unknown,yes,1,0,1,Low,1,0,0.067732565
8898,26,admin.,married,secondary,-401,yes,yes,unknown,jul,1,-1,0,unknown,no,0,0,1,Negative,0,0,0.021897484
8899,41,blue-collar,divorced,secondary,47,yes,no,unknown,jun,1,-1,0,unknown,no,0,0,1,Low,0,0,0.058362752
8900,48,technician,married,secondary,0,yes,no,cellular,jul,1,-1,0,unknown,no,0,0,1,Negative,0,0,0.037517045
8901,58,technician,married,secondary,-942,yes,no,cellular,nov,1,-1,0,unknown,no,0,0,1,Negative,0,0,0.18755408
8902,46,management,married,secondary,0,no,no,cellular,nov,1,-1,0,unknown,yes,1,0,0,Negative,1,0,0.0345202
8903,41,management,single,tertiary,480,yes,no,unknown,may,2,-1,0,unknown,no,0,0,1,Low,0,0,0.055044573
8904,32,services,divorced,secondary,454,yes,no,cellular,jul,1,-1,0,unknown,yes,1,0,1,Low,1,0,0.08910167
8905,38,management,married,secondary,3500,yes,no,cellular,jul,4,-1,0,unknown,no,0,0,1,Medium,0,0,0.21189107
8906,31,admin.,single,tertiary,676,yes,no,cellular,apr,2,343,2,other,yes,1,1,1,Low,1,0,0.29350862
8907,49,blue-collar,married,secondary,2039,yes,no,cellular,may,1,169,2,failure,yes,1,1,1,Medium,1,0,0.07073542
8908,29,blue-collar,single,secondary,228,no,no,cellular,feb,1,-1,0,unknown,no,0,0,0,Low,0,0,0.07778413
8909,36,management,married,tertiary,1619,yes,no,cellular,nov,2,-1,0,unknown,no,0,0,1,Medium,0,0,0.0729869
8910,54,technician,married,tertiary,876,no,no,cellular,oct,3,541,3,success,yes,1,1,0,Low,1,1,0.906138
8911,28,services,married,primary,3,yes,no,cellular,may,1,-1,0,unknown,no,0,0,1,Low,0,0,0.060797743
8912,46,technician,married,secondary,0,no,no,cellular,aug,2,-1,0,unknown,no,0,0,0,Negative,0,0,0.06485777
8913,49,blue-collar,married,primary,238,no,no,unknown,jun,1,-1,0,unknown,no,0,0,0,Low,0,0,0.08743299
8914,43,admin.,single,secondary,375,no,yes,cellular,feb,2,199,4,failure,no,0,1,1,Low,0,0,0.051492672
8915,35,management,single,tertiary,0,no,yes,cellular,aug,4,-1,0,unknown,no,0,0,1,Negative,0,0,0.12482804
8916,28,technician,single,tertiary,172,yes,yes,cellular,feb,2,-1,0,unknown,no,0,0,1,Low,0,0,0.026197955
8917,30,blue-collar,single,secondary,163,yes,yes,cellular,jul,2,-1,0,unknown,no,0,0,1,Low,0,0,0.090626515
8918,25,technician,single,tertiary,2206,yes,no,cellular,jun,1,-1,0,unknown,no,0,0,1,Medium,0,0,0.2849823
8919,34,services,married,secondary,1637,yes,no,cellular,nov,4,-1,0,unknown,no,0,0,1,Medium,0,0,0.056794867
8920,34,technician,single,secondary,102,no,no,cellular,jan,1,-1,0,unknown,no,0,0,0,Low,0,0,0.07985283
8921,29,blue-collar,single,secondary,0,yes,no,unknown,may,4,-1,0,unknown,no,0,0,1,Negative,0,0,0.014865296
8922,27,services,single,secondary,6279,yes,no,cellular,nov,1,-1,0,unknown,no,0,0,1,High,0,1,0.6929248
8923,44,services,divorced,secondary,0,yes,no,cellular,may,2,370,2,failure,no,0,1,1,Negative,0,0,0.01934875
8924,43,self-employed,married,primary,5039,no,no,cellular,nov,1,-1,0,unknown,no,0,0,0,High,0,0,0.053964138
8925,36,services,married,unknown,618,no,no,cellular,jul,1,335,2,success,yes,1,1,0,Low,1,1,0.6405672
8926,34,management,single,secondary,194,no,no,cellular,aug,2,-1,0,unknown,no,0,0,0,Low,0,0,0.029557824
8927,67,retired,married,secondary,2048,no,no,cellular,sep,5,195,4,other,yes,1,1,0,Medium,1,0,0.29780275
8928,33,housemaid,single,tertiary,23663,yes,no,cellular,apr,2,146,2,failure,no,0,1,1,High,0,0,0.124603726
8929,43,management,married,tertiary,-526,no,no,cellular,aug,2,-1,0,unknown,no,0,0,0,Negative,0,0,0.04406837
8930,36,blue-collar,single,secondary,-175,yes,no,unknown,may,2,-1,0,unknown,no,0,0,1,Negative,0,0,0.06165029
8931,46,blue-collar,married,primary,-44,no,yes,telephone,aug,13,-1,0,unknown,no,0,0,1,Negative,0,0,0.005146267
8932,33,blue-collar,married,primary,120,yes,no,unknown,may,1,-1,0,unknown,no,0,0,1,Low,0,0,0.025577987
8933,43,technician,single,secondary,799,yes,yes,unknown,may,3,-1,0,unknown,no,0,0,1,Low,0,0,0.027735967
8934,37,housemaid,married,secondary,7433,no,yes,cellular,feb,3,-1,0,unknown,yes,1,0,1,High,1,0,0.05993011
8935,31,services,single,secondary,-205,no,no,cellular,sep,1,579,1,failure,yes,1,1,0,Negative,1,0,0.1906742
8936,27,blue-collar,married,primary,237,yes,no,cellular,jul,6,-1,0,unknown,no,0,0,1,Low,0,0,0.08446664
8937,51,management,married,tertiary,0,yes,no,cellular,may,1,-1,0,unknown,no,0,0,1,Negative,0,0,0.07912443
8938,50,services,married,secondary,2420,yes,no,cellular,apr,6,235,13,failure,no,0,1,1,Medium,0,0,0.07168316
8939,48,blue-collar,single,primary,244,yes,no,cellular,may,5,-1,0,unknown,no,0,0,1,Low,0,0,0.10232976
8940,25,admin.,single,secondary,248,yes,no,cellular,may,1,-1,0,unknown,no,0,0,1,Low,0,0,0.15871628
8941,39,entrepreneur,married,secondary,0,yes,no,unknown,may,10,-1,0,unknown,no,0,0,1,Negative,0,0,0.0063320957
8942,50,admin.,married,tertiary,0,no,no,telephone,aug,2,-1,0,unknown,no,0,0,0,Negative,0,0,0.019877978
8943,37,admin.,single,secondary,4803,no,no,cellular,jan,2,-1,0,unknown,yes,1,0,0,Medium,1,1,0.62457836
8944,25,management,single,tertiary,565,yes,no,cellular,apr,1,-1,0,unknown,no,0,0,1,Low,0,0,0.1826462
8945,56,management,married,tertiary,23,yes,no,cellular,jul,2,-1,0,unknown,no,0,0,1,Low,0,0,0.036265884
8946,37,blue-collar,married,primary,321,yes,no,unknown,may,2,-1,0,unknown,no,0,0,1,Low,0,0,0.01870732
8947,45,technician,divorced,tertiary,10768,yes,no,cellular,mar,2,-1,0,unknown,no,0,0,1,High,0,1,0.77675813
8948,54,management,married,tertiary,0,no,no,unknown,may,2,-1,0,unknown,no,0,0,0,Negative,0,0,0.01883591
8949,47,management,married,tertiary,0,yes,no,cellular,mar,2,181,3,failure,no,0,1,1,Negative,0,1,0.772972
8950,32,services,single,secondary,38,yes,no,unknown,may,1,-1,0,unknown,no,0,0,1,Low,0,0,0.06640545
8951,38,technician,single,secondary,1130,no,no,cellular,jun,2,98,1,success,yes,1,1,0,Medium,1,1,0.7533923
8952,57,services,married,primary,1896,no,no,cellular,jul,4,-1,0,unknown,no,0,0,0,Medium,0,0,0.043433025
8953,51,management,married,tertiary,257,yes,no,cellular,may,2,-1,0,unknown,no,0,0,1,Low,0,0,0.04721727
8954,28,unemployed,single,secondary,304,no,no,cellular,jun,1,-1,0,unknown,no,0,0,0,Low,0,1,0.601352
8955,28,management,single,tertiary,1252,yes,yes,cellular,jul,4,-1,0,unknown,no,0,0,1,Medium,0,0,0.11742733
8956,34,blue-collar,married,unknown,553,yes,no,unknown,jun,2,-1,0,unknown,no,0,0,1,Low,0,0,0.049298275
8957,44,blue-collar,married,primary,-89,no,yes,cellular,jul,4,-1,0,unknown,no,0,0,1,Negative,0,0,0.027622586
8958,43,housemaid,married,secondary,743,no,yes,cellular,jul,3,-1,0,unknown,no,0,0,1,Low,0,0,0.058434207
8959,26,entrepreneur,married,tertiary,144,no,yes,cellular,jul,1,-1,0,unknown,no,0,0,1,Low,0,0,0.04983473
8960,31,blue-collar,single,unknown,-340,yes,no,cellular,jul,6,-1,0,unknown,no,0,0,1,Negative,0,0,0.024509426
8961,56,blue-collar,married,primary,0,no,no,unknown,jun,2,-1,0,unknown,no,0,0,0,Negative,0,0,0.014821375
8962,18,student,single,unknown,438,no,no,cellular,sep,1,-1,0,unknown,no,0,0,0,Low,0,1,0.71341914
8963,33,blue-collar,married,secondary,2279,yes,no,telephone,may,3,-1,0,unknown,no,0,0,1,Medium,0,0,0.08253955
8964,34,technician,divorced,secondary,1301,yes,no,cellular,jul,2,-1,0,unknown,no,0,0,1,Medium,0,0,0.09990496
8965,26,student,single,tertiary,5741,no,no,cellular,may,1,-1,0,unknown,no,0,0,0,High,0,0,0.29489166
8966,31,technician,single,secondary,2544,no,no,cellular,jul,1,184,3,success,yes,1,1,0,Medium,1,1,0.64535826
8967,43,blue-collar,single,primary,-399,no,yes,cellular,jul,3,-1,0,unknown,yes,1,0,1,Negative,1,0,0.015133393
8968,49,blue-collar,married,secondary,1157,no,no,cellular,aug,4,-1,0,unknown,no,0,0,0,Medium,0,0,0.043611508
8969,47,blue-collar,married,primary,48,no,no,cellular,aug,2,-1,0,unknown,no,0,0,0,Low,0,0,0.05622672
8970,42,admin.,divorced,secondary,1076,yes,no,unknown,may,1,-1,0,unknown,no,0,0,1,Medium,0,0,0.06521528
8971,35,management,married,tertiary,520,yes,no,cellular,may,3,17,5,failure,yes,1,1,1,Low,1,0,0.1261336
8972,32,blue-collar,married,secondary,38,yes,no,unknown,may,5,-1,0,unknown,no,0,0,1,Low,0,0,0.024282191
8973,30,technician,divorced,secondary,2403,no,no,cellular,aug,2,-1,0,unknown,no,0,0,0,Medium,0,0,0.08346937
8974,30,unemployed,single,tertiary,306,no,no,unknown,may,14,-1,0,unknown,no,0,0,0,Low,0,0,0.07357511
8975,29,management,single,tertiary,92,no,no,cellular,mar,5,-1,0,unknown,yes,1,0,0,Low,1,0,0.21468478
8976,32,management,single,tertiary,312,no,no,cellular,aug,3,-1,0,unknown,no,0,0,0,Low,0,0,0.09831277
8977,36,management,married,primary,22856,no,no,unknown,jun,1,-1,0,unknown,no,0,0,0,High,0,0,0.014752167
8978,53,management,married,tertiary,1945,no,no,cellular,nov,4,106,7,failure,no,0,1,0,Medium,0,0,0.023542434
8979,51,admin.,married,secondary,1574,no,no,cellular,feb,2,-1,0,unknown,no,0,0,0,Medium,0,0,0.18656091
8980,39,entrepreneur,single,secondary,829,no,no,cellular,feb,1,-1,0,unknown,no,0,0,0,Low,0,0,0.12717119
8981,45,unemployed,married,primary,1292,yes,no,unknown,may,2,-1,0,unknown,no,0,0,1,Medium,0,0,0.034012817
8982,28,management,single,unknown,560,no,no,cellular,jun,1,-1,0,unknown,no,0,0,0,Low,0,0,0.37542713
8983,44,management,divorced,tertiary,3,no,no,cellular,may,1,-1,0,unknown,no,0,0,0,Low,0,0,0.109762534
8984,43,blue-collar,married,secondary,4309,yes,no,unknown,jun,15,-1,0,unknown,no,0,0,1,Medium,0,0,0.01941323
8985,46,unemployed,married,secondary,-125,yes,no,unknown,may,1,-1,0,unknown,no,0,0,1,Negative,0,0,0.0053947847
8986,32,student,single,secondary,14,no,no,cellular,aug,3,136,1,other,no,0,1,0,Low,0,0,0.3521622
8987,35,management,married,tertiary,451,yes,no,cellular,apr,6,-1,0,unknown,no,0,0,1,Low,0,0,0.032931328
8988,38,technician,single,secondary,8381,no,no,cellular,apr,1,145,1,failure,no,0,1,0,High,0,0,0.14914241
8989,35,management,single,tertiary,3544,yes,no,cellular,jun,1,-1,0,unknown,yes,1,0,1,Medium,1,0,0.38289854
8990,34,management,married,tertiary,65,yes,no,cellular,nov,1,-1,0,unknown,no,0,0,1,Low,0,0,0.04310299
8991,43,technician,married,secondary,473,yes,no,cellular,feb,3,211,5,failure,no,0,1,1,Low,0,0,0.09509012
8992,36,technician,married,tertiary,-290,yes,yes,cellular,jan,1,189,3,failure,no,0,1,1,Negative,0,0,0.0020359822
8993,19,student,single,secondary,55,no,no,telephone,oct,2,193,1,other,no,0,1,0,Low,0,0,0.231343
8994,37,entrepreneur,married,tertiary,310,no,no,cellular,sep,1,-1,0,unknown,no,0,0,0,Low,0,0,0.49719638
8995,34,management,single,tertiary,344,no,no,cellular,jul,3,-1,0,unknown,no,0,0,0,Low,0,0,0.2193792
8996,51,management,married,tertiary,2635,no,no,cellular,sep,1,98,2,failure,yes,1,1,0,Medium,1,1,0.61663383
8997,33,technician,married,tertiary,4401,no,no,cellular,aug,2,104,1,success,no,0,1,0,Medium,0,0,0.32300922
8998,43,management,married,secondary,2115,yes,no,cellular,nov,1,-1,0,unknown,no,0,0,1,Medium,0,0,0.0557093
8999,44,self-employed,married,unknown,163,yes,no,cellular,aug,1,100,3,success,no,0,1,1,Low,0,1,0.6295339
9000,49,services,divorced,unknown,313,yes,no,cellular,jul,7,-1,0,unknown,no,0,0,1,Low,0,0,0.059598405
9001,52,technician,married,secondary,2944,no,no,cellular,aug,18,-1,0,unknown,no,0,0,0,Medium,0,0,0.015000179
9002,55,admin.,married,secondary,1232,no,no,cellular,aug,7,-1,0,unknown,no,0,0,0,Medium,0,0,0.06776399
9003,22,student,single,secondary,0,no,no,cellular,feb,6,-1,0,unknown,yes,1,0,0,Negative,1,0,0.070318826
9004,32,management,married,tertiary,141,yes,no,cellular,may,3,89,9,success,no,0,1,1,Low,0,1,0.6102893
9005,40,management,married,secondary,406,yes,no,unknown,jun,2,-1,0,unknown,yes,1,0,1,Low,1,0,0.045332685
9006,60,housemaid,married,unknown,10285,no,no,unknown,jun,2,-1,0,unknown,no,0,0,0,High,0,0,0.015378361
9007,55,blue-collar,divorced,secondary,-152,yes,no,cellular,may,3,-1,0,unknown,no,0,0,1,Negative,0,0,0.018079871
9008,41,admin.,single,secondary,-109,yes,yes,cellular,may,1,370,1,failure,yes,1,1,1,Negative,1,0,0.05466308
9009,38,management,married,tertiary,546,no,no,cellular,aug,2,-1,0,unknown,no,0,0,0,Low,0,0,0.057701755
9010,48,blue-collar,married,secondary,10724,no,no,unknown,jun,3,-1,0,unknown,no,0,0,0,High,0,0,0.017830266
9011,38,technician,single,secondary,1211,yes,no,cellular,may,1,358,1,success,no,0,1,1,Medium,0,0,0.18035398
9012,60,retired,married,primary,751,yes,no,unknown,may,1,-1,0,unknown,no,0,0,1,Low,0,0,0.056678526
9013,31,unemployed,single,primary,0,yes,no,unknown,may,18,-1,0,unknown,no,0,0,1,Negative,0,0,0.002969482
9014,39,admin.,married,secondary,168,no,no,cellular,oct,1,-1,0,unknown,no,0,0,0,Low,0,0,0.28571638
9015,19,student,single,primary,0,no,no,cellular,may,4,-1,0,unknown,no,0,0,0,Negative,0,0,0.06942719
9016,34,management,married,tertiary,0,no,no,cellular,aug,2,-1,0,unknown,no,0,0,0,Negative,0,0,0.01762591
9017,58,housemaid,married,primary,419,no,yes,unknown,jun,3,-1,0,unknown,no,0,0,1,Low,0,0,0.013161101
9018,24,technician,single,secondary,139,no,no,cellular,apr,1,-1,0,unknown,no,0,0,0,Low,0,1,0.65945685
9019,30,self-employed,single,tertiary,1259,no,no,cellular,nov,1,-1,0,unknown,no,0,0,0,Medium,0,0,0.10950704
9020,30,management,married,tertiary,314,no,no,cellular,nov,2,175,2,success,no,0,1,0,Low,0,0,0.30822533
9021,29,housemaid,single,tertiary,19,no,no,cellular,feb,2,64,2,success,yes,1,1,0,Low,1,1,0.66696805
9022,29,management,single,tertiary,1218,no,no,cellular,jan,2,-1,0,unknown,no,0,0,0,Medium,0,0,0.07477303
9023,57,self-employed,married,secondary,65,no,yes,cellular,jul,1,-1,0,unknown,no,0,0,1,Low,0,0,0.022376461
9024,36,management,single,tertiary,142,yes,no,cellular,jul,1,-1,0,unknown,no,0,0,1,Low,0,0,0.13491078
9025,31,technician,married,secondary,-360,yes,no,unknown,may,2,-1,0,unknown,no,0,0,1,Negative,0,0,0.0053717634
9026,49,entrepreneur,married,tertiary,9824,no,no,unknown,jun,1,-1,0,unknown,no,0,0,0,High,0,0,0.043885514
9027,43,technician,single,secondary,451,no,no,cellular,aug,2,-1,0,unknown,yes,1,0,0,Low,1,0,0.059307043
9028,59,entrepreneur,divorced,secondary,0,no,yes,cellular,jul,10,-1,0,unknown,no,0,0,1,Negative,0,0,0.020944064
9029,57,retired,married,unknown,230,no,no,cellular,apr,2,210,3,failure,yes,1,1,0,Low,1,0,0.064733855
9030,57,technician,married,secondary,3858,no,no,cellular,mar,1,-1,0,unknown,no,0,0,0,Medium,0,0,0.43371552
9031,43,management,married,tertiary,839,no,no,cellular,jul,1,-1,0,unknown,yes,1,0,0,Low,1,0,0.107079946
9032,36,management,married,tertiary,336,no,no,unknown,jun,7,-1,0,unknown,no,0,0,0,Low,0,0,0.052889045
9033,35,blue-collar,married,primary,2730,yes,no,unknown,may,1,-1,0,unknown,no,0,0,1,Medium,0,0,0.04932944
9034,39,blue-collar,married,secondary,971,yes,yes,unknown,jul,3,-1,0,unknown,no,0,0,1,Low,0,0,0.040389955
9035,59,retired,married,primary,2568,no,no,cellular,aug,5,-1,0,unknown,no,0,0,0,Medium,0,0,0.0859438
9036,32,management,single,tertiary,0,no,no,cellular,nov,1,-1,0,unknown,no,0,0,0,Negative,0,0,0.05256743
9037,45,blue-collar,married,secondary,-54,yes,no,unknown,may,2,-1,0,unknown,no,0,0,1,Negative,0,0,0.008857974
9038,26,blue-collar,single,secondary,-333,no,yes,unknown,jul,1,-1,0,unknown,no,0,0,1,Negative,0,0,0.020861318
9039,49,services,married,secondary,884,yes,no,telephone,jul,3,-1,0,unknown,no,0,0,1,Low,0,0,0.076438494
9040,32,entrepreneur,married,tertiary,964,yes,no,cellular,jul,2,-1,0,unknown,no,0,0,1,Low,0,0,0.04336418
9041,20,student,single,primary,0,no,no,cellular,nov,4,182,4,failure,no,0,1,0,Negative,0,0,0.45688283
9042,39,management,married,secondary,363,yes,yes,cellular,feb,1,209,1,failure,no,0,1,1,Low,0,0,0.046559826
